filename,complete,dname_f,alg_f,k_or_tol_f,mtype_f,perm_mode_f,omp_threads_f,run_id,alg,mtype,k,tol,dname,dfile,perm_mode,tensor_shape,time_transform_matrix,time_data_to_pystarm,compression_ratio,time_compress_ttm_total,time_slicewise_svd,time_slicewise_svdvals,time_thresholds,time_slicewise_svdks,time_reconstruct_matmul,time_reconstruct_ttm_total,absolute_err,relative_err,norm_original,norm_reconstructed
cfd_tsvdmi_10_dct_01234_16_run1,False,cfd,tsvdmi,10,dct,01234,16,run1,,,,,,,,,,,,,,,,,,,,,,
cfd_tsvdmi_10_dct_01234_16_run2,False,cfd,tsvdmi,10,dct,01234,16,run2,,,,,,,,,,,,,,,,,,,,,,
cfd_tsvdmi_10_dct_01234_16_run3,False,cfd,tsvdmi,10,dct,01234,16,run3,,,,,,,,,,,,,,,,,,,,,,
cfd_tsvdmi_10_dct_01234_1_run1,False,cfd,tsvdmi,10,dct,01234,1,run1,,,,,,,,,,,,,,,,,,,,,,
cfd_tsvdmi_10_dct_01234_1_run2,False,cfd,tsvdmi,10,dct,01234,1,run2,,,,,,,,,,,,,,,,,,,,,,
cfd_tsvdmi_10_dct_01234_1_run3,False,cfd,tsvdmi,10,dct,01234,1,run3,,,,,,,,,,,,,,,,,,,,,,
cfd_tsvdmi_10_dct_01234_2_run1,False,cfd,tsvdmi,10,dct,01234,2,run1,,,,,,,,,,,,,,,,,,,,,,
cfd_tsvdmi_10_dct_01234_2_run2,False,cfd,tsvdmi,10,dct,01234,2,run2,,,,,,,,,,,,,,,,,,,,,,
cfd_tsvdmi_10_dct_01234_2_run3,False,cfd,tsvdmi,10,dct,01234,2,run3,,,,,,,,,,,,,,,,,,,,,,
cfd_tsvdmi_10_dct_01234_32_run1,True,cfd,tsvdmi,10,dct,01234,32,run1,tsvdmi,dct,10,None,cfd,/lus/flare/projects/DFTCalc2/starM-HPC/starMData/cfd,"(0, 1, 2, 3, 4)","(253, 253, 253, 4, 6)",0.001189264003187418,9.503215551376343e-06,12.625049309664695,0.278454780112952,0.9487360399216413,,,,0.036505989730358124,0.22546562319621444,791.9388172375634,0.1847490980122715,4286.563916999264,4212.773804071406
cfd_tsvdmi_10_dct_01234_32_run2,True,cfd,tsvdmi,10,dct,01234,32,run2,tsvdmi,dct,10,None,cfd,/lus/flare/projects/DFTCalc2/starM-HPC/starMData/cfd,"(0, 1, 2, 3, 4)","(253, 253, 253, 4, 6)",0.0020412239246070385,1.0588672012090683e-05,12.625049309664695,0.27906593307852745,0.9057528697885573,,,,0.036687495186924934,0.22422649478539824,791.9388172375634,0.1847490980122715,4286.563916999264,4212.773804071406
cfd_tsvdmi_10_dct_01234_32_run3,True,cfd,tsvdmi,10,dct,01234,32,run3,tsvdmi,dct,10,None,cfd,/lus/flare/projects/DFTCalc2/starM-HPC/starMData/cfd,"(0, 1, 2, 3, 4)","(253, 253, 253, 4, 6)",0.0016167350113391876,1.0096002370119095e-05,12.625049309664695,0.2757574184797704,0.9066487229429185,,,,0.05180536024272442,0.22624623216688633,791.9388172375634,0.1847490980122715,4286.563916999264,4212.773804071406
cfd_tsvdmi_10_dct_01234_4_run1,False,cfd,tsvdmi,10,dct,01234,4,run1,,,,,,,,,,,,,,,,,,,,,,
cfd_tsvdmi_10_dct_01234_4_run2,False,cfd,tsvdmi,10,dct,01234,4,run2,,,,,,,,,,,,,,,,,,,,,,
cfd_tsvdmi_10_dct_01234_4_run3,False,cfd,tsvdmi,10,dct,01234,4,run3,,,,,,,,,,,,,,,,,,,,,,
cfd_tsvdmi_10_dct_01234_64_run1,True,cfd,tsvdmi,10,dct,01234,64,run1,tsvdmi,dct,10,None,cfd,/lus/flare/projects/DFTCalc2/starM-HPC/starMData/cfd,"(0, 1, 2, 3, 4)","(253, 253, 253, 4, 6)",0.002019125036895275,1.0278075933456421e-05,12.625049309664695,0.2241752059198916,0.5774236260913312,,,,0.02251057093963027,0.16849312093108892,791.9388172375631,0.18474909801227546,4286.56391699917,4212.7738040714075
cfd_tsvdmi_10_dct_01234_64_run2,True,cfd,tsvdmi,10,dct,01234,64,run2,tsvdmi,dct,10,None,cfd,/lus/flare/projects/DFTCalc2/starM-HPC/starMData/cfd,"(0, 1, 2, 3, 4)","(253, 253, 253, 4, 6)",0.0012266100384294987,1.0613817721605301e-05,12.625049309664695,0.22113565262407064,0.5196193321608007,,,,0.09403146104887128,0.16809307038784027,791.9388172375631,0.18474909801227546,4286.56391699917,4212.7738040714075
cfd_tsvdmi_10_dct_01234_64_run3,True,cfd,tsvdmi,10,dct,01234,64,run3,tsvdmi,dct,10,None,cfd,/lus/flare/projects/DFTCalc2/starM-HPC/starMData/cfd,"(0, 1, 2, 3, 4)","(253, 253, 253, 4, 6)",0.0020576920360326767,1.0006129741668701e-05,12.625049309664695,0.22522234311327338,0.5369757795706391,,,,0.02227955823764205,0.16775826644152403,791.9388172375631,0.18474909801227546,4286.56391699917,4212.7738040714075
cfd_tsvdmi_10_dct_01234_8_run1,False,cfd,tsvdmi,10,dct,01234,8,run1,,,,,,,,,,,,,,,,,,,,,,
cfd_tsvdmi_10_dct_01234_8_run2,False,cfd,tsvdmi,10,dct,01234,8,run2,,,,,,,,,,,,,,,,,,,,,,
cfd_tsvdmi_10_dct_01234_8_run3,False,cfd,tsvdmi,10,dct,01234,8,run3,,,,,,,,,,,,,,,,,,,,,,
cfd_tsvdmi_20_dct_01234_16_run1,True,cfd,tsvdmi,20,dct,01234,16,run1,tsvdmi,dct,20,None,cfd,/lus/flare/projects/DFTCalc2/starM-HPC/starMData/cfd,"(0, 1, 2, 3, 4)","(253, 253, 253, 4, 6)",0.0012327630538493395,1.0282034054398537e-05,6.312524654832347,0.5033228549873456,2.465082729002461,,,,0.0811970429494977,0.4503269880078733,423.15233106175646,0.098715973739164,4286.5639169993565,4265.626837785383
cfd_tsvdmi_20_dct_01234_16_run2,True,cfd,tsvdmi,20,dct,01234,16,run2,tsvdmi,dct,20,None,cfd,/lus/flare/projects/DFTCalc2/starM-HPC/starMData/cfd,"(0, 1, 2, 3, 4)","(253, 253, 253, 4, 6)",0.0010999799706041813,1.0359915904700756e-05,6.312524654832347,0.5022823091130704,2.4531839520204812,,,,0.08094411005731672,0.44792037201114,423.15233106175646,0.098715973739164,4286.5639169993565,4265.626837785383
cfd_tsvdmi_20_dct_01234_16_run3,True,cfd,tsvdmi,20,dct,01234,16,run3,tsvdmi,dct,20,None,cfd,/lus/flare/projects/DFTCalc2/starM-HPC/starMData/cfd,"(0, 1, 2, 3, 4)","(253, 253, 253, 4, 6)",0.0011843459215015173,9.64500941336155e-06,6.312524654832347,0.5025355629622936,2.454840660095215,,,,0.08043192699551582,0.44809096900280565,423.15233106175646,0.098715973739164,4286.5639169993565,4265.626837785383
cfd_tsvdmi_20_dct_01234_1_run1,True,cfd,tsvdmi,20,dct,01234,1,run1,tsvdmi,dct,20,None,cfd,/lus/flare/projects/DFTCalc2/starM-HPC/starMData/cfd,"(0, 1, 2, 3, 4)","(253, 253, 253, 4, 6)",0.0020228439243510365,8.892035111784935e-06,6.312524654832347,5.617209247080609,37.607412550016306,,,,1.1668518229853362,5.294959131861106,423.15233106175407,0.09871597373913833,4286.563917000447,4265.626837785405
cfd_tsvdmi_20_dct_01234_1_run2,True,cfd,tsvdmi,20,dct,01234,1,run2,tsvdmi,dct,20,None,cfd,/lus/flare/projects/DFTCalc2/starM-HPC/starMData/cfd,"(0, 1, 2, 3, 4)","(253, 253, 253, 4, 6)",0.002076782053336501,8.097966201603413e-06,6.312524654832347,5.576487139915116,37.58280642097816,,,,1.1694265760015696,5.288669259985909,423.15233106175407,0.09871597373913833,4286.563917000447,4265.626837785405
cfd_tsvdmi_20_dct_01234_1_run3,True,cfd,tsvdmi,20,dct,01234,1,run3,tsvdmi,dct,20,None,cfd,/lus/flare/projects/DFTCalc2/starM-HPC/starMData/cfd,"(0, 1, 2, 3, 4)","(253, 253, 253, 4, 6)",0.0012361140688881278,9.046983905136585e-06,6.312524654832347,5.563823252101429,37.58104830700904,,,,1.1687008540611714,5.292126724962145,423.15233106175407,0.09871597373913833,4286.563917000447,4265.626837785405
cfd_tsvdmi_20_dct_01234_2_run1,True,cfd,tsvdmi,20,dct,01234,2,run1,tsvdmi,dct,20,None,cfd,/lus/flare/projects/DFTCalc2/starM-HPC/starMData/cfd,"(0, 1, 2, 3, 4)","(253, 253, 253, 4, 6)",0.00202271097805351,9.521027095615864e-06,6.312524654832347,2.722477135946974,18.990066275000572,,,,0.6095112239709124,2.667878210893832,423.15233106175396,0.09871597373914855,4286.563917000002,4265.626837785397
cfd_tsvdmi_20_dct_01234_2_run2,True,cfd,tsvdmi,20,dct,01234,2,run2,tsvdmi,dct,20,None,cfd,/lus/flare/projects/DFTCalc2/starM-HPC/starMData/cfd,"(0, 1, 2, 3, 4)","(253, 253, 253, 4, 6)",0.0011028889566659927,9.560026228427887e-06,6.312524654832347,2.7069647880271077,19.473686921061017,,,,0.6144369959365577,2.663429314037785,423.15233106175396,0.09871597373914855,4286.563917000002,4265.626837785397
cfd_tsvdmi_20_dct_01234_2_run3,True,cfd,tsvdmi,20,dct,01234,2,run3,tsvdmi,dct,20,None,cfd,/lus/flare/projects/DFTCalc2/starM-HPC/starMData/cfd,"(0, 1, 2, 3, 4)","(253, 253, 253, 4, 6)",0.002000131062231958,1.2443982996046543e-05,6.312524654832347,2.705659268889576,19.156532617053017,,,,0.6148134110262617,2.6615820069564506,423.15233106175396,0.09871597373914855,4286.563917000002,4265.626837785397
cfd_tsvdmi_20_dct_01234_32_run1,True,cfd,tsvdmi,20,dct,01234,32,run1,tsvdmi,dct,20,None,cfd,/lus/flare/projects/DFTCalc2/starM-HPC/starMData/cfd,"(0, 1, 2, 3, 4)","(253, 253, 253, 4, 6)",0.0020425620023161173,9.23103652894497e-06,6.312524654832347,0.27551185502670705,1.3190832929685712,,,,0.04219689697492868,0.2238225470064208,423.15233106175657,0.09871597373916617,4286.563916999264,4265.626837785379
cfd_tsvdmi_20_dct_01234_32_run2,True,cfd,tsvdmi,20,dct,01234,32,run2,tsvdmi,dct,20,None,cfd,/lus/flare/projects/DFTCalc2/starM-HPC/starMData/cfd,"(0, 1, 2, 3, 4)","(253, 253, 253, 4, 6)",0.0020049649756401777,1.013604924082756e-05,6.312524654832347,0.27482712909113616,1.244213184923865,,,,0.04217751801479608,0.22379173582885414,423.15233106175657,0.09871597373916617,4286.563916999264,4265.626837785379
cfd_tsvdmi_20_dct_01234_32_run3,True,cfd,tsvdmi,20,dct,01234,32,run3,tsvdmi,dct,20,None,cfd,/lus/flare/projects/DFTCalc2/starM-HPC/starMData/cfd,"(0, 1, 2, 3, 4)","(253, 253, 253, 4, 6)",0.0020593770314007998,1.0045012459158897e-05,6.312524654832347,0.27319975290447474,1.3159196289489046,,,,0.04194440389983356,0.22357917693443596,423.15233106175657,0.09871597373916617,4286.563916999264,4265.626837785379
cfd_tsvdmi_20_dct_01234_4_run1,True,cfd,tsvdmi,20,dct,01234,4,run1,tsvdmi,dct,20,None,cfd,/lus/flare/projects/DFTCalc2/starM-HPC/starMData/cfd,"(0, 1, 2, 3, 4)","(253, 253, 253, 4, 6)",0.0019072669092565775,1.1065974831581116e-05,6.312524654832347,1.602391976164654,9.758713762974367,,,,0.30840554693713784,1.4976698260288686,423.1523310617554,0.09871597373915451,4286.563916999758,4265.626837785365
cfd_tsvdmi_20_dct_01234_4_run2,True,cfd,tsvdmi,20,dct,01234,4,run2,tsvdmi,dct,20,None,cfd,/lus/flare/projects/DFTCalc2/starM-HPC/starMData/cfd,"(0, 1, 2, 3, 4)","(253, 253, 253, 4, 6)",0.0020043629920110106,9.901938028633595e-06,6.312524654832347,1.6031648140633479,9.863938095979393,,,,0.3089099699864164,1.4967613458866253,423.1523310617554,0.09871597373915451,4286.563916999758,4265.626837785365
cfd_tsvdmi_20_dct_01234_4_run3,True,cfd,tsvdmi,20,dct,01234,4,run3,tsvdmi,dct,20,None,cfd,/lus/flare/projects/DFTCalc2/starM-HPC/starMData/cfd,"(0, 1, 2, 3, 4)","(253, 253, 253, 4, 6)",0.001087075099349022,9.684008546173573e-06,6.312524654832347,1.6003021559445187,9.761232394026592,,,,0.30861184711102396,1.4959839939838275,423.1523310617554,0.09871597373915451,4286.563916999758,4265.626837785365
cfd_tsvdmi_20_dct_01234_64_run1,True,cfd,tsvdmi,20,dct,01234,64,run1,tsvdmi,dct,20,None,cfd,/lus/flare/projects/DFTCalc2/starM-HPC/starMData/cfd,"(0, 1, 2, 3, 4)","(253, 253, 253, 4, 6)",0.001281734905205667,1.0109972208738327e-05,6.312524654832347,0.2998434391338378,0.9399864519946277,,,,0.03611240303143859,0.2096745758317411,423.15233106175657,0.09871597373916832,4286.56391699917,4265.626837785381
cfd_tsvdmi_20_dct_01234_64_run2,True,cfd,tsvdmi,20,dct,01234,64,run2,tsvdmi,dct,20,None,cfd,/lus/flare/projects/DFTCalc2/starM-HPC/starMData/cfd,"(0, 1, 2, 3, 4)","(253, 253, 253, 4, 6)",0.0011050160974264145,9.612995199859142e-06,6.312524654832347,0.22276633384171873,0.7977469059405848,,,,0.025855062063783407,0.16851686011068523,423.15233106175657,0.09871597373916832,4286.56391699917,4265.626837785381
cfd_tsvdmi_20_dct_01234_64_run3,True,cfd,tsvdmi,20,dct,01234,64,run3,tsvdmi,dct,20,None,cfd,/lus/flare/projects/DFTCalc2/starM-HPC/starMData/cfd,"(0, 1, 2, 3, 4)","(253, 253, 253, 4, 6)",0.0020472229225561023,1.0652001947164536e-05,6.312524654832347,0.22545486083254218,0.7955562210408971,,,,0.11709254398010671,0.1688393949298188,423.15233106175657,0.09871597373916832,4286.56391699917,4265.626837785381
cfd_tsvdmi_20_dct_01234_8_run1,True,cfd,tsvdmi,20,dct,01234,8,run1,tsvdmi,dct,20,None,cfd,/lus/flare/projects/DFTCalc2/starM-HPC/starMData/cfd,"(0, 1, 2, 3, 4)","(253, 253, 253, 4, 6)",0.0010901599889621139,1.0741990990936756e-05,6.312524654832347,0.7768315478460863,4.891334949992597,,,,0.15551713109016418,0.7026826088549569,423.1523310617565,0.09871597373916081,4286.563916999496,4265.626837785379
cfd_tsvdmi_20_dct_01234_8_run2,True,cfd,tsvdmi,20,dct,01234,8,run2,tsvdmi,dct,20,None,cfd,/lus/flare/projects/DFTCalc2/starM-HPC/starMData/cfd,"(0, 1, 2, 3, 4)","(253, 253, 253, 4, 6)",0.0011468080338090658,1.0367017239332199e-05,6.312524654832347,0.7773914139252156,4.892969558946788,,,,0.1558272079564631,0.7026412680279464,423.1523310617565,0.09871597373916081,4286.563916999496,4265.626837785379
cfd_tsvdmi_20_dct_01234_8_run3,True,cfd,tsvdmi,20,dct,01234,8,run3,tsvdmi,dct,20,None,cfd,/lus/flare/projects/DFTCalc2/starM-HPC/starMData/cfd,"(0, 1, 2, 3, 4)","(253, 253, 253, 4, 6)",0.0020129670156165957,1.0219053365290165e-05,6.312524654832347,0.7795300951693207,4.890839580912143,,,,0.15566261601634324,0.7021272279089317,423.1523310617565,0.09871597373916081,4286.563916999496,4265.626837785379
cfd_tsvdmi_40_dct_01234_16_run1,False,cfd,tsvdmi,40,dct,01234,16,run1,,,,,,,,,,,,,,,,,,,,,,
cfd_tsvdmi_40_dct_01234_16_run2,False,cfd,tsvdmi,40,dct,01234,16,run2,,,,,,,,,,,,,,,,,,,,,,
cfd_tsvdmi_40_dct_01234_16_run3,False,cfd,tsvdmi,40,dct,01234,16,run3,,,,,,,,,,,,,,,,,,,,,,
cfd_tsvdmi_40_dct_01234_1_run1,False,cfd,tsvdmi,40,dct,01234,1,run1,,,,,,,,,,,,,,,,,,,,,,
cfd_tsvdmi_40_dct_01234_1_run2,False,cfd,tsvdmi,40,dct,01234,1,run2,,,,,,,,,,,,,,,,,,,,,,
cfd_tsvdmi_40_dct_01234_1_run3,False,cfd,tsvdmi,40,dct,01234,1,run3,,,,,,,,,,,,,,,,,,,,,,
cfd_tsvdmi_40_dct_01234_2_run1,False,cfd,tsvdmi,40,dct,01234,2,run1,,,,,,,,,,,,,,,,,,,,,,
cfd_tsvdmi_40_dct_01234_2_run2,False,cfd,tsvdmi,40,dct,01234,2,run2,,,,,,,,,,,,,,,,,,,,,,
cfd_tsvdmi_40_dct_01234_2_run3,False,cfd,tsvdmi,40,dct,01234,2,run3,,,,,,,,,,,,,,,,,,,,,,
cfd_tsvdmi_40_dct_01234_32_run1,True,cfd,tsvdmi,40,dct,01234,32,run1,tsvdmi,dct,40,None,cfd,/lus/flare/projects/DFTCalc2/starM-HPC/starMData/cfd,"(0, 1, 2, 3, 4)","(253, 253, 253, 4, 6)",0.0020704511553049088,1.0319054126739502e-05,3.1562623274161736,0.27551152231171727,1.9663007268682122,,,,0.0527977691963315,0.22686640126630664,197.83414886661416,0.046152151862721924,4286.563916999264,4281.99624755325
cfd_tsvdmi_40_dct_01234_32_run2,True,cfd,tsvdmi,40,dct,01234,32,run2,tsvdmi,dct,40,None,cfd,/lus/flare/projects/DFTCalc2/starM-HPC/starMData/cfd,"(0, 1, 2, 3, 4)","(253, 253, 253, 4, 6)",0.0020512579940259457,1.2268312275409698e-05,3.1562623274161736,0.27524792356416583,1.955927840899676,,,,0.05278969369828701,0.22558726742863655,197.83414886661416,0.046152151862721924,4286.563916999264,4281.99624755325
cfd_tsvdmi_40_dct_01234_32_run3,True,cfd,tsvdmi,40,dct,01234,32,run3,tsvdmi,dct,40,None,cfd,/lus/flare/projects/DFTCalc2/starM-HPC/starMData/cfd,"(0, 1, 2, 3, 4)","(253, 253, 253, 4, 6)",0.0011199540458619595,1.2150965631008148e-05,3.1562623274161736,0.27804636862128973,1.9078908977098763,,,,0.052555402275174856,0.22516503790393472,197.83414886661416,0.046152151862721924,4286.563916999264,4281.99624755325
cfd_tsvdmi_40_dct_01234_4_run1,False,cfd,tsvdmi,40,dct,01234,4,run1,,,,,,,,,,,,,,,,,,,,,,
cfd_tsvdmi_40_dct_01234_4_run2,False,cfd,tsvdmi,40,dct,01234,4,run2,,,,,,,,,,,,,,,,,,,,,,
cfd_tsvdmi_40_dct_01234_4_run3,False,cfd,tsvdmi,40,dct,01234,4,run3,,,,,,,,,,,,,,,,,,,,,,
cfd_tsvdmi_40_dct_01234_64_run1,True,cfd,tsvdmi,40,dct,01234,64,run1,tsvdmi,dct,40,None,cfd,/lus/flare/projects/DFTCalc2/starM-HPC/starMData/cfd,"(0, 1, 2, 3, 4)","(253, 253, 253, 4, 6)",0.0010917247273027897,1.1173076927661896e-05,3.1562623274161736,0.2257625563070178,1.1260355021804571,,,,0.031994319986552,0.16961361188441515,197.83414886661413,0.04615215186272292,4286.56391699917,4281.99624755325
cfd_tsvdmi_40_dct_01234_64_run2,True,cfd,tsvdmi,40,dct,01234,64,run2,tsvdmi,dct,40,None,cfd,/lus/flare/projects/DFTCalc2/starM-HPC/starMData/cfd,"(0, 1, 2, 3, 4)","(253, 253, 253, 4, 6)",0.001188439317047596,1.0506249964237213e-05,3.1562623274161736,0.227457236032933,1.1696930951438844,,,,0.03227692609652877,0.17051421152427793,197.83414886661413,0.04615215186272292,4286.56391699917,4281.99624755325
cfd_tsvdmi_40_dct_01234_64_run3,True,cfd,tsvdmi,40,dct,01234,64,run3,tsvdmi,dct,40,None,cfd,/lus/flare/projects/DFTCalc2/starM-HPC/starMData/cfd,"(0, 1, 2, 3, 4)","(253, 253, 253, 4, 6)",0.0011303978972136974,1.047598198056221e-05,3.1562623274161736,0.2240489791147411,1.1815794850699604,,,,0.03158990480005741,0.16779646137729287,197.83414886661413,0.04615215186272292,4286.56391699917,4281.99624755325
cfd_tsvdmi_40_dct_01234_8_run1,False,cfd,tsvdmi,40,dct,01234,8,run1,,,,,,,,,,,,,,,,,,,,,,
cfd_tsvdmi_40_dct_01234_8_run2,False,cfd,tsvdmi,40,dct,01234,8,run2,,,,,,,,,,,,,,,,,,,,,,
cfd_tsvdmi_40_dct_01234_8_run3,False,cfd,tsvdmi,40,dct,01234,8,run3,,,,,,,,,,,,,,,,,,,,,,
cfd_tsvdmi_5_dct_01234_16_run1,False,cfd,tsvdmi,5,dct,01234,16,run1,,,,,,,,,,,,,,,,,,,,,,
cfd_tsvdmi_5_dct_01234_16_run2,False,cfd,tsvdmi,5,dct,01234,16,run2,,,,,,,,,,,,,,,,,,,,,,
cfd_tsvdmi_5_dct_01234_16_run3,False,cfd,tsvdmi,5,dct,01234,16,run3,,,,,,,,,,,,,,,,,,,,,,
cfd_tsvdmi_5_dct_01234_1_run1,False,cfd,tsvdmi,5,dct,01234,1,run1,,,,,,,,,,,,,,,,,,,,,,
cfd_tsvdmi_5_dct_01234_1_run2,False,cfd,tsvdmi,5,dct,01234,1,run2,,,,,,,,,,,,,,,,,,,,,,
cfd_tsvdmi_5_dct_01234_1_run3,False,cfd,tsvdmi,5,dct,01234,1,run3,,,,,,,,,,,,,,,,,,,,,,
cfd_tsvdmi_5_dct_01234_2_run1,False,cfd,tsvdmi,5,dct,01234,2,run1,,,,,,,,,,,,,,,,,,,,,,
cfd_tsvdmi_5_dct_01234_2_run2,False,cfd,tsvdmi,5,dct,01234,2,run2,,,,,,,,,,,,,,,,,,,,,,
cfd_tsvdmi_5_dct_01234_2_run3,False,cfd,tsvdmi,5,dct,01234,2,run3,,,,,,,,,,,,,,,,,,,,,,
cfd_tsvdmi_5_dct_01234_32_run1,True,cfd,tsvdmi,5,dct,01234,32,run1,tsvdmi,dct,5,None,cfd,/lus/flare/projects/DFTCalc2/starM-HPC/starMData/cfd,"(0, 1, 2, 3, 4)","(253, 253, 253, 4, 6)",0.0011308691464364529,1.0704156011343002e-05,25.25009861932939,0.27773660188540816,0.7284164857119322,,,,0.033735201228410006,0.22773980675265193,1341.5928727940268,0.3129762902808145,4286.563916999264,4071.210971957383
cfd_tsvdmi_5_dct_01234_32_run2,True,cfd,tsvdmi,5,dct,01234,32,run2,tsvdmi,dct,5,None,cfd,/lus/flare/projects/DFTCalc2/starM-HPC/starMData/cfd,"(0, 1, 2, 3, 4)","(253, 253, 253, 4, 6)",0.0020501529797911644,1.0303221642971039e-05,25.25009861932939,0.27700536604970694,0.7276695962063968,,,,0.03382401308044791,0.22562230983749032,1341.5928727940268,0.3129762902808145,4286.563916999264,4071.210971957383
cfd_tsvdmi_5_dct_01234_32_run3,True,cfd,tsvdmi,5,dct,01234,32,run3,tsvdmi,dct,5,None,cfd,/lus/flare/projects/DFTCalc2/starM-HPC/starMData/cfd,"(0, 1, 2, 3, 4)","(253, 253, 253, 4, 6)",0.00108047341927886,1.0577961802482605e-05,25.25009861932939,0.27569517539814115,0.7294557192362845,,,,0.05178967909887433,0.2259526434354484,1341.5928727940268,0.3129762902808145,4286.563916999264,4071.210971957383
cfd_tsvdmi_5_dct_01234_4_run1,False,cfd,tsvdmi,5,dct,01234,4,run1,,,,,,,,,,,,,,,,,,,,,,
cfd_tsvdmi_5_dct_01234_4_run2,False,cfd,tsvdmi,5,dct,01234,4,run2,,,,,,,,,,,,,,,,,,,,,,
cfd_tsvdmi_5_dct_01234_4_run3,False,cfd,tsvdmi,5,dct,01234,4,run3,,,,,,,,,,,,,,,,,,,,,,
cfd_tsvdmi_5_dct_01234_64_run1,True,cfd,tsvdmi,5,dct,01234,64,run1,tsvdmi,dct,5,None,cfd,/lus/flare/projects/DFTCalc2/starM-HPC/starMData/cfd,"(0, 1, 2, 3, 4)","(253, 253, 253, 4, 6)",0.0016943709924817085,1.0077841579914093e-05,25.25009861932939,0.22920770896598697,0.5975733371451497,,,,0.029181754682213068,0.21095060044899583,1341.592872794027,0.3129762902808214,4286.56391699917,4071.2109719573823
cfd_tsvdmi_5_dct_01234_64_run2,True,cfd,tsvdmi,5,dct,01234,64,run2,tsvdmi,dct,5,None,cfd,/lus/flare/projects/DFTCalc2/starM-HPC/starMData/cfd,"(0, 1, 2, 3, 4)","(253, 253, 253, 4, 6)",0.0021289889700710773,1.0706018656492233e-05,25.25009861932939,0.224872428458184,0.42926881508901715,,,,0.0897794277407229,0.1706389607861638,1341.592872794027,0.3129762902808214,4286.56391699917,4071.2109719573823
cfd_tsvdmi_5_dct_01234_64_run3,True,cfd,tsvdmi,5,dct,01234,64,run3,tsvdmi,dct,5,None,cfd,/lus/flare/projects/DFTCalc2/starM-HPC/starMData/cfd,"(0, 1, 2, 3, 4)","(253, 253, 253, 4, 6)",0.0011199628934264183,1.1919066309928894e-05,25.25009861932939,0.22198941186070442,0.4289645408280194,,,,0.020593234803527594,0.17120200861245394,1341.592872794027,0.3129762902808214,4286.56391699917,4071.2109719573823
cfd_tsvdmi_5_dct_01234_8_run1,False,cfd,tsvdmi,5,dct,01234,8,run1,,,,,,,,,,,,,,,,,,,,,,
cfd_tsvdmi_5_dct_01234_8_run2,False,cfd,tsvdmi,5,dct,01234,8,run2,,,,,,,,,,,,,,,,,,,,,,
cfd_tsvdmi_5_dct_01234_8_run3,False,cfd,tsvdmi,5,dct,01234,8,run3,,,,,,,,,,,,,,,,,,,,,,
cfd_tsvdmi_80_dct_01234_16_run1,True,cfd,tsvdmi,80,dct,01234,16,run1,tsvdmi,dct,80,None,cfd,/lus/flare/projects/DFTCalc2/starM-HPC/starMData/cfd,"(0, 1, 2, 3, 4)","(253, 253, 253, 4, 6)",0.001973898004507646,8.590985089540482e-06,1.5781311637080868,0.5084859009657521,6.349947031994816,,,,0.1370192850008607,0.45087151395273395,72.76510640681455,0.016975159548711677,4286.5639169993565,4285.946272855909
cfd_tsvdmi_80_dct_01234_16_run2,True,cfd,tsvdmi,80,dct,01234,16,run2,tsvdmi,dct,80,None,cfd,/lus/flare/projects/DFTCalc2/starM-HPC/starMData/cfd,"(0, 1, 2, 3, 4)","(253, 253, 253, 4, 6)",0.0019491300045046955,8.842995157465339e-06,1.5781311637080868,0.5074522240029182,6.354144927987363,,,,0.13699220801936463,0.44872866198420525,72.76510640681455,0.016975159548711677,4286.5639169993565,4285.946272855909
cfd_tsvdmi_80_dct_01234_16_run3,True,cfd,tsvdmi,80,dct,01234,16,run3,tsvdmi,dct,80,None,cfd,/lus/flare/projects/DFTCalc2/starM-HPC/starMData/cfd,"(0, 1, 2, 3, 4)","(253, 253, 253, 4, 6)",0.00118814199231565,8.628994692116976e-06,1.5781311637080868,0.5029693239775952,6.338949875003891,,,,0.13669170698267408,0.44847474101698026,72.76510640681455,0.016975159548711677,4286.5639169993565,4285.946272855909
cfd_tsvdmi_80_dct_01234_1_run1,True,cfd,tsvdmi,80,dct,01234,1,run1,tsvdmi,dct,80,None,cfd,/lus/flare/projects/DFTCalc2/starM-HPC/starMData/cfd,"(0, 1, 2, 3, 4)","(253, 253, 253, 4, 6)",0.001111288001993671,1.0485993698239326e-05,1.5781311637080868,5.592562505000387,99.15481917199213,,,,2.071407570998417,5.269467116013402,72.76510640681333,0.016975159548707073,4286.563917000447,4285.94627285594
cfd_tsvdmi_80_dct_01234_1_run2,True,cfd,tsvdmi,80,dct,01234,1,run2,tsvdmi,dct,80,None,cfd,/lus/flare/projects/DFTCalc2/starM-HPC/starMData/cfd,"(0, 1, 2, 3, 4)","(253, 253, 253, 4, 6)",0.0011148630001116544,9.556999430060387e-06,1.5781311637080868,5.57110449099855,98.91012597399822,,,,2.060281145008048,5.275478647992713,72.76510640681333,0.016975159548707073,4286.563917000447,4285.94627285594
cfd_tsvdmi_80_dct_01234_1_run3,True,cfd,tsvdmi,80,dct,01234,1,run3,tsvdmi,dct,80,None,cfd,/lus/flare/projects/DFTCalc2/starM-HPC/starMData/cfd,"(0, 1, 2, 3, 4)","(253, 253, 253, 4, 6)",0.0020791019924217835,1.0175994248129427e-05,1.5781311637080868,5.58676882799773,99.14106442499906,,,,2.06853641399357,5.273203693970572,72.76510640681333,0.016975159548707073,4286.563917000447,4285.94627285594
cfd_tsvdmi_80_dct_01234_2_run1,True,cfd,tsvdmi,80,dct,01234,2,run1,tsvdmi,dct,80,None,cfd,/lus/flare/projects/DFTCalc2/starM-HPC/starMData/cfd,"(0, 1, 2, 3, 4)","(253, 253, 253, 4, 6)",0.0019856439903378487,1.0225005098618567e-05,1.5781311637080868,2.824052351003047,49.77364811000007,,,,1.0545100960007403,2.659752631006995,72.76510640681481,0.01697515954870918,4286.563917000002,4285.946272855936
cfd_tsvdmi_80_dct_01234_2_run2,True,cfd,tsvdmi,80,dct,01234,2,run2,tsvdmi,dct,80,None,cfd,/lus/flare/projects/DFTCalc2/starM-HPC/starMData/cfd,"(0, 1, 2, 3, 4)","(253, 253, 253, 4, 6)",0.002088323002681136,9.941999451257288e-06,1.5781311637080868,2.8252908699796535,49.74522287400032,,,,1.051876961995731,2.665729870001087,72.76510640681481,0.01697515954870918,4286.563917000002,4285.946272855936
cfd_tsvdmi_80_dct_01234_2_run3,True,cfd,tsvdmi,80,dct,01234,2,run3,tsvdmi,dct,80,None,cfd,/lus/flare/projects/DFTCalc2/starM-HPC/starMData/cfd,"(0, 1, 2, 3, 4)","(253, 253, 253, 4, 6)",0.002027335998718627,9.032999514602125e-06,1.5781311637080868,2.8388349500019103,49.74961889699625,,,,1.049472908009193,2.6547239960054867,72.76510640681481,0.01697515954870918,4286.563917000002,4285.946272855936
cfd_tsvdmi_80_dct_01234_32_run1,True,cfd,tsvdmi,80,dct,01234,32,run1,tsvdmi,dct,80,None,cfd,/lus/flare/projects/DFTCalc2/starM-HPC/starMData/cfd,"(0, 1, 2, 3, 4)","(253, 253, 253, 4, 6)",0.002067290246486664,1.0455958545207977e-05,1.5781311637080868,0.2759424657560885,3.2124611609615386,,,,0.07263047294691205,0.22558524319902062,72.7651064068146,0.016975159548712055,4286.563916999264,4285.946272855913
cfd_tsvdmi_80_dct_01234_32_run2,True,cfd,tsvdmi,80,dct,01234,32,run2,tsvdmi,dct,80,None,cfd,/lus/flare/projects/DFTCalc2/starM-HPC/starMData/cfd,"(0, 1, 2, 3, 4)","(253, 253, 253, 4, 6)",0.002044741064310074,1.0943971574306488e-05,1.5781311637080868,0.2768769063986838,3.2351511754095554,,,,0.07254454214125872,0.2250363677740097,72.7651064068146,0.016975159548712055,4286.563916999264,4285.946272855913
cfd_tsvdmi_80_dct_01234_32_run3,True,cfd,tsvdmi,80,dct,01234,32,run3,tsvdmi,dct,80,None,cfd,/lus/flare/projects/DFTCalc2/starM-HPC/starMData/cfd,"(0, 1, 2, 3, 4)","(253, 253, 253, 4, 6)",0.0020716339349746704,1.2107659131288528e-05,1.5781311637080868,0.2752089584246278,3.1924500330351293,,,,0.07278641499578953,0.22628304967656732,72.7651064068146,0.016975159548712055,4286.563916999264,4285.946272855913
cfd_tsvdmi_80_dct_01234_4_run1,True,cfd,tsvdmi,80,dct,01234,4,run1,tsvdmi,dct,80,None,cfd,/lus/flare/projects/DFTCalc2/starM-HPC/starMData/cfd,"(0, 1, 2, 3, 4)","(253, 253, 253, 4, 6)",0.0011135809763800353,9.648007107898593e-06,1.5781311637080868,1.6039318930124864,25.275584029994207,,,,0.5269504169991706,1.5031531020067632,72.76510640681478,0.01697515954871014,4286.563916999758,4285.946272855897
cfd_tsvdmi_80_dct_01234_4_run2,True,cfd,tsvdmi,80,dct,01234,4,run2,tsvdmi,dct,80,None,cfd,/lus/flare/projects/DFTCalc2/starM-HPC/starMData/cfd,"(0, 1, 2, 3, 4)","(253, 253, 253, 4, 6)",0.0020214180112816393,9.08400397747755e-06,1.5781311637080868,1.6030238209932577,25.19505727797514,,,,0.5293402280076407,1.5012983880005777,72.76510640681478,0.01697515954871014,4286.563916999758,4285.946272855897
cfd_tsvdmi_80_dct_01234_4_run3,True,cfd,tsvdmi,80,dct,01234,4,run3,tsvdmi,dct,80,None,cfd,/lus/flare/projects/DFTCalc2/starM-HPC/starMData/cfd,"(0, 1, 2, 3, 4)","(253, 253, 253, 4, 6)",0.0019834539853036404,9.065988706424832e-06,1.5781311637080868,1.6025667970243376,25.007636605005246,,,,0.5292819689784665,1.4993603210023139,72.76510640681478,0.01697515954871014,4286.563916999758,4285.946272855897
cfd_tsvdmi_80_dct_01234_64_run1,True,cfd,tsvdmi,80,dct,01234,64,run1,tsvdmi,dct,80,None,cfd,/lus/flare/projects/DFTCalc2/starM-HPC/starMData/cfd,"(0, 1, 2, 3, 4)","(253, 253, 253, 4, 6)",0.002016420941799879,8.579809218645096e-06,1.5781311637080868,0.22749639628455043,1.9639285551384091,,,,0.046083526220172644,0.16982372011989355,72.76510640681465,0.016975159548712437,4286.56391699917,4285.946272855914
cfd_tsvdmi_80_dct_01234_64_run2,True,cfd,tsvdmi,80,dct,01234,64,run2,tsvdmi,dct,80,None,cfd,/lus/flare/projects/DFTCalc2/starM-HPC/starMData/cfd,"(0, 1, 2, 3, 4)","(253, 253, 253, 4, 6)",0.0011916509829461575,1.3072974979877472e-05,1.5781311637080868,0.2265236941166222,1.91206080513075,,,,0.04603514075279236,0.16901308996602893,72.76510640681465,0.016975159548712437,4286.56391699917,4285.946272855914
cfd_tsvdmi_80_dct_01234_64_run3,True,cfd,tsvdmi,80,dct,01234,64,run3,tsvdmi,dct,80,None,cfd,/lus/flare/projects/DFTCalc2/starM-HPC/starMData/cfd,"(0, 1, 2, 3, 4)","(253, 253, 253, 4, 6)",0.002093489281833172,1.0156072676181793e-05,1.5781311637080868,0.22356350859627128,2.0175373726524413,,,,0.045576858799904585,0.16807877412065864,72.76510640681465,0.016975159548712437,4286.56391699917,4285.946272855914
cfd_tsvdmi_80_dct_01234_8_run1,True,cfd,tsvdmi,80,dct,01234,8,run1,tsvdmi,dct,80,None,cfd,/lus/flare/projects/DFTCalc2/starM-HPC/starMData/cfd,"(0, 1, 2, 3, 4)","(253, 253, 253, 4, 6)",0.0010923249938059598,9.356008376926184e-06,1.5781311637080868,0.7775345949921757,12.653163598006358,,,,0.2676697369897738,0.7002258780412376,72.76510640681444,0.016975159548711097,4286.563916999496,4285.946272855905
cfd_tsvdmi_80_dct_01234_8_run2,True,cfd,tsvdmi,80,dct,01234,8,run2,tsvdmi,dct,80,None,cfd,/lus/flare/projects/DFTCalc2/starM-HPC/starMData/cfd,"(0, 1, 2, 3, 4)","(253, 253, 253, 4, 6)",0.0012067170173395425,1.0226998711004853e-05,1.5781311637080868,0.7727274329809006,12.656486371008214,,,,0.26657244499074295,0.7025682220119052,72.76510640681444,0.016975159548711097,4286.563916999496,4285.946272855905
cfd_tsvdmi_80_dct_01234_8_run3,True,cfd,tsvdmi,80,dct,01234,8,run3,tsvdmi,dct,80,None,cfd,/lus/flare/projects/DFTCalc2/starM-HPC/starMData/cfd,"(0, 1, 2, 3, 4)","(253, 253, 253, 4, 6)",0.0010924249945674092,1.0257004760205746e-05,1.5781311637080868,0.7770876970025711,12.651507356989896,,,,0.2676045529951807,0.7011673039814923,72.76510640681444,0.016975159548711097,4286.563916999496,4285.946272855905
cfd_tsvdmii_0.0001_dct_01234_16_run1,True,cfd,tsvdmii,0.0001,dct,01234,16,run1,tsvdmii,dct,None,0.0001,cfd,/lus/flare/projects/DFTCalc2/starM-HPC/starMData/cfd,"(0, 1, 2, 3, 4)","(253, 253, 253, 4, 6)",0.0019704090082086623,8.859002264216542e-06,0.7093131222117524,0.5050106530252378,,1.12711432800279,0.1266260509728454,13.46586901700357,1.9875387889915146,0.45173821100615896,0.42863385021279393,9.999474136217768e-05,4286.5639169993565,4286.563895568435
cfd_tsvdmii_0.0001_dct_01234_16_run2,True,cfd,tsvdmii,0.0001,dct,01234,16,run2,tsvdmii,dct,None,0.0001,cfd,/lus/flare/projects/DFTCalc2/starM-HPC/starMData/cfd,"(0, 1, 2, 3, 4)","(253, 253, 253, 4, 6)",0.0010629190073814243,9.270996088162065e-06,0.7093131222117524,0.5044870119600091,,1.1281107800023165,0.12689209502423182,13.408686280017719,1.9535497199976817,0.4528838510159403,0.42863385021279393,9.999474136217768e-05,4286.5639169993565,4286.563895568435
cfd_tsvdmii_0.0001_dct_01234_16_run3,True,cfd,tsvdmii,0.0001,dct,01234,16,run3,tsvdmii,dct,None,0.0001,cfd,/lus/flare/projects/DFTCalc2/starM-HPC/starMData/cfd,"(0, 1, 2, 3, 4)","(253, 253, 253, 4, 6)",0.0020246380008757114,1.0224990546703339e-05,0.7093131222117524,0.5046519739553332,,1.1277137930155732,0.12592070901882835,13.385005830001319,2.0116338259831537,0.452765609981725,0.42863385021279393,9.999474136217768e-05,4286.5639169993565,4286.563895568435
cfd_tsvdmii_0.0001_dct_01234_1_run1,True,cfd,tsvdmii,0.0001,dct,01234,1,run1,tsvdmii,dct,None,0.0001,cfd,/lus/flare/projects/DFTCalc2/starM-HPC/starMData/cfd,"(0, 1, 2, 3, 4)","(253, 253, 253, 4, 6)",0.002004134003072977,9.62299236562103e-06,0.7093131222117524,5.545430689002387,,16.7068188090052,0.12165408099826891,209.13273090800794,3.43487865300267,5.265769006990013,0.42863385021279055,9.999474136215146e-05,4286.563917000447,4286.563895568027
cfd_tsvdmii_0.0001_dct_01234_1_run2,True,cfd,tsvdmii,0.0001,dct,01234,1,run2,tsvdmii,dct,None,0.0001,cfd,/lus/flare/projects/DFTCalc2/starM-HPC/starMData/cfd,"(0, 1, 2, 3, 4)","(253, 253, 253, 4, 6)",0.0020749789982801303,1.0010000551119447e-05,0.7093131222117524,5.586053074992378,,17.483062493993202,0.12218737100192811,209.09449492100975,3.4361435570026515,5.270428793010069,0.42863385021279055,9.999474136215146e-05,4286.563917000447,4286.563895568027
cfd_tsvdmii_0.0001_dct_01234_1_run3,True,cfd,tsvdmii,0.0001,dct,01234,1,run3,tsvdmii,dct,None,0.0001,cfd,/lus/flare/projects/DFTCalc2/starM-HPC/starMData/cfd,"(0, 1, 2, 3, 4)","(253, 253, 253, 4, 6)",0.0020935179927619174,8.981995051726699e-06,0.7093131222117524,5.599855395004852,,17.58044081099797,0.12530662599601783,209.1038176209986,3.4378202090010745,5.268464320004568,0.42863385021279055,9.999474136215146e-05,4286.563917000447,4286.563895568027
cfd_tsvdmii_0.0001_dct_01234_2_run1,True,cfd,tsvdmii,0.0001,dct,01234,2,run1,tsvdmii,dct,None,0.0001,cfd,/lus/flare/projects/DFTCalc2/starM-HPC/starMData/cfd,"(0, 1, 2, 3, 4)","(253, 253, 253, 4, 6)",0.0020149100018898025,9.686002158559859e-06,0.7093131222117524,2.8341830520075746,,8.46885226998711,0.123972582994611,104.89311517200258,2.6021030150004663,2.6624480309983483,0.4286338502127918,9.999474136216212e-05,4286.563917000002,4286.5638955683
cfd_tsvdmii_0.0001_dct_01234_2_run2,True,cfd,tsvdmii,0.0001,dct,01234,2,run2,tsvdmii,dct,None,0.0001,cfd,/lus/flare/projects/DFTCalc2/starM-HPC/starMData/cfd,"(0, 1, 2, 3, 4)","(253, 253, 253, 4, 6)",0.0020228390058036894,1.0150004527531564e-05,0.7093131222117524,2.8331520299834665,,8.885514103007154,0.12522661600087304,104.84977364400402,2.6118034359969897,2.657522313995287,0.4286338502127918,9.999474136216212e-05,4286.563917000002,4286.5638955683
cfd_tsvdmii_0.0001_dct_01234_2_run3,True,cfd,tsvdmii,0.0001,dct,01234,2,run3,tsvdmii,dct,None,0.0001,cfd,/lus/flare/projects/DFTCalc2/starM-HPC/starMData/cfd,"(0, 1, 2, 3, 4)","(253, 253, 253, 4, 6)",0.001996517996303737,1.0243995347991586e-05,0.7093131222117524,2.8301477809873177,,8.891328568992321,0.12494732500636019,104.91217129500001,2.60885810200125,2.65462784000556,0.4286338502127918,9.999474136216212e-05,4286.563917000002,4286.5638955683
cfd_tsvdmii_0.0001_dct_01234_32_run1,True,cfd,tsvdmii,0.0001,dct,01234,32,run1,tsvdmii,dct,None,0.0001,cfd,/lus/flare/projects/DFTCalc2/starM-HPC/starMData/cfd,"(0, 1, 2, 3, 4)","(253, 253, 253, 4, 6)",0.0011624321341514587,1.1327210813760757e-05,0.7093131222117524,0.277255283202976,,0.5687159989029169,0.1253915806300938,6.966966769192368,2.003164191264659,0.22829286428168416,0.42863385021279415,9.99947413621799e-05,4286.563916999264,4286.5638955684435
cfd_tsvdmii_0.0001_dct_01234_32_run2,True,cfd,tsvdmii,0.0001,dct,01234,32,run2,tsvdmii,dct,None,0.0001,cfd,/lus/flare/projects/DFTCalc2/starM-HPC/starMData/cfd,"(0, 1, 2, 3, 4)","(253, 253, 253, 4, 6)",0.0018951860256493092,1.0985881090164185e-05,0.7093131222117524,0.2771205874159932,,0.5688199498690665,0.1279840050265193,7.035599319729954,2.056188573129475,0.2265995154157281,0.42863385021279415,9.99947413621799e-05,4286.563916999264,4286.5638955684435
cfd_tsvdmii_0.0001_dct_01234_32_run3,True,cfd,tsvdmii,0.0001,dct,01234,32,run3,tsvdmii,dct,None,0.0001,cfd,/lus/flare/projects/DFTCalc2/starM-HPC/starMData/cfd,"(0, 1, 2, 3, 4)","(253, 253, 253, 4, 6)",0.002090278547257185,9.64803621172905e-06,0.7093131222117524,0.2759415372274816,,0.5685157920233905,0.12833996722474694,6.926388607360423,2.0157715771347284,0.23142517916858196,0.42863385021279415,9.99947413621799e-05,4286.563916999264,4286.5638955684435
cfd_tsvdmii_0.0001_dct_01234_4_run1,True,cfd,tsvdmii,0.0001,dct,01234,4,run1,tsvdmii,dct,None,0.0001,cfd,/lus/flare/projects/DFTCalc2/starM-HPC/starMData/cfd,"(0, 1, 2, 3, 4)","(253, 253, 253, 4, 6)",0.0011316319869365543,8.874019840732217e-06,0.7093131222117524,1.6035925689793658,,4.45296069001779,0.1276624590100255,52.61940732799121,2.2810215780045837,1.5275034520309418,0.42863385021279415,9.999474136216838e-05,4286.563916999758,4286.563895568393
cfd_tsvdmii_0.0001_dct_01234_4_run2,True,cfd,tsvdmii,0.0001,dct,01234,4,run2,tsvdmii,dct,None,0.0001,cfd,/lus/flare/projects/DFTCalc2/starM-HPC/starMData/cfd,"(0, 1, 2, 3, 4)","(253, 253, 253, 4, 6)",0.001962787995580584,8.671981049701571e-06,0.7093131222117524,1.605031543993391,,4.45143588798237,0.1270374890009407,52.6090398929955,2.283313926018309,1.5287790780130308,0.42863385021279415,9.999474136216838e-05,4286.563916999758,4286.563895568393
cfd_tsvdmii_0.0001_dct_01234_4_run3,True,cfd,tsvdmii,0.0001,dct,01234,4,run3,tsvdmii,dct,None,0.0001,cfd,/lus/flare/projects/DFTCalc2/starM-HPC/starMData/cfd,"(0, 1, 2, 3, 4)","(253, 253, 253, 4, 6)",0.001979538006708026,8.677976438775659e-06,0.7093131222117524,1.6039682930568233,,4.4797662399942055,0.12659028501366265,52.60164460999658,2.2809649370028637,1.526499672967475,0.42863385021279415,9.999474136216838e-05,4286.563916999758,4286.563895568393
cfd_tsvdmii_0.0001_dct_01234_64_run1,True,cfd,tsvdmii,0.0001,dct,01234,64,run1,tsvdmii,dct,None,0.0001,cfd,/lus/flare/projects/DFTCalc2/starM-HPC/starMData/cfd,"(0, 1, 2, 3, 4)","(253, 253, 253, 4, 6)",0.0011036880314350128,9.896233677864075e-06,0.7093131222117524,0.2253304123878479,,0.33120211074128747,0.12784855719655752,4.334920078050345,2.3882307675667107,0.17059818422421813,0.4286338502127941,9.999474136218207e-05,4286.56391699917,4286.5638955684435
cfd_tsvdmii_0.0001_dct_01234_64_run2,True,cfd,tsvdmii,0.0001,dct,01234,64,run2,tsvdmii,dct,None,0.0001,cfd,/lus/flare/projects/DFTCalc2/starM-HPC/starMData/cfd,"(0, 1, 2, 3, 4)","(253, 253, 253, 4, 6)",0.002033563796430826,9.977724403142929e-06,0.7093131222117524,0.2231832784600556,,0.3303716410882771,0.12824976118281484,4.335335860028863,2.304237303789705,0.2774487598799169,0.4286338502127941,9.999474136218207e-05,4286.56391699917,4286.5638955684435
cfd_tsvdmii_0.0001_dct_01234_64_run3,True,cfd,tsvdmii,0.0001,dct,01234,64,run3,tsvdmii,dct,None,0.0001,cfd,/lus/flare/projects/DFTCalc2/starM-HPC/starMData/cfd,"(0, 1, 2, 3, 4)","(253, 253, 253, 4, 6)",0.0019780080765485764,1.330627128481865e-05,0.7093131222117524,0.2214716011658311,,0.3287181919440627,0.12612335570156574,4.338489441201091,2.3920261999592185,0.2271889871917665,0.4286338502127941,9.999474136218207e-05,4286.56391699917,4286.5638955684435
cfd_tsvdmii_0.0001_dct_01234_8_run1,True,cfd,tsvdmii,0.0001,dct,01234,8,run1,tsvdmii,dct,None,0.0001,cfd,/lus/flare/projects/DFTCalc2/starM-HPC/starMData/cfd,"(0, 1, 2, 3, 4)","(253, 253, 253, 4, 6)",0.00117566401604563,9.5510040409863e-06,0.7093131222117524,0.778709654987324,,2.236998644977575,0.12615673398249783,26.49114781501703,2.038832538994029,0.7208821730164345,0.42863385021279427,9.999474136217451e-05,4286.563916999496,4286.563895568425
cfd_tsvdmii_0.0001_dct_01234_8_run2,True,cfd,tsvdmii,0.0001,dct,01234,8,run2,tsvdmii,dct,None,0.0001,cfd,/lus/flare/projects/DFTCalc2/starM-HPC/starMData/cfd,"(0, 1, 2, 3, 4)","(253, 253, 253, 4, 6)",0.001030279992846772,7.808004738762975e-06,0.7093131222117524,0.7778633050038479,,2.2383230310224462,0.12711753798066638,26.576128562999656,2.029631960991537,0.720524194999598,0.42863385021279427,9.999474136217451e-05,4286.563916999496,4286.563895568425
cfd_tsvdmii_0.0001_dct_01234_8_run3,True,cfd,tsvdmii,0.0001,dct,01234,8,run3,tsvdmii,dct,None,0.0001,cfd,/lus/flare/projects/DFTCalc2/starM-HPC/starMData/cfd,"(0, 1, 2, 3, 4)","(253, 253, 253, 4, 6)",0.0020547049934975803,1.0121002560481429e-05,0.7093131222117524,0.7765392939909361,,2.237443224992603,0.1267147189937532,26.46243202200276,2.035934946005,0.7195737549918704,0.42863385021279427,9.999474136217451e-05,4286.563916999496,4286.563895568425
cfd_tsvdmii_0.001_dct_01234_16_run1,False,cfd,tsvdmii,0.001,dct,01234,16,run1,,,,,,,,,,,,,,,,,,,,,,
cfd_tsvdmii_0.001_dct_01234_16_run2,False,cfd,tsvdmii,0.001,dct,01234,16,run2,,,,,,,,,,,,,,,,,,,,,,
cfd_tsvdmii_0.001_dct_01234_16_run3,False,cfd,tsvdmii,0.001,dct,01234,16,run3,,,,,,,,,,,,,,,,,,,,,,
cfd_tsvdmii_0.001_dct_01234_1_run1,False,cfd,tsvdmii,0.001,dct,01234,1,run1,,,,,,,,,,,,,,,,,,,,,,
cfd_tsvdmii_0.001_dct_01234_1_run2,False,cfd,tsvdmii,0.001,dct,01234,1,run2,,,,,,,,,,,,,,,,,,,,,,
cfd_tsvdmii_0.001_dct_01234_1_run3,False,cfd,tsvdmii,0.001,dct,01234,1,run3,,,,,,,,,,,,,,,,,,,,,,
cfd_tsvdmii_0.001_dct_01234_2_run1,False,cfd,tsvdmii,0.001,dct,01234,2,run1,,,,,,,,,,,,,,,,,,,,,,
cfd_tsvdmii_0.001_dct_01234_2_run2,False,cfd,tsvdmii,0.001,dct,01234,2,run2,,,,,,,,,,,,,,,,,,,,,,
cfd_tsvdmii_0.001_dct_01234_2_run3,False,cfd,tsvdmii,0.001,dct,01234,2,run3,,,,,,,,,,,,,,,,,,,,,,
cfd_tsvdmii_0.001_dct_01234_32_run1,True,cfd,tsvdmii,0.001,dct,01234,32,run1,tsvdmii,dct,None,0.001,cfd,/lus/flare/projects/DFTCalc2/starM-HPC/starMData/cfd,"(0, 1, 2, 3, 4)","(253, 253, 253, 4, 6)",0.0016307998448610306,9.671784937381744e-06,0.8340392457705689,0.2738399049267173,,0.5681203133426607,0.12601242028176785,6.101857043802738,1.8350382191129029,0.2270440380088985,4.286494794563432,0.0009999838746284507,4286.563916999264,4286.561773785636
cfd_tsvdmii_0.001_dct_01234_32_run2,True,cfd,tsvdmii,0.001,dct,01234,32,run2,tsvdmii,dct,None,0.001,cfd,/lus/flare/projects/DFTCalc2/starM-HPC/starMData/cfd,"(0, 1, 2, 3, 4)","(253, 253, 253, 4, 6)",0.0020428169518709183,1.0060146450996399e-05,0.8340392457705689,0.2784842955879867,,0.5677297622896731,0.12818914372473955,6.03456291789189,1.8835247582755983,0.2713227984495461,4.286494794563432,0.0009999838746284507,4286.563916999264,4286.561773785636
cfd_tsvdmii_0.001_dct_01234_32_run3,True,cfd,tsvdmii,0.001,dct,01234,32,run3,tsvdmii,dct,None,0.001,cfd,/lus/flare/projects/DFTCalc2/starM-HPC/starMData/cfd,"(0, 1, 2, 3, 4)","(253, 253, 253, 4, 6)",0.0011501489207148552,1.0649673640727997e-05,0.8340392457705689,0.2792171654291451,,0.5682730879634619,0.12681087898090482,6.063681046012789,1.8816336197778583,0.2269949926994741,4.286494794563432,0.0009999838746284507,4286.563916999264,4286.561773785636
cfd_tsvdmii_0.001_dct_01234_4_run1,False,cfd,tsvdmii,0.001,dct,01234,4,run1,,,,,,,,,,,,,,,,,,,,,,
cfd_tsvdmii_0.001_dct_01234_4_run2,False,cfd,tsvdmii,0.001,dct,01234,4,run2,,,,,,,,,,,,,,,,,,,,,,
cfd_tsvdmii_0.001_dct_01234_4_run3,False,cfd,tsvdmii,0.001,dct,01234,4,run3,,,,,,,,,,,,,,,,,,,,,,
cfd_tsvdmii_0.001_dct_01234_64_run1,True,cfd,tsvdmii,0.001,dct,01234,64,run1,tsvdmii,dct,None,0.001,cfd,/lus/flare/projects/DFTCalc2/starM-HPC/starMData/cfd,"(0, 1, 2, 3, 4)","(253, 253, 253, 4, 6)",0.002008464653044939,1.0171905159950256e-05,0.8340392457705689,0.22159890877082944,,0.3303422359749675,0.12727388506755233,3.721192645840347,2.2921971967443824,0.19147465098649263,4.286494794563432,0.0009999838746284726,4286.56391699917,4286.561773785637
cfd_tsvdmii_0.001_dct_01234_64_run2,True,cfd,tsvdmii,0.001,dct,01234,64,run2,tsvdmii,dct,None,0.001,cfd,/lus/flare/projects/DFTCalc2/starM-HPC/starMData/cfd,"(0, 1, 2, 3, 4)","(253, 253, 253, 4, 6)",0.0012573609128594398,1.0765623301267624e-05,0.8340392457705689,0.22363956971094012,,0.32905889116227627,0.12917872704565525,3.7176193986088037,2.224333706777543,0.17052478808909655,4.286494794563432,0.0009999838746284726,4286.56391699917,4286.561773785637
cfd_tsvdmii_0.001_dct_01234_64_run3,True,cfd,tsvdmii,0.001,dct,01234,64,run3,tsvdmii,dct,None,0.001,cfd,/lus/flare/projects/DFTCalc2/starM-HPC/starMData/cfd,"(0, 1, 2, 3, 4)","(253, 253, 253, 4, 6)",0.0012050773948431015,1.0582152754068375e-05,0.8340392457705689,0.2221727892756462,,0.3290739390067756,0.12668263167142868,3.780060516204685,1.9680744395591319,0.17579280165955424,4.286494794563432,0.0009999838746284726,4286.56391699917,4286.561773785637
cfd_tsvdmii_0.001_dct_01234_8_run1,False,cfd,tsvdmii,0.001,dct,01234,8,run1,,,,,,,,,,,,,,,,,,,,,,
cfd_tsvdmii_0.001_dct_01234_8_run2,False,cfd,tsvdmii,0.001,dct,01234,8,run2,,,,,,,,,,,,,,,,,,,,,,
cfd_tsvdmii_0.001_dct_01234_8_run3,False,cfd,tsvdmii,0.001,dct,01234,8,run3,,,,,,,,,,,,,,,,,,,,,,
cfd_tsvdmii_0.01_dct_01234_16_run1,True,cfd,tsvdmii,0.01,dct,01234,16,run1,tsvdmii,dct,None,0.01,cfd,/lus/flare/projects/DFTCalc2/starM-HPC/starMData/cfd,"(0, 1, 2, 3, 4)","(253, 253, 253, 4, 6)",0.0019953339942730963,8.934002835303545e-06,1.5066449310601253,0.5052231429726817,,1.1261791470169555,0.1272834480041638,7.0192841550160665,1.4495484609797131,0.45564751501660794,42.865294949824815,0.009999919697880303,4286.5639169993565,4286.349586887046
cfd_tsvdmii_0.01_dct_01234_16_run2,True,cfd,tsvdmii,0.01,dct,01234,16,run2,tsvdmii,dct,None,0.01,cfd,/lus/flare/projects/DFTCalc2/starM-HPC/starMData/cfd,"(0, 1, 2, 3, 4)","(253, 253, 253, 4, 6)",0.0019880680192727596,9.319017408415675e-06,1.5066449310601253,0.506222202006029,,1.127501906012185,0.12797874098760076,7.10860232001869,1.4513884499901906,0.45748007600195706,42.865294949824815,0.009999919697880303,4286.5639169993565,4286.349586887046
cfd_tsvdmii_0.01_dct_01234_16_run3,True,cfd,tsvdmii,0.01,dct,01234,16,run3,tsvdmii,dct,None,0.01,cfd,/lus/flare/projects/DFTCalc2/starM-HPC/starMData/cfd,"(0, 1, 2, 3, 4)","(253, 253, 253, 4, 6)",0.0019584749825298786,9.01700695976615e-06,1.5066449310601253,0.5048065580194816,,1.1273368800175376,0.12846821299172007,7.088512076996267,1.4416246770124417,0.4573899759852793,42.865294949824815,0.009999919697880303,4286.5639169993565,4286.349586887046
cfd_tsvdmii_0.01_dct_01234_1_run1,True,cfd,tsvdmii,0.01,dct,01234,1,run1,tsvdmii,dct,None,0.01,cfd,/lus/flare/projects/DFTCalc2/starM-HPC/starMData/cfd,"(0, 1, 2, 3, 4)","(253, 253, 253, 4, 6)",0.0011659390002023429,9.55999712459743e-06,1.5066449310601253,5.576206001001992,,16.44417557500128,0.12118418300815392,103.38221281999722,2.104594759992324,5.278492270008428,42.8652949498251,0.009999919697877826,4286.563917000447,4286.34958688703
cfd_tsvdmii_0.01_dct_01234_1_run2,True,cfd,tsvdmii,0.01,dct,01234,1,run2,tsvdmii,dct,None,0.01,cfd,/lus/flare/projects/DFTCalc2/starM-HPC/starMData/cfd,"(0, 1, 2, 3, 4)","(253, 253, 253, 4, 6)",0.0019510639976942912,1.0353003744967282e-05,1.5066449310601253,5.566252225995413,,16.892948292996152,0.1211078060005093,103.48817973399127,2.106611786992289,5.270580485012033,42.8652949498251,0.009999919697877826,4286.563917000447,4286.34958688703
cfd_tsvdmii_0.01_dct_01234_1_run3,True,cfd,tsvdmii,0.01,dct,01234,1,run3,tsvdmii,dct,None,0.01,cfd,/lus/flare/projects/DFTCalc2/starM-HPC/starMData/cfd,"(0, 1, 2, 3, 4)","(253, 253, 253, 4, 6)",0.0020080180111108348,9.38499579206109e-06,1.5066449310601253,5.560492265009088,,16.444214189003105,0.12126779700338375,103.4062567899964,2.107953358994564,5.2719497450161725,42.8652949498251,0.009999919697877826,4286.563917000447,4286.34958688703
cfd_tsvdmii_0.01_dct_01234_2_run1,True,cfd,tsvdmii,0.01,dct,01234,2,run1,tsvdmii,dct,None,0.01,cfd,/lus/flare/projects/DFTCalc2/starM-HPC/starMData/cfd,"(0, 1, 2, 3, 4)","(253, 253, 253, 4, 6)",0.0020845660037593916,9.761002729646862e-06,1.5066449310601253,2.8351001890114276,,8.891587288992014,0.12435776200436521,52.358742003998486,1.7157129740080563,2.6642778819950763,42.86529494982495,0.009999919697878829,4286.563917000002,4286.349586887064
cfd_tsvdmii_0.01_dct_01234_2_run2,True,cfd,tsvdmii,0.01,dct,01234,2,run2,tsvdmii,dct,None,0.01,cfd,/lus/flare/projects/DFTCalc2/starM-HPC/starMData/cfd,"(0, 1, 2, 3, 4)","(253, 253, 253, 4, 6)",0.0011054369970224798,9.832991054281592e-06,1.5066449310601253,2.8184333389945095,,8.890021979997982,0.12572805100353435,52.33341448199644,1.7190098610008135,2.6627105480001774,42.86529494982495,0.009999919697878829,4286.563917000002,4286.349586887064
cfd_tsvdmii_0.01_dct_01234_2_run3,True,cfd,tsvdmii,0.01,dct,01234,2,run3,tsvdmii,dct,None,0.01,cfd,/lus/flare/projects/DFTCalc2/starM-HPC/starMData/cfd,"(0, 1, 2, 3, 4)","(253, 253, 253, 4, 6)",0.0020794549927813932,1.001798955257982e-05,1.5066449310601253,2.824561542001902,,8.85648089100141,0.1258804009994492,52.35821959799796,1.717129898010171,2.667735878014355,42.86529494982495,0.009999919697878829,4286.563917000002,4286.349586887064
cfd_tsvdmii_0.01_dct_01234_32_run1,True,cfd,tsvdmii,0.01,dct,01234,32,run1,tsvdmii,dct,None,0.01,cfd,/lus/flare/projects/DFTCalc2/starM-HPC/starMData/cfd,"(0, 1, 2, 3, 4)","(253, 253, 253, 4, 6)",0.002052301075309515,1.1413823813199997e-05,1.5066449310601253,0.2760171187110245,,0.5668832529336214,0.12707583094015718,3.746999565977603,1.3596871439367533,0.25624225893989205,42.8652949498248,0.009999919697880517,4286.563916999264,4286.349586887047
cfd_tsvdmii_0.01_dct_01234_32_run2,True,cfd,tsvdmii,0.01,dct,01234,32,run2,tsvdmii,dct,None,0.01,cfd,/lus/flare/projects/DFTCalc2/starM-HPC/starMData/cfd,"(0, 1, 2, 3, 4)","(253, 253, 253, 4, 6)",0.0013421466574072838,1.0590068995952606e-05,1.5066449310601253,0.27648439025506377,,0.5690163359977305,0.1269123163074255,3.6806371742859483,1.427927183918655,0.26377810444682837,42.8652949498248,0.009999919697880517,4286.563916999264,4286.349586887047
cfd_tsvdmii_0.01_dct_01234_32_run3,True,cfd,tsvdmii,0.01,dct,01234,32,run3,tsvdmii,dct,None,0.01,cfd,/lus/flare/projects/DFTCalc2/starM-HPC/starMData/cfd,"(0, 1, 2, 3, 4)","(253, 253, 253, 4, 6)",0.001138569787144661,1.1204741895198822e-05,1.5066449310601253,0.2755094300955534,,0.5687313652597368,0.1283131199888885,3.7025691331364214,1.4244969198480248,0.28095716470852494,42.8652949498248,0.009999919697880517,4286.563916999264,4286.349586887047
cfd_tsvdmii_0.01_dct_01234_4_run1,True,cfd,tsvdmii,0.01,dct,01234,4,run1,tsvdmii,dct,None,0.01,cfd,/lus/flare/projects/DFTCalc2/starM-HPC/starMData/cfd,"(0, 1, 2, 3, 4)","(253, 253, 253, 4, 6)",0.001949133991729468,8.934002835303545e-06,1.5066449310601253,1.6071365380194038,,4.431355131993769,0.1278933300054632,26.55952274601441,1.5901458320149686,1.5362968789995648,42.865294949824886,0.009999919697879384,4286.563916999758,4286.349586887051
cfd_tsvdmii_0.01_dct_01234_4_run2,True,cfd,tsvdmii,0.01,dct,01234,4,run2,tsvdmii,dct,None,0.01,cfd,/lus/flare/projects/DFTCalc2/starM-HPC/starMData/cfd,"(0, 1, 2, 3, 4)","(253, 253, 253, 4, 6)",0.0011770330020226538,1.2198026524856687e-05,1.5066449310601253,1.6087079110147897,,4.450339269998949,0.12769063201267272,26.578485862002708,1.5819306999910623,1.536255744023947,42.865294949824886,0.009999919697879384,4286.563916999758,4286.349586887051
cfd_tsvdmii_0.01_dct_01234_4_run3,True,cfd,tsvdmii,0.01,dct,01234,4,run3,tsvdmii,dct,None,0.01,cfd,/lus/flare/projects/DFTCalc2/starM-HPC/starMData/cfd,"(0, 1, 2, 3, 4)","(253, 253, 253, 4, 6)",0.00203836802393198,8.545990567654371e-06,1.5066449310601253,1.6058033279841766,,4.4792867159994785,0.12550759100122377,26.54300345198135,1.5922379580151755,1.5359845769999083,42.865294949824886,0.009999919697879384,4286.563916999758,4286.349586887051
cfd_tsvdmii_0.01_dct_01234_64_run1,True,cfd,tsvdmii,0.01,dct,01234,64,run1,tsvdmii,dct,None,0.01,cfd,/lus/flare/projects/DFTCalc2/starM-HPC/starMData/cfd,"(0, 1, 2, 3, 4)","(253, 253, 253, 4, 6)",0.0020647812634706497,1.0085757821798325e-05,1.5066449310601253,0.22095667012035847,,0.3294990439899266,0.12901865597814322,2.2745564337819815,1.7458732561208308,0.18672290164977312,42.8652949498248,0.009999919697880735,4286.56391699917,4286.349586887047
cfd_tsvdmii_0.01_dct_01234_64_run2,True,cfd,tsvdmii,0.01,dct,01234,64,run2,tsvdmii,dct,None,0.01,cfd,/lus/flare/projects/DFTCalc2/starM-HPC/starMData/cfd,"(0, 1, 2, 3, 4)","(253, 253, 253, 4, 6)",0.002034870907664299,1.079309731721878e-05,1.5066449310601253,0.22326261084526777,,0.3296361658722162,0.12755043804645538,2.2113208789378405,1.5677431048825383,0.344856696203351,42.8652949498248,0.009999919697880735,4286.56391699917,4286.349586887047
cfd_tsvdmii_0.01_dct_01234_64_run3,True,cfd,tsvdmii,0.01,dct,01234,64,run3,tsvdmii,dct,None,0.01,cfd,/lus/flare/projects/DFTCalc2/starM-HPC/starMData/cfd,"(0, 1, 2, 3, 4)","(253, 253, 253, 4, 6)",0.0011449148878455162,1.0382384061813354e-05,1.5066449310601253,0.22176916850730777,,0.3296975321136415,0.1268370458856225,2.2996964687481523,1.6348287519067526,0.29419858660548925,42.8652949498248,0.009999919697880735,4286.56391699917,4286.349586887047
cfd_tsvdmii_0.01_dct_01234_8_run1,True,cfd,tsvdmii,0.01,dct,01234,8,run1,tsvdmii,dct,None,0.01,cfd,/lus/flare/projects/DFTCalc2/starM-HPC/starMData/cfd,"(0, 1, 2, 3, 4)","(253, 253, 253, 4, 6)",0.0011884520063176751,1.1197000276297331e-05,1.5066449310601253,0.7795980259834323,,2.2379601199936587,0.1263664919824805,13.449523553979816,1.4088233940128703,0.7241999660036527,42.8652949498248,0.009999919697879976,4286.563916999496,4286.349586887053
cfd_tsvdmii_0.01_dct_01234_8_run2,True,cfd,tsvdmii,0.01,dct,01234,8,run2,tsvdmii,dct,None,0.01,cfd,/lus/flare/projects/DFTCalc2/starM-HPC/starMData/cfd,"(0, 1, 2, 3, 4)","(253, 253, 253, 4, 6)",0.0010881589842028916,1.0047981049865484e-05,1.5066449310601253,0.7834326360025443,,2.2411316799989436,0.12684110400732607,13.555658997007413,1.399719612003537,0.7252603870001622,42.8652949498248,0.009999919697879976,4286.563916999496,4286.349586887053
cfd_tsvdmii_0.01_dct_01234_8_run3,True,cfd,tsvdmii,0.01,dct,01234,8,run3,tsvdmii,dct,None,0.01,cfd,/lus/flare/projects/DFTCalc2/starM-HPC/starMData/cfd,"(0, 1, 2, 3, 4)","(253, 253, 253, 4, 6)",0.0020208139903843403,9.020004654303193e-06,1.5066449310601253,0.777710655995179,,2.2407610259833746,0.12763975400594063,13.504827916010981,1.4028461560083088,0.7206959489849396,42.8652949498248,0.009999919697879976,4286.563916999496,4286.349586887053
cfd_tsvdmii_0.025_dct_01234_16_run1,False,cfd,tsvdmii,0.025,dct,01234,16,run1,,,,,,,,,,,,,,,,,,,,,,
cfd_tsvdmii_0.025_dct_01234_16_run2,False,cfd,tsvdmii,0.025,dct,01234,16,run2,,,,,,,,,,,,,,,,,,,,,,
cfd_tsvdmii_0.025_dct_01234_16_run3,False,cfd,tsvdmii,0.025,dct,01234,16,run3,,,,,,,,,,,,,,,,,,,,,,
cfd_tsvdmii_0.025_dct_01234_1_run1,False,cfd,tsvdmii,0.025,dct,01234,1,run1,,,,,,,,,,,,,,,,,,,,,,
cfd_tsvdmii_0.025_dct_01234_1_run2,False,cfd,tsvdmii,0.025,dct,01234,1,run2,,,,,,,,,,,,,,,,,,,,,,
cfd_tsvdmii_0.025_dct_01234_1_run3,False,cfd,tsvdmii,0.025,dct,01234,1,run3,,,,,,,,,,,,,,,,,,,,,,
cfd_tsvdmii_0.025_dct_01234_2_run1,False,cfd,tsvdmii,0.025,dct,01234,2,run1,,,,,,,,,,,,,,,,,,,,,,
cfd_tsvdmii_0.025_dct_01234_2_run2,False,cfd,tsvdmii,0.025,dct,01234,2,run2,,,,,,,,,,,,,,,,,,,,,,
cfd_tsvdmii_0.025_dct_01234_2_run3,False,cfd,tsvdmii,0.025,dct,01234,2,run3,,,,,,,,,,,,,,,,,,,,,,
cfd_tsvdmii_0.025_dct_01234_32_run1,True,cfd,tsvdmii,0.025,dct,01234,32,run1,tsvdmii,dct,None,0.025,cfd,/lus/flare/projects/DFTCalc2/starM-HPC/starMData/cfd,"(0, 1, 2, 3, 4)","(253, 253, 253, 4, 6)",0.002094583585858345,1.0730233043432236e-05,2.642048430240944,0.27676927763968706,,0.5671018860302866,0.1286112410016358,2.5046296222135425,1.257392360828817,0.23468928458169103,107.1634732179502,0.024999854263917792,4286.563916999264,4285.224172027148
cfd_tsvdmii_0.025_dct_01234_32_run2,True,cfd,tsvdmii,0.025,dct,01234,32,run2,tsvdmii,dct,None,0.025,cfd,/lus/flare/projects/DFTCalc2/starM-HPC/starMData/cfd,"(0, 1, 2, 3, 4)","(253, 253, 253, 4, 6)",0.002095390111207962,1.0448973625898361e-05,2.642048430240944,0.27380810119211674,,0.5677076717838645,0.12649581721052527,2.5024777688086033,1.2608434217981994,0.2319701984524727,107.1634732179502,0.024999854263917792,4286.563916999264,4285.224172027148
cfd_tsvdmii_0.025_dct_01234_32_run3,True,cfd,tsvdmii,0.025,dct,01234,32,run3,tsvdmii,dct,None,0.025,cfd,/lus/flare/projects/DFTCalc2/starM-HPC/starMData/cfd,"(0, 1, 2, 3, 4)","(253, 253, 253, 4, 6)",0.002020370215177536,1.024128869175911e-05,2.642048430240944,0.2747103404253721,,0.5684678219258785,0.12940057599917054,2.4798133741132915,1.2558171418495476,0.23133559990674257,107.1634732179502,0.024999854263917792,4286.563916999264,4285.224172027148
cfd_tsvdmii_0.025_dct_01234_4_run1,False,cfd,tsvdmii,0.025,dct,01234,4,run1,,,,,,,,,,,,,,,,,,,,,,
cfd_tsvdmii_0.025_dct_01234_4_run2,False,cfd,tsvdmii,0.025,dct,01234,4,run2,,,,,,,,,,,,,,,,,,,,,,
cfd_tsvdmii_0.025_dct_01234_4_run3,False,cfd,tsvdmii,0.025,dct,01234,4,run3,,,,,,,,,,,,,,,,,,,,,,
cfd_tsvdmii_0.025_dct_01234_64_run1,True,cfd,tsvdmii,0.025,dct,01234,64,run1,tsvdmii,dct,None,0.025,cfd,/lus/flare/projects/DFTCalc2/starM-HPC/starMData/cfd,"(0, 1, 2, 3, 4)","(253, 253, 253, 4, 6)",0.002037297934293747,9.899958968162537e-06,2.642048430240944,0.22243573796004057,,0.3293863576836884,0.1291304831393063,1.5923752039670944,1.4851415469311178,0.18761762883514166,107.16347321795025,0.02499985426391835,4286.56391699917,4285.224172027147
cfd_tsvdmii_0.025_dct_01234_64_run2,True,cfd,tsvdmii,0.025,dct,01234,64,run2,tsvdmii,dct,None,0.025,cfd,/lus/flare/projects/DFTCalc2/starM-HPC/starMData/cfd,"(0, 1, 2, 3, 4)","(253, 253, 253, 4, 6)",0.001198784913867712,1.0682735592126846e-05,2.642048430240944,0.22322020772844553,,0.32911459915339947,0.1285528508014977,1.6120898369699717,1.426247067283839,0.1909855562262237,107.16347321795025,0.02499985426391835,4286.56391699917,4285.224172027147
cfd_tsvdmii_0.025_dct_01234_64_run3,True,cfd,tsvdmii,0.025,dct,01234,64,run3,tsvdmii,dct,None,0.025,cfd,/lus/flare/projects/DFTCalc2/starM-HPC/starMData/cfd,"(0, 1, 2, 3, 4)","(253, 253, 253, 4, 6)",0.002084704115986824,1.2717209756374359e-05,2.642048430240944,0.22708848491311073,,0.3327943738549948,0.12769118277356029,1.564436499029398,1.4153711651451886,0.1881454000249505,107.16347321795025,0.02499985426391835,4286.56391699917,4285.224172027147
cfd_tsvdmii_0.025_dct_01234_8_run1,False,cfd,tsvdmii,0.025,dct,01234,8,run1,,,,,,,,,,,,,,,,,,,,,,
cfd_tsvdmii_0.025_dct_01234_8_run2,False,cfd,tsvdmii,0.025,dct,01234,8,run2,,,,,,,,,,,,,,,,,,,,,,
cfd_tsvdmii_0.025_dct_01234_8_run3,False,cfd,tsvdmii,0.025,dct,01234,8,run3,,,,,,,,,,,,,,,,,,,,,,
cfd_tsvdmii_0.050_dct_01234_16_run1,True,cfd,tsvdmii,0.050,dct,01234,16,run1,tsvdmii,dct,None,0.05,cfd,/lus/flare/projects/DFTCalc2/starM-HPC/starMData/cfd,"(0, 1, 2, 3, 4)","(253, 253, 253, 4, 6)",0.0011172459926456213,8.626986527815461e-06,5.400976454760175,0.5044344810012262,,1.1272125959803816,0.12775196498841979,3.109532570990268,1.119506643008208,0.45779563300311565,214.32610342301126,0.04999951186381515,4286.5639169993565,4281.202463783908
cfd_tsvdmii_0.050_dct_01234_16_run2,True,cfd,tsvdmii,0.050,dct,01234,16,run2,tsvdmii,dct,None,0.05,cfd,/lus/flare/projects/DFTCalc2/starM-HPC/starMData/cfd,"(0, 1, 2, 3, 4)","(253, 253, 253, 4, 6)",0.0020141459826845676,8.878996595740318e-06,5.400976454760175,0.5066005420230795,,1.1266012770065572,0.12686697897152044,3.1107521499798167,1.1118424159940332,0.45874135999474674,214.32610342301126,0.04999951186381515,4286.5639169993565,4281.202463783908
cfd_tsvdmii_0.050_dct_01234_16_run3,True,cfd,tsvdmii,0.050,dct,01234,16,run3,tsvdmii,dct,None,0.05,cfd,/lus/flare/projects/DFTCalc2/starM-HPC/starMData/cfd,"(0, 1, 2, 3, 4)","(253, 253, 253, 4, 6)",0.0011679710005410016,9.581999620422721e-06,5.400976454760175,0.5025412329705432,,1.1283537980052643,0.12673949499730952,3.1101225439924747,1.11651917398558,0.4599712410126813,214.32610342301126,0.04999951186381515,4286.5639169993565,4281.202463783908
cfd_tsvdmii_0.050_dct_01234_1_run1,True,cfd,tsvdmii,0.050,dct,01234,1,run1,tsvdmii,dct,None,0.05,cfd,/lus/flare/projects/DFTCalc2/starM-HPC/starMData/cfd,"(0, 1, 2, 3, 4)","(253, 253, 253, 4, 6)",0.0019949590059695765,9.992989362217486e-06,5.400976454760175,5.584349764991202,,16.435788985996624,0.12204304599436,39.16535733299679,1.205737777010654,5.273382083993056,214.32610342301223,0.04999951186380266,4286.563917000447,4281.2024637838185
cfd_tsvdmii_0.050_dct_01234_1_run2,True,cfd,tsvdmii,0.050,dct,01234,1,run2,tsvdmii,dct,None,0.05,cfd,/lus/flare/projects/DFTCalc2/starM-HPC/starMData/cfd,"(0, 1, 2, 3, 4)","(253, 253, 253, 4, 6)",0.002005599992116913,1.0186005965806544e-05,5.400976454760175,5.564399258990306,,16.44546464200539,0.12137352100398857,39.13821551199362,1.2041502590000164,5.2676094959897455,214.32610342301223,0.04999951186380266,4286.563917000447,4281.2024637838185
cfd_tsvdmii_0.050_dct_01234_1_run3,True,cfd,tsvdmii,0.050,dct,01234,1,run3,tsvdmii,dct,None,0.05,cfd,/lus/flare/projects/DFTCalc2/starM-HPC/starMData/cfd,"(0, 1, 2, 3, 4)","(253, 253, 253, 4, 6)",0.0010422229970572516,9.476003469899297e-06,5.400976454760175,5.58862335201411,,17.088581026997417,0.12189027499698568,39.118136031000176,1.2051917979988502,5.276516421014094,214.32610342301223,0.04999951186380266,4286.563917000447,4281.2024637838185
cfd_tsvdmii_0.050_dct_01234_2_run1,True,cfd,tsvdmii,0.050,dct,01234,2,run1,tsvdmii,dct,None,0.05,cfd,/lus/flare/projects/DFTCalc2/starM-HPC/starMData/cfd,"(0, 1, 2, 3, 4)","(253, 253, 253, 4, 6)",0.0010827660007635131,1.0218995157629251e-05,5.400976454760175,2.8236804399930406,,8.296203749996494,0.1244548310060054,19.994166206000955,1.1803276969876606,2.664172562988824,214.3261034230107,0.04999951186380749,4286.563917000002,4281.202463783869
cfd_tsvdmii_0.050_dct_01234_2_run2,True,cfd,tsvdmii,0.050,dct,01234,2,run2,tsvdmii,dct,None,0.05,cfd,/lus/flare/projects/DFTCalc2/starM-HPC/starMData/cfd,"(0, 1, 2, 3, 4)","(253, 253, 253, 4, 6)",0.002087984001263976,9.491006494499743e-06,5.400976454760175,2.8271427289873827,,8.893642968992935,0.12458164300187491,19.782148304002476,1.1809825709933648,2.664516000004369,214.3261034230107,0.04999951186380749,4286.563917000002,4281.202463783869
cfd_tsvdmii_0.050_dct_01234_2_run3,True,cfd,tsvdmii,0.050,dct,01234,2,run3,tsvdmii,dct,None,0.05,cfd,/lus/flare/projects/DFTCalc2/starM-HPC/starMData/cfd,"(0, 1, 2, 3, 4)","(253, 253, 253, 4, 6)",0.0017865739937406033,9.486990165896714e-06,5.400976454760175,2.82314942299854,,8.890693388995714,0.12380187099915929,20.050879681002698,1.1806498660007492,2.659062625010847,214.3261034230107,0.04999951186380749,4286.563917000002,4281.202463783869
cfd_tsvdmii_0.050_dct_01234_32_run1,True,cfd,tsvdmii,0.050,dct,01234,32,run1,tsvdmii,dct,None,0.05,cfd,/lus/flare/projects/DFTCalc2/starM-HPC/starMData/cfd,"(0, 1, 2, 3, 4)","(253, 253, 253, 4, 6)",0.0021166829392313957,1.0847114026546478e-05,5.400976454760175,0.2737435633316636,,0.5678662164136767,0.12861619796603918,1.6472993181087077,1.2313011549413204,0.229897930752486,214.32610342301132,0.049999511863816244,4286.563916999264,4281.2024637839095
cfd_tsvdmii_0.050_dct_01234_32_run2,True,cfd,tsvdmii,0.050,dct,01234,32,run2,tsvdmii,dct,None,0.05,cfd,/lus/flare/projects/DFTCalc2/starM-HPC/starMData/cfd,"(0, 1, 2, 3, 4)","(253, 253, 253, 4, 6)",0.0020440309308469296,1.0904856026172638e-05,5.400976454760175,0.2795310113579035,,0.5676439991220832,0.1260792138054967,1.6471008537337184,1.243754180148244,0.2349505522288382,214.32610342301132,0.049999511863816244,4286.563916999264,4281.2024637839095
cfd_tsvdmii_0.050_dct_01234_32_run3,True,cfd,tsvdmii,0.050,dct,01234,32,run3,tsvdmii,dct,None,0.05,cfd,/lus/flare/projects/DFTCalc2/starM-HPC/starMData/cfd,"(0, 1, 2, 3, 4)","(253, 253, 253, 4, 6)",0.0020925658755004406,1.0045245289802551e-05,5.400976454760175,0.2765592089854181,,0.5678338780999184,0.129079295322299,1.6803879593499005,1.23418531101197,0.23101957608014345,214.32610342301132,0.049999511863816244,4286.563916999264,4281.2024637839095
cfd_tsvdmii_0.050_dct_01234_4_run1,True,cfd,tsvdmii,0.050,dct,01234,4,run1,tsvdmii,dct,None,0.05,cfd,/lus/flare/projects/DFTCalc2/starM-HPC/starMData/cfd,"(0, 1, 2, 3, 4)","(253, 253, 253, 4, 6)",0.0019259669934399426,9.000010322779417e-06,5.400976454760175,1.607318360969657,,4.45333323001978,0.1274505520123057,10.182309266994707,1.143829614011338,1.5319473019917496,214.32610342301248,0.049999511863810756,4286.563916999758,4281.202463783896
cfd_tsvdmii_0.050_dct_01234_4_run2,True,cfd,tsvdmii,0.050,dct,01234,4,run2,tsvdmii,dct,None,0.05,cfd,/lus/flare/projects/DFTCalc2/starM-HPC/starMData/cfd,"(0, 1, 2, 3, 4)","(253, 253, 253, 4, 6)",0.0019498880137689412,8.641014574095607e-06,5.400976454760175,1.6052524219849147,,4.452350778010441,0.12749433499993756,10.295572790986625,1.1659290159877855,1.5362972489965614,214.32610342301248,0.049999511863810756,4286.563916999758,4281.202463783896
cfd_tsvdmii_0.050_dct_01234_4_run3,True,cfd,tsvdmii,0.050,dct,01234,4,run3,tsvdmii,dct,None,0.05,cfd,/lus/flare/projects/DFTCalc2/starM-HPC/starMData/cfd,"(0, 1, 2, 3, 4)","(253, 253, 253, 4, 6)",0.0019370689988136292,9.35301068238914e-06,5.400976454760175,1.6049486100382637,,4.455418370984262,0.12729405600111932,10.271776754001621,1.158680672000628,1.5353590520098805,214.32610342301248,0.049999511863810756,4286.563916999758,4281.202463783896
cfd_tsvdmii_0.050_dct_01234_64_run1,True,cfd,tsvdmii,0.050,dct,01234,64,run1,tsvdmii,dct,None,0.05,cfd,/lus/flare/projects/DFTCalc2/starM-HPC/starMData/cfd,"(0, 1, 2, 3, 4)","(253, 253, 253, 4, 6)",0.0020232987590134144,1.1403113603591919e-05,5.400976454760175,0.22423917800188065,,0.3294506650418043,0.127056036144495,1.1139063271693885,1.6844013850204647,0.19179142592474818,214.32610342301135,0.04999951186381734,4286.56391699917,4281.202463783908
cfd_tsvdmii_0.050_dct_01234_64_run2,True,cfd,tsvdmii,0.050,dct,01234,64,run2,tsvdmii,dct,None,0.05,cfd,/lus/flare/projects/DFTCalc2/starM-HPC/starMData/cfd,"(0, 1, 2, 3, 4)","(253, 253, 253, 4, 6)",0.0020180903375148773,1.0571908205747604e-05,5.400976454760175,0.23083971766754985,,0.33035780070349574,0.12654086016118526,1.1187081011012197,1.7082106927409768,0.1990809878334403,214.32610342301135,0.04999951186381734,4286.56391699917,4281.202463783908
cfd_tsvdmii_0.050_dct_01234_64_run3,True,cfd,tsvdmii,0.050,dct,01234,64,run3,tsvdmii,dct,None,0.05,cfd,/lus/flare/projects/DFTCalc2/starM-HPC/starMData/cfd,"(0, 1, 2, 3, 4)","(253, 253, 253, 4, 6)",0.0020426521077752113,9.567011147737503e-06,5.400976454760175,0.22475184127688408,,0.3306119837798178,0.12614225409924984,1.1170559949241579,1.698022621218115,0.21990319760516286,214.32610342301135,0.04999951186381734,4286.56391699917,4281.202463783908
cfd_tsvdmii_0.050_dct_01234_8_run1,True,cfd,tsvdmii,0.050,dct,01234,8,run1,tsvdmii,dct,None,0.05,cfd,/lus/flare/projects/DFTCalc2/starM-HPC/starMData/cfd,"(0, 1, 2, 3, 4)","(253, 253, 253, 4, 6)",0.0010959760111290962,1.0518007911741734e-05,5.400976454760175,0.7801073180162348,,2.2372124410176184,0.12701472800108604,5.333864992018789,1.0656438330188394,0.7249622079543769,214.32610342301103,0.049999511863813476,4286.563916999496,4281.202463783913
cfd_tsvdmii_0.050_dct_01234_8_run2,True,cfd,tsvdmii,0.050,dct,01234,8,run2,tsvdmii,dct,None,0.05,cfd,/lus/flare/projects/DFTCalc2/starM-HPC/starMData/cfd,"(0, 1, 2, 3, 4)","(253, 253, 253, 4, 6)",0.00110434100497514,9.95802110992372e-06,5.400976454760175,0.7825519199832343,,2.2388943360128906,0.12485061897314154,5.333563897002023,1.0640058889985085,0.7250332730181981,214.32610342301103,0.049999511863813476,4286.563916999496,4281.202463783913
cfd_tsvdmii_0.050_dct_01234_8_run3,True,cfd,tsvdmii,0.050,dct,01234,8,run3,tsvdmii,dct,None,0.05,cfd,/lus/flare/projects/DFTCalc2/starM-HPC/starMData/cfd,"(0, 1, 2, 3, 4)","(253, 253, 253, 4, 6)",0.0011386350088287145,9.876996045932174e-06,5.400976454760175,0.77716748896637,,2.237690735986689,0.12515705300029367,5.332002999988617,1.0514432349882554,0.7218144849757664,214.32610342301103,0.049999511863813476,4286.563916999496,4281.202463783913
cfd_tsvdmii_0.05_dct_01234_16_run1,True,cfd,tsvdmii,0.05,dct,01234,16,run1,tsvdmii,dct,None,0.05,cfd,/lus/flare/projects/DFTCalc2/starM-HPC/starMData/cfd,"(0, 1, 2, 3, 4)","(253, 253, 253, 4, 6)",0.0020537100499495864,1.0070973075926304e-05,5.400976454760175,0.5036505770403892,,1.1271475329995155,0.12456826504785568,3.106959669967182,1.0872429700102657,0.45721554395277053,214.32610342301126,0.04999951186381515,4286.5639169993565,4281.202463783908
cfd_tsvdmii_0.05_dct_01234_16_run2,True,cfd,tsvdmii,0.05,dct,01234,16,run2,tsvdmii,dct,None,0.05,cfd,/lus/flare/projects/DFTCalc2/starM-HPC/starMData/cfd,"(0, 1, 2, 3, 4)","(253, 253, 253, 4, 6)",0.0020741599146276712,1.1652940884232521e-05,5.400976454760175,0.5029900270747021,,1.1299430329818279,0.1270863269455731,3.0703949910821393,1.1111575540853664,0.45782993908505887,214.32610342301126,0.04999951186381515,4286.5639169993565,4281.202463783908
cfd_tsvdmii_0.05_dct_01234_16_run3,True,cfd,tsvdmii,0.05,dct,01234,16,run3,tsvdmii,dct,None,0.05,cfd,/lus/flare/projects/DFTCalc2/starM-HPC/starMData/cfd,"(0, 1, 2, 3, 4)","(253, 253, 253, 4, 6)",0.001110582030378282,1.015199813991785e-05,5.400976454760175,0.5014553959481418,,1.1279045729897916,0.12630955094937235,3.1078789950115606,1.115255429991521,0.45918327500112355,214.32610342301126,0.04999951186381515,4286.5639169993565,4281.202463783908
cfd_tsvdmii_0.05_dct_01234_1_run1,True,cfd,tsvdmii,0.05,dct,01234,1,run1,tsvdmii,dct,None,0.05,cfd,/lus/flare/projects/DFTCalc2/starM-HPC/starMData/cfd,"(0, 1, 2, 3, 4)","(253, 253, 253, 4, 6)",0.0011628370266407728,8.853035978972912e-06,5.400976454760175,5.6040162581484765,,16.822527728043497,0.12175126594956964,39.20356611395255,1.2078472139546648,5.284961487050168,214.32610342301223,0.04999951186380266,4286.563917000447,4281.2024637838185
cfd_tsvdmii_0.05_dct_01234_1_run2,True,cfd,tsvdmii,0.05,dct,01234,1,run2,tsvdmii,dct,None,0.05,cfd,/lus/flare/projects/DFTCalc2/starM-HPC/starMData/cfd,"(0, 1, 2, 3, 4)","(253, 253, 253, 4, 6)",0.001970652025192976,8.511007763445377e-06,5.400976454760175,5.583527175011113,,16.47022110596299,0.12200315704103559,39.21236973500345,1.207903859904036,5.2811416637850925,214.32610342301223,0.04999951186380266,4286.563917000447,4281.2024637838185
cfd_tsvdmii_0.05_dct_01234_1_run3,True,cfd,tsvdmii,0.05,dct,01234,1,run3,tsvdmii,dct,None,0.05,cfd,/lus/flare/projects/DFTCalc2/starM-HPC/starMData/cfd,"(0, 1, 2, 3, 4)","(253, 253, 253, 4, 6)",0.0019988230196759105,9.516021236777306e-06,5.400976454760175,5.560884938924573,,16.43747025798075,0.12121337198186666,39.208049947978,1.2073965400923043,5.283135188859887,214.32610342301223,0.04999951186380266,4286.563917000447,4281.2024637838185
cfd_tsvdmii_0.05_dct_01234_2_run1,True,cfd,tsvdmii,0.05,dct,01234,2,run1,tsvdmii,dct,None,0.05,cfd,/lus/flare/projects/DFTCalc2/starM-HPC/starMData/cfd,"(0, 1, 2, 3, 4)","(253, 253, 253, 4, 6)",0.001181496074423194,9.182957001030445e-06,5.400976454760175,2.827303041005507,,8.419803755939938,0.1240003970451653,19.89104135602247,1.177616803906858,2.660869880928658,214.3261034230107,0.04999951186380749,4286.563917000002,4281.202463783869
cfd_tsvdmii_0.05_dct_01234_2_run2,True,cfd,tsvdmii,0.05,dct,01234,2,run2,tsvdmii,dct,None,0.05,cfd,/lus/flare/projects/DFTCalc2/starM-HPC/starMData/cfd,"(0, 1, 2, 3, 4)","(253, 253, 253, 4, 6)",0.0011886729625985026,8.555012755095959e-06,5.400976454760175,2.8357307420810685,,8.82177864795085,0.1258538190741092,20.02929554891307,1.1794662090251222,2.653146252851002,214.3261034230107,0.04999951186380749,4286.563917000002,4281.202463783869
cfd_tsvdmii_0.05_dct_01234_2_run3,True,cfd,tsvdmii,0.05,dct,01234,2,run3,tsvdmii,dct,None,0.05,cfd,/lus/flare/projects/DFTCalc2/starM-HPC/starMData/cfd,"(0, 1, 2, 3, 4)","(253, 253, 253, 4, 6)",0.001166395959444344,9.249080903828144e-06,5.400976454760175,2.8283183199819177,,8.82831955992151,0.12460531399119645,20.043915805057622,1.178536806954071,2.658753184019588,214.3261034230107,0.04999951186380749,4286.563917000002,4281.202463783869
cfd_tsvdmii_0.05_dct_01234_32_run1,True,cfd,tsvdmii,0.05,dct,01234,32,run1,tsvdmii,dct,None,0.05,cfd,/lus/flare/projects/DFTCalc2/starM-HPC/starMData/cfd,"(0, 1, 2, 3, 4)","(253, 253, 253, 4, 6)",0.002003969973884523,9.730923920869827e-06,5.400976454760175,0.27686403994448483,,0.5693595600314438,0.13004292000550777,1.6572029220405966,1.233031140989624,0.23486780014354736,214.32610342301132,0.049999511863816244,4286.563916999264,4281.2024637839095
cfd_tsvdmii_0.05_dct_01234_32_run2,True,cfd,tsvdmii,0.05,dct,01234,32,run2,tsvdmii,dct,None,0.05,cfd,/lus/flare/projects/DFTCalc2/starM-HPC/starMData/cfd,"(0, 1, 2, 3, 4)","(253, 253, 253, 4, 6)",0.0020379889756441116,1.1850032024085522e-05,5.400976454760175,0.2717525908956304,,0.568768389057368,0.12701544200535864,1.6425275780493394,1.2369122740346938,0.2300411390606314,214.32610342301132,0.049999511863816244,4286.563916999264,4281.2024637839095
cfd_tsvdmii_0.05_dct_01234_32_run3,True,cfd,tsvdmii,0.05,dct,01234,32,run3,tsvdmii,dct,None,0.05,cfd,/lus/flare/projects/DFTCalc2/starM-HPC/starMData/cfd,"(0, 1, 2, 3, 4)","(253, 253, 253, 4, 6)",0.0020015659974887967,1.2144912034273148e-05,5.400976454760175,0.2730910020181909,,0.5686005189782009,0.12559173093177378,1.6430635619908571,1.2296819450566545,0.2291532668750733,214.32610342301132,0.049999511863816244,4286.563916999264,4281.2024637839095
cfd_tsvdmii_0.05_dct_01234_4_run1,True,cfd,tsvdmii,0.05,dct,01234,4,run1,tsvdmii,dct,None,0.05,cfd,/lus/flare/projects/DFTCalc2/starM-HPC/starMData/cfd,"(0, 1, 2, 3, 4)","(253, 253, 253, 4, 6)",0.001046983990818262,1.071905717253685e-05,5.400976454760175,1.5987363640451804,,4.476728004054166,0.12702741695102304,10.483360231970437,1.1517461729235947,1.53372968302574,214.32610342301248,0.049999511863810756,4286.563916999758,4281.202463783896
cfd_tsvdmii_0.05_dct_01234_4_run2,True,cfd,tsvdmii,0.05,dct,01234,4,run2,tsvdmii,dct,None,0.05,cfd,/lus/flare/projects/DFTCalc2/starM-HPC/starMData/cfd,"(0, 1, 2, 3, 4)","(253, 253, 253, 4, 6)",0.0011874660849571228,1.012696884572506e-05,5.400976454760175,1.5994967459701002,,4.478245354024693,0.12696293997578323,10.488146072020754,1.1536027160473168,1.52949319279287,214.32610342301248,0.049999511863810756,4286.563916999758,4281.202463783896
cfd_tsvdmii_0.05_dct_01234_4_run3,True,cfd,tsvdmii,0.05,dct,01234,4,run3,tsvdmii,dct,None,0.05,cfd,/lus/flare/projects/DFTCalc2/starM-HPC/starMData/cfd,"(0, 1, 2, 3, 4)","(253, 253, 253, 4, 6)",0.001993158017285168,9.556068107485771e-06,5.400976454760175,1.600572258932516,,4.476450804038905,0.12614263489376754,10.299218396074139,1.1537299799965695,1.5383944810600951,214.32610342301248,0.049999511863810756,4286.563916999758,4281.202463783896
cfd_tsvdmii_0.05_dct_01234_64_run1,True,cfd,tsvdmii,0.05,dct,01234,64,run1,tsvdmii,dct,None,0.05,cfd,/lus/flare/projects/DFTCalc2/starM-HPC/starMData/cfd,"(0, 1, 2, 3, 4)","(253, 253, 253, 4, 6)",0.0020239859586581588,1.0326970368623734e-05,5.400976454760175,0.2272821479709819,,0.3364902409957722,0.1296619309578091,1.108212796971202,1.6915843499591574,0.20141710294410586,214.32610342301135,0.04999951186381734,4286.56391699917,4281.202463783908
cfd_tsvdmii_0.05_dct_01234_64_run2,True,cfd,tsvdmii,0.05,dct,01234,64,run2,tsvdmii,dct,None,0.05,cfd,/lus/flare/projects/DFTCalc2/starM-HPC/starMData/cfd,"(0, 1, 2, 3, 4)","(253, 253, 253, 4, 6)",0.0010938789928331971,1.1962023563683033e-05,5.400976454760175,0.22280705405864865,,0.3306016979040578,0.1274048910709098,1.1821156640071422,1.7177734230645,0.20899281313177198,214.32610342301135,0.04999951186381734,4286.56391699917,4281.202463783908
cfd_tsvdmii_0.05_dct_01234_64_run3,True,cfd,tsvdmii,0.05,dct,01234,64,run3,tsvdmii,dct,None,0.05,cfd,/lus/flare/projects/DFTCalc2/starM-HPC/starMData/cfd,"(0, 1, 2, 3, 4)","(253, 253, 253, 4, 6)",0.0011075249640271068,1.0451069101691246e-05,5.400976454760175,0.22358515486121178,,0.32901510898955166,0.12788833305239677,1.1147682319860905,1.6777715409407392,0.2077466460177675,214.32610342301135,0.04999951186381734,4286.56391699917,4281.202463783908
cfd_tsvdmii_0.05_dct_01234_8_run1,True,cfd,tsvdmii,0.05,dct,01234,8,run1,tsvdmii,dct,None,0.05,cfd,/lus/flare/projects/DFTCalc2/starM-HPC/starMData/cfd,"(0, 1, 2, 3, 4)","(253, 253, 253, 4, 6)",0.002014808007515967,1.1718017049133778e-05,5.400976454760175,0.7800527679501101,,2.2404155139811337,0.12722903408575803,5.330500566982664,1.0580242520663887,0.7222745320759714,214.32610342301103,0.049999511863813476,4286.563916999496,4281.202463783913
cfd_tsvdmii_0.05_dct_01234_8_run2,True,cfd,tsvdmii,0.05,dct,01234,8,run2,tsvdmii,dct,None,0.05,cfd,/lus/flare/projects/DFTCalc2/starM-HPC/starMData/cfd,"(0, 1, 2, 3, 4)","(253, 253, 253, 4, 6)",0.001621709088794887,1.0499963536858559e-05,5.400976454760175,0.7782670850865543,,2.243318174034357,0.12667876400519162,5.291925690951757,1.0581453240010887,0.7227656058967113,214.32610342301103,0.049999511863813476,4286.563916999496,4281.202463783913
cfd_tsvdmii_0.05_dct_01234_8_run3,True,cfd,tsvdmii,0.05,dct,01234,8,run3,tsvdmii,dct,None,0.05,cfd,/lus/flare/projects/DFTCalc2/starM-HPC/starMData/cfd,"(0, 1, 2, 3, 4)","(253, 253, 253, 4, 6)",0.0018016829853877425,1.0092975571751595e-05,5.400976454760175,0.7772059330018237,,2.1903912090929225,0.12685718794818968,5.32894472591579,1.043850309913978,0.7217481510015205,214.32610342301103,0.049999511863813476,4286.563916999496,4281.202463783913
cfd_tsvdmii_0.1_dct_01234_16_run1,False,cfd,tsvdmii,0.1,dct,01234,16,run1,,,,,,,,,,,,,,,,,,,,,,
cfd_tsvdmii_0.1_dct_01234_16_run2,False,cfd,tsvdmii,0.1,dct,01234,16,run2,,,,,,,,,,,,,,,,,,,,,,
cfd_tsvdmii_0.1_dct_01234_16_run3,False,cfd,tsvdmii,0.1,dct,01234,16,run3,,,,,,,,,,,,,,,,,,,,,,
cfd_tsvdmii_0.1_dct_01234_1_run1,False,cfd,tsvdmii,0.1,dct,01234,1,run1,,,,,,,,,,,,,,,,,,,,,,
cfd_tsvdmii_0.1_dct_01234_1_run2,False,cfd,tsvdmii,0.1,dct,01234,1,run2,,,,,,,,,,,,,,,,,,,,,,
cfd_tsvdmii_0.1_dct_01234_1_run3,False,cfd,tsvdmii,0.1,dct,01234,1,run3,,,,,,,,,,,,,,,,,,,,,,
cfd_tsvdmii_0.1_dct_01234_2_run1,False,cfd,tsvdmii,0.1,dct,01234,2,run1,,,,,,,,,,,,,,,,,,,,,,
cfd_tsvdmii_0.1_dct_01234_2_run2,False,cfd,tsvdmii,0.1,dct,01234,2,run2,,,,,,,,,,,,,,,,,,,,,,
cfd_tsvdmii_0.1_dct_01234_2_run3,False,cfd,tsvdmii,0.1,dct,01234,2,run3,,,,,,,,,,,,,,,,,,,,,,
cfd_tsvdmii_0.1_dct_01234_32_run1,True,cfd,tsvdmii,0.1,dct,01234,32,run1,tsvdmii,dct,None,0.1,cfd,/lus/flare/projects/DFTCalc2/starM-HPC/starMData/cfd,"(0, 1, 2, 3, 4)","(253, 253, 253, 4, 6)",0.002039151731878519,1.0177027434110641e-05,16.123185842822533,0.28048807568848133,,0.5675765839405358,0.13071762211620808,0.7967342757619917,0.770934596657753,0.22195099433884025,428.6465161049676,0.09999769615124142,4286.563916999264,4265.078238291645
cfd_tsvdmii_0.1_dct_01234_32_run2,True,cfd,tsvdmii,0.1,dct,01234,32,run2,tsvdmii,dct,None,0.1,cfd,/lus/flare/projects/DFTCalc2/starM-HPC/starMData/cfd,"(0, 1, 2, 3, 4)","(253, 253, 253, 4, 6)",0.0017941463738679886,1.0910909622907639e-05,16.123185842822533,0.2785348524339497,,0.5686529772356153,0.12919098185375333,0.8245599139481783,0.7769504599273205,0.22177767707034945,428.6465161049676,0.09999769615124142,4286.563916999264,4265.078238291645
cfd_tsvdmii_0.1_dct_01234_32_run3,True,cfd,tsvdmii,0.1,dct,01234,32,run3,tsvdmii,dct,None,0.1,cfd,/lus/flare/projects/DFTCalc2/starM-HPC/starMData/cfd,"(0, 1, 2, 3, 4)","(253, 253, 253, 4, 6)",0.0020261090248823166,1.2553762644529343e-05,16.123185842822533,0.27833924861624837,,0.5685705840587616,0.1253785379230976,0.8023658492602408,0.7684258711524308,0.22260202653706074,428.6465161049676,0.09999769615124142,4286.563916999264,4265.078238291645
cfd_tsvdmii_0.1_dct_01234_4_run1,False,cfd,tsvdmii,0.1,dct,01234,4,run1,,,,,,,,,,,,,,,,,,,,,,
cfd_tsvdmii_0.1_dct_01234_4_run2,False,cfd,tsvdmii,0.1,dct,01234,4,run2,,,,,,,,,,,,,,,,,,,,,,
cfd_tsvdmii_0.1_dct_01234_4_run3,False,cfd,tsvdmii,0.1,dct,01234,4,run3,,,,,,,,,,,,,,,,,,,,,,
cfd_tsvdmii_0.1_dct_01234_64_run1,True,cfd,tsvdmii,0.1,dct,01234,64,run1,tsvdmii,dct,None,0.1,cfd,/lus/flare/projects/DFTCalc2/starM-HPC/starMData/cfd,"(0, 1, 2, 3, 4)","(253, 253, 253, 4, 6)",0.002035143319517374,1.1629890650510788e-05,16.123185842822533,0.22131689731031656,,0.3289975756779313,0.12705449666827917,0.661175865214318,1.1459344611503184,0.19731439650058746,428.6465161049674,0.09999769615124356,4286.56391699917,4265.078238291645
cfd_tsvdmii_0.1_dct_01234_64_run2,True,cfd,tsvdmii,0.1,dct,01234,64,run2,tsvdmii,dct,None,0.1,cfd,/lus/flare/projects/DFTCalc2/starM-HPC/starMData/cfd,"(0, 1, 2, 3, 4)","(253, 253, 253, 4, 6)",0.0011879047378897667,1.0964926332235336e-05,16.123185842822533,0.22140194615349174,,0.3297784011811018,0.12717392202466726,0.6660265740938485,1.1473084157332778,0.18454147409647703,428.6465161049674,0.09999769615124356,4286.56391699917,4265.078238291645
cfd_tsvdmii_0.1_dct_01234_64_run3,True,cfd,tsvdmii,0.1,dct,01234,64,run3,tsvdmii,dct,None,0.1,cfd,/lus/flare/projects/DFTCalc2/starM-HPC/starMData/cfd,"(0, 1, 2, 3, 4)","(253, 253, 253, 4, 6)",0.0016085170209407806,1.0679010301828384e-05,16.123185842822533,0.22402036655694246,,0.3300350410863757,0.12692925613373518,0.6652608020231128,1.1375061818398535,0.19900920754298568,428.6465161049674,0.09999769615124356,4286.56391699917,4265.078238291645
cfd_tsvdmii_0.1_dct_01234_8_run1,False,cfd,tsvdmii,0.1,dct,01234,8,run1,,,,,,,,,,,,,,,,,,,,,,
cfd_tsvdmii_0.1_dct_01234_8_run2,False,cfd,tsvdmii,0.1,dct,01234,8,run2,,,,,,,,,,,,,,,,,,,,,,
cfd_tsvdmii_0.1_dct_01234_8_run3,False,cfd,tsvdmii,0.1,dct,01234,8,run3,,,,,,,,,,,,,,,,,,,,,,
cfd_tsvdmii_0.25_dct_01234_16_run1,False,cfd,tsvdmii,0.25,dct,01234,16,run1,,,,,,,,,,,,,,,,,,,,,,
cfd_tsvdmii_0.25_dct_01234_16_run2,False,cfd,tsvdmii,0.25,dct,01234,16,run2,,,,,,,,,,,,,,,,,,,,,,
cfd_tsvdmii_0.25_dct_01234_16_run3,False,cfd,tsvdmii,0.25,dct,01234,16,run3,,,,,,,,,,,,,,,,,,,,,,
cfd_tsvdmii_0.25_dct_01234_1_run1,False,cfd,tsvdmii,0.25,dct,01234,1,run1,,,,,,,,,,,,,,,,,,,,,,
cfd_tsvdmii_0.25_dct_01234_1_run2,False,cfd,tsvdmii,0.25,dct,01234,1,run2,,,,,,,,,,,,,,,,,,,,,,
cfd_tsvdmii_0.25_dct_01234_1_run3,False,cfd,tsvdmii,0.25,dct,01234,1,run3,,,,,,,,,,,,,,,,,,,,,,
cfd_tsvdmii_0.25_dct_01234_2_run1,False,cfd,tsvdmii,0.25,dct,01234,2,run1,,,,,,,,,,,,,,,,,,,,,,
cfd_tsvdmii_0.25_dct_01234_2_run2,False,cfd,tsvdmii,0.25,dct,01234,2,run2,,,,,,,,,,,,,,,,,,,,,,
cfd_tsvdmii_0.25_dct_01234_2_run3,False,cfd,tsvdmii,0.25,dct,01234,2,run3,,,,,,,,,,,,,,,,,,,,,,
cfd_tsvdmii_0.25_dct_01234_32_run1,True,cfd,tsvdmii,0.25,dct,01234,32,run1,tsvdmii,dct,None,0.25,cfd,/lus/flare/projects/DFTCalc2/starM-HPC/starMData/cfd,"(0, 1, 2, 3, 4)","(253, 253, 253, 4, 6)",0.0011279038153588772,1.041404902935028e-05,116.11526720430783,0.27611769549548626,,0.5685219932347536,0.1260505891405046,0.23038850910961628,0.3886036882176995,0.2166640437208116,1071.5385142949788,0.24997609624939202,4286.563916999264,4150.474120736135
cfd_tsvdmii_0.25_dct_01234_32_run2,True,cfd,tsvdmii,0.25,dct,01234,32,run2,tsvdmii,dct,None,0.25,cfd,/lus/flare/projects/DFTCalc2/starM-HPC/starMData/cfd,"(0, 1, 2, 3, 4)","(253, 253, 253, 4, 6)",0.0011347150430083275,1.0116957128047943e-05,116.11526720430783,0.2764681330882013,,0.5678273220546544,0.12772117694839835,0.23091788683086634,0.3888167920522392,0.21638684021309018,1071.5385142949788,0.24997609624939202,4286.563916999264,4150.474120736135
cfd_tsvdmii_0.25_dct_01234_32_run3,True,cfd,tsvdmii,0.25,dct,01234,32,run3,tsvdmii,dct,None,0.25,cfd,/lus/flare/projects/DFTCalc2/starM-HPC/starMData/cfd,"(0, 1, 2, 3, 4)","(253, 253, 253, 4, 6)",0.002090523950755596,1.085689291357994e-05,116.11526720430783,0.2750457590445876,,0.57250812696293,0.12520762532949448,0.23011408187448978,0.3858136050403118,0.21622491162270308,1071.5385142949788,0.24997609624939202,4286.563916999264,4150.474120736135
cfd_tsvdmii_0.25_dct_01234_4_run1,False,cfd,tsvdmii,0.25,dct,01234,4,run1,,,,,,,,,,,,,,,,,,,,,,
cfd_tsvdmii_0.25_dct_01234_4_run2,False,cfd,tsvdmii,0.25,dct,01234,4,run2,,,,,,,,,,,,,,,,,,,,,,
cfd_tsvdmii_0.25_dct_01234_4_run3,False,cfd,tsvdmii,0.25,dct,01234,4,run3,,,,,,,,,,,,,,,,,,,,,,
cfd_tsvdmii_0.25_dct_01234_64_run1,True,cfd,tsvdmii,0.25,dct,01234,64,run1,tsvdmii,dct,None,0.25,cfd,/lus/flare/projects/DFTCalc2/starM-HPC/starMData/cfd,"(0, 1, 2, 3, 4)","(253, 253, 253, 4, 6)",0.002001440152525902,1.0402407497167587e-05,116.11526720430783,0.22487994330003858,,0.3300406518392265,0.13039518287405372,0.23137077689170837,0.6781805721111596,0.17923218477517366,1071.5385142949785,0.24997609624939743,4286.56391699917,4150.474120736136
cfd_tsvdmii_0.25_dct_01234_64_run2,True,cfd,tsvdmii,0.25,dct,01234,64,run2,tsvdmii,dct,None,0.25,cfd,/lus/flare/projects/DFTCalc2/starM-HPC/starMData/cfd,"(0, 1, 2, 3, 4)","(253, 253, 253, 4, 6)",0.002034091390669346,1.2150965631008148e-05,116.11526720430783,0.22600287664681673,,0.329273649957031,0.12639803672209382,0.23179390700533986,0.6624554367735982,0.17364355083554983,1071.5385142949785,0.24997609624939743,4286.56391699917,4150.474120736136
cfd_tsvdmii_0.25_dct_01234_64_run3,True,cfd,tsvdmii,0.25,dct,01234,64,run3,tsvdmii,dct,None,0.25,cfd,/lus/flare/projects/DFTCalc2/starM-HPC/starMData/cfd,"(0, 1, 2, 3, 4)","(253, 253, 253, 4, 6)",0.0020556519739329815,1.1764001101255417e-05,116.11526720430783,0.22599280532449484,,0.33037219988182187,0.12642983999103308,0.23195517994463444,0.6788688441738486,0.1808780850842595,1071.5385142949785,0.24997609624939743,4286.56391699917,4150.474120736136
cfd_tsvdmii_0.25_dct_01234_8_run1,False,cfd,tsvdmii,0.25,dct,01234,8,run1,,,,,,,,,,,,,,,,,,,,,,
cfd_tsvdmii_0.25_dct_01234_8_run2,False,cfd,tsvdmii,0.25,dct,01234,8,run2,,,,,,,,,,,,,,,,,,,,,,
cfd_tsvdmii_0.25_dct_01234_8_run3,False,cfd,tsvdmii,0.25,dct,01234,8,run3,,,,,,,,,,,,,,,,,,,,,,
ncep-air-6_tsvdmi_10_dct_012345_16_run1,False,ncep-air-6,tsvdmi,10,dct,012345,16,run1,,,,,,,,,,,,,,,,,,,,,,
ncep-air-6_tsvdmi_10_dct_012345_16_run2,False,ncep-air-6,tsvdmi,10,dct,012345,16,run2,,,,,,,,,,,,,,,,,,,,,,
ncep-air-6_tsvdmi_10_dct_012345_16_run3,False,ncep-air-6,tsvdmi,10,dct,012345,16,run3,,,,,,,,,,,,,,,,,,,,,,
ncep-air-6_tsvdmi_10_dct_012345_1_run1,False,ncep-air-6,tsvdmi,10,dct,012345,1,run1,,,,,,,,,,,,,,,,,,,,,,
ncep-air-6_tsvdmi_10_dct_012345_1_run2,False,ncep-air-6,tsvdmi,10,dct,012345,1,run2,,,,,,,,,,,,,,,,,,,,,,
ncep-air-6_tsvdmi_10_dct_012345_1_run3,False,ncep-air-6,tsvdmi,10,dct,012345,1,run3,,,,,,,,,,,,,,,,,,,,,,
ncep-air-6_tsvdmi_10_dct_012345_2_run1,False,ncep-air-6,tsvdmi,10,dct,012345,2,run1,,,,,,,,,,,,,,,,,,,,,,
ncep-air-6_tsvdmi_10_dct_012345_2_run2,False,ncep-air-6,tsvdmi,10,dct,012345,2,run2,,,,,,,,,,,,,,,,,,,,,,
ncep-air-6_tsvdmi_10_dct_012345_2_run3,False,ncep-air-6,tsvdmi,10,dct,012345,2,run3,,,,,,,,,,,,,,,,,,,,,,
ncep-air-6_tsvdmi_10_dct_012345_32_run1,True,ncep-air-6,tsvdmi,10,dct,012345,32,run1,tsvdmi,dct,10,None,ncep-air-6,/lus/flare/projects/DFTCalc2/starM-HPC/starMData/ncep/pressure,"(0, 1, 2, 3, 4, 5)","(73, 144, 17, 4, 365, 10)",0.0033160829916596413,1.1669006198644638e-05,4.822018348623853,2.012647666502744,7.157469418365508,,,,0.2624055780470371,1.9396968889050186,35875.47171954639,0.0029491423401276137,12164713.527524753,12164660.62643467
ncep-air-6_tsvdmi_10_dct_012345_32_run2,True,ncep-air-6,tsvdmi,10,dct,012345,32,run2,tsvdmi,dct,10,None,ncep-air-6,/lus/flare/projects/DFTCalc2/starM-HPC/starMData/ncep/pressure,"(0, 1, 2, 3, 4, 5)","(73, 144, 17, 4, 365, 10)",0.0025306749157607555,1.189718022942543e-05,4.822018348623853,2.0084894485771656,7.139842682983726,,,,0.26287622191011906,1.901936820242554,35875.47171954639,0.0029491423401276137,12164713.527524753,12164660.62643467
ncep-air-6_tsvdmi_10_dct_012345_32_run3,True,ncep-air-6,tsvdmi,10,dct,012345,32,run3,tsvdmi,dct,10,None,ncep-air-6,/lus/flare/projects/DFTCalc2/starM-HPC/starMData/ncep/pressure,"(0, 1, 2, 3, 4, 5)","(73, 144, 17, 4, 365, 10)",0.0031785531900823116,1.2591015547513962e-05,4.822018348623853,2.0135341435670853,7.249934021383524,,,,0.2621491374447942,1.9040623838081956,35875.47171954639,0.0029491423401276137,12164713.527524753,12164660.62643467
ncep-air-6_tsvdmi_10_dct_012345_4_run1,False,ncep-air-6,tsvdmi,10,dct,012345,4,run1,,,,,,,,,,,,,,,,,,,,,,
ncep-air-6_tsvdmi_10_dct_012345_4_run2,False,ncep-air-6,tsvdmi,10,dct,012345,4,run2,,,,,,,,,,,,,,,,,,,,,,
ncep-air-6_tsvdmi_10_dct_012345_4_run3,False,ncep-air-6,tsvdmi,10,dct,012345,4,run3,,,,,,,,,,,,,,,,,,,,,,
ncep-air-6_tsvdmi_10_dct_012345_64_run1,True,ncep-air-6,tsvdmi,10,dct,012345,64,run1,tsvdmi,dct,10,None,ncep-air-6,/lus/flare/projects/DFTCalc2/starM-HPC/starMData/ncep/pressure,"(0, 1, 2, 3, 4, 5)","(73, 144, 17, 4, 365, 10)",0.00257871113717556,1.1994969099760056e-05,4.822018348623853,1.549901036079973,4.399415508843958,,,,0.15631582494825125,1.4113550996407866,35875.47171954638,0.0029491423401359807,12164713.527490238,12164660.626434669
ncep-air-6_tsvdmi_10_dct_012345_64_run2,True,ncep-air-6,tsvdmi,10,dct,012345,64,run2,tsvdmi,dct,10,None,ncep-air-6,/lus/flare/projects/DFTCalc2/starM-HPC/starMData/ncep/pressure,"(0, 1, 2, 3, 4, 5)","(73, 144, 17, 4, 365, 10)",0.0025973767042160034,1.1945143342018127e-05,4.822018348623853,1.469467337243259,4.375888427719474,,,,0.1557293268851936,1.3947799787856638,35875.47171954638,0.0029491423401359807,12164713.527490238,12164660.626434669
ncep-air-6_tsvdmi_10_dct_012345_64_run3,True,ncep-air-6,tsvdmi,10,dct,012345,64,run3,tsvdmi,dct,10,None,ncep-air-6,/lus/flare/projects/DFTCalc2/starM-HPC/starMData/ncep/pressure,"(0, 1, 2, 3, 4, 5)","(73, 144, 17, 4, 365, 10)",0.0025744829326868057,1.1675991117954254e-05,4.822018348623853,1.476550363469869,4.337374981958419,,,,0.15646782098338008,1.3868553144857287,35875.47171954638,0.0029491423401359807,12164713.527490238,12164660.626434669
ncep-air-6_tsvdmi_10_dct_012345_8_run1,False,ncep-air-6,tsvdmi,10,dct,012345,8,run1,,,,,,,,,,,,,,,,,,,,,,
ncep-air-6_tsvdmi_10_dct_012345_8_run2,False,ncep-air-6,tsvdmi,10,dct,012345,8,run2,,,,,,,,,,,,,,,,,,,,,,
ncep-air-6_tsvdmi_10_dct_012345_8_run3,False,ncep-air-6,tsvdmi,10,dct,012345,8,run3,,,,,,,,,,,,,,,,,,,,,,
ncep-air-6_tsvdmi_1_dct_012345_16_run1,True,ncep-air-6,tsvdmi,1,dct,012345,16,run1,tsvdmi,dct,1,None,ncep-air-6,/lus/flare/projects/DFTCalc2/starM-HPC/starMData/ncep/pressure,"(0, 1, 2, 3, 4, 5)","(73, 144, 17, 4, 365, 10)",0.002618652011733502,1.1873024050146341e-05,48.22018348623853,3.6731950840330683,6.085136400011834,,,,0.380501021980308,3.5317891140002757,180065.67617653834,0.01480229483167123,12164713.5274773,12163380.7618632
ncep-air-6_tsvdmi_1_dct_012345_16_run2,True,ncep-air-6,tsvdmi,1,dct,012345,16,run2,tsvdmi,dct,1,None,ncep-air-6,/lus/flare/projects/DFTCalc2/starM-HPC/starMData/ncep/pressure,"(0, 1, 2, 3, 4, 5)","(73, 144, 17, 4, 365, 10)",0.003096177999395877,1.2450007488951087e-05,48.22018348623853,3.670951131993206,6.117174061015248,,,,0.37876649299869314,3.534855445002904,180065.67617653834,0.01480229483167123,12164713.5274773,12163380.7618632
ncep-air-6_tsvdmi_1_dct_012345_16_run3,True,ncep-air-6,tsvdmi,1,dct,012345,16,run3,tsvdmi,dct,1,None,ncep-air-6,/lus/flare/projects/DFTCalc2/starM-HPC/starMData/ncep/pressure,"(0, 1, 2, 3, 4, 5)","(73, 144, 17, 4, 365, 10)",0.0025393850228283554,1.0364019544795156e-05,48.22018348623853,3.6689555490156636,6.102342941012466,,,,0.37961705701309256,3.5360678719589487,180065.67617653834,0.01480229483167123,12164713.5274773,12163380.7618632
ncep-air-6_tsvdmi_1_dct_012345_1_run1,True,ncep-air-6,tsvdmi,1,dct,012345,1,run1,tsvdmi,dct,1,None,ncep-air-6,/lus/flare/projects/DFTCalc2/starM-HPC/starMData/ncep/pressure,"(0, 1, 2, 3, 4, 5)","(73, 144, 17, 4, 365, 10)",0.0025363469976582564,1.123100082622841e-05,48.22018348623853,50.79046490100154,96.44190571300715,,,,5.77123997900344,49.3917897029969,180065.67617653628,0.014802294831879228,12164713.527306225,12163380.761863207
ncep-air-6_tsvdmi_1_dct_012345_1_run2,True,ncep-air-6,tsvdmi,1,dct,012345,1,run2,tsvdmi,dct,1,None,ncep-air-6,/lus/flare/projects/DFTCalc2/starM-HPC/starMData/ncep/pressure,"(0, 1, 2, 3, 4, 5)","(73, 144, 17, 4, 365, 10)",0.0025176220005960204,1.1559000995475799e-05,48.22018348623853,50.80061896198458,96.46709909299534,,,,5.773877092004113,49.390327729001,180065.67617653628,0.014802294831879228,12164713.527306225,12163380.761863207
ncep-air-6_tsvdmi_1_dct_012345_1_run3,True,ncep-air-6,tsvdmi,1,dct,012345,1,run3,tsvdmi,dct,1,None,ncep-air-6,/lus/flare/projects/DFTCalc2/starM-HPC/starMData/ncep/pressure,"(0, 1, 2, 3, 4, 5)","(73, 144, 17, 4, 365, 10)",0.005745811999076977,1.2652002624236047e-05,48.22018348623853,51.02798815201095,97.03308087600453,,,,5.957005434000166,49.79795086899685,180065.67617653628,0.014802294831879228,12164713.527306225,12163380.761863207
ncep-air-6_tsvdmi_1_dct_012345_2_run1,True,ncep-air-6,tsvdmi,1,dct,012345,2,run1,tsvdmi,dct,1,None,ncep-air-6,/lus/flare/projects/DFTCalc2/starM-HPC/starMData/ncep/pressure,"(0, 1, 2, 3, 4, 5)","(73, 144, 17, 4, 365, 10)",0.00252602000546176,1.0846008080989122e-05,48.22018348623853,25.678210301004583,48.23466063699743,,,,2.950122989001102,24.957967658003327,180065.67617653846,0.014802294831657757,12164713.52748838,12163380.7618632
ncep-air-6_tsvdmi_1_dct_012345_2_run2,True,ncep-air-6,tsvdmi,1,dct,012345,2,run2,tsvdmi,dct,1,None,ncep-air-6,/lus/flare/projects/DFTCalc2/starM-HPC/starMData/ncep/pressure,"(0, 1, 2, 3, 4, 5)","(73, 144, 17, 4, 365, 10)",0.00320097099756822,1.1147989425808191e-05,48.22018348623853,25.768091926001944,48.47403651700006,,,,2.9678535080020083,25.041993097009254,180065.67617653846,0.014802294831657757,12164713.52748838,12163380.7618632
ncep-air-6_tsvdmi_1_dct_012345_2_run3,True,ncep-air-6,tsvdmi,1,dct,012345,2,run3,tsvdmi,dct,1,None,ncep-air-6,/lus/flare/projects/DFTCalc2/starM-HPC/starMData/ncep/pressure,"(0, 1, 2, 3, 4, 5)","(73, 144, 17, 4, 365, 10)",0.003045694000320509,1.1344003723934293e-05,48.22018348623853,25.717039767012466,48.25473555200733,,,,2.969297738003661,25.017481946997577,180065.67617653846,0.014802294831657757,12164713.52748838,12163380.7618632
ncep-air-6_tsvdmi_1_dct_012345_32_run1,True,ncep-air-6,tsvdmi,1,dct,012345,32,run1,tsvdmi,dct,1,None,ncep-air-6,/lus/flare/projects/DFTCalc2/starM-HPC/starMData/ncep/pressure,"(0, 1, 2, 3, 4, 5)","(73, 144, 17, 4, 365, 10)",0.002577363047748804,1.2350734323263168e-05,48.22018348623853,2.0124422814697027,3.0735160652548075,,,,0.1967457071878016,1.921380864456296,180065.67617653834,0.014802294831613489,12164713.527524753,12163380.761863204
ncep-air-6_tsvdmi_1_dct_012345_32_run2,True,ncep-air-6,tsvdmi,1,dct,012345,32,run2,tsvdmi,dct,1,None,ncep-air-6,/lus/flare/projects/DFTCalc2/starM-HPC/starMData/ncep/pressure,"(0, 1, 2, 3, 4, 5)","(73, 144, 17, 4, 365, 10)",0.003156527876853943,1.3431068509817123e-05,48.22018348623853,2.011684716679156,3.224007484037429,,,,0.1971495719626546,1.9050490972585976,180065.67617653834,0.014802294831613489,12164713.527524753,12163380.761863204
ncep-air-6_tsvdmi_1_dct_012345_32_run3,True,ncep-air-6,tsvdmi,1,dct,012345,32,run3,tsvdmi,dct,1,None,ncep-air-6,/lus/flare/projects/DFTCalc2/starM-HPC/starMData/ncep/pressure,"(0, 1, 2, 3, 4, 5)","(73, 144, 17, 4, 365, 10)",0.003159950952976942,1.1818017810583115e-05,48.22018348623853,2.010596983600408,3.096567738801241,,,,0.1974172117188573,1.9119787742383778,180065.67617653834,0.014802294831613489,12164713.527524753,12163380.761863204
"ncep-air-6_tsvdmi_1_dct_012345_4,_run1",False,ncep-air-6,tsvdmi,1,dct,012345,"4,",run1,,,,,,,,,,,,,,,,,,,,,,
ncep-air-6_tsvdmi_1_dct_012345_4_run1,True,ncep-air-6,tsvdmi,1,dct,012345,4,run1,tsvdmi,dct,1,None,ncep-air-6,/lus/flare/projects/DFTCalc2/starM-HPC/starMData/ncep/pressure,"(0, 1, 2, 3, 4, 5)","(73, 144, 17, 4, 365, 10)",0.003063964017201215,1.0880001354962587e-05,48.22018348623853,14.763862027000869,24.693603574996814,,,,1.4840549229993485,14.408806006977102,180065.67617653866,0.014802294831739225,12164713.527421443,12163380.761863256
ncep-air-6_tsvdmi_1_dct_012345_4_run2,True,ncep-air-6,tsvdmi,1,dct,012345,4,run2,tsvdmi,dct,1,None,ncep-air-6,/lus/flare/projects/DFTCalc2/starM-HPC/starMData/ncep/pressure,"(0, 1, 2, 3, 4, 5)","(73, 144, 17, 4, 365, 10)",0.0030161869945004582,1.0274001397192478e-05,48.22018348623853,14.850027936976403,24.30086117502651,,,,1.4852807199931704,14.465082767012063,180065.67617653866,0.014802294831739225,12164713.527421443,12163380.761863256
ncep-air-6_tsvdmi_1_dct_012345_4_run3,True,ncep-air-6,tsvdmi,1,dct,012345,4,run3,tsvdmi,dct,1,None,ncep-air-6,/lus/flare/projects/DFTCalc2/starM-HPC/starMData/ncep/pressure,"(0, 1, 2, 3, 4, 5)","(73, 144, 17, 4, 365, 10)",0.003056251007365063,1.0296003893017769e-05,48.22018348623853,14.882354597997619,24.338510670990217,,,,1.494558620994212,14.47427727599279,180065.67617653866,0.014802294831739225,12164713.527421443,12163380.761863256
ncep-air-6_tsvdmi_1_dct_012345_64_run1,True,ncep-air-6,tsvdmi,1,dct,012345,64,run1,tsvdmi,dct,1,None,ncep-air-6,/lus/flare/projects/DFTCalc2/starM-HPC/starMData/ncep/pressure,"(0, 1, 2, 3, 4, 5)","(73, 144, 17, 4, 365, 10)",0.003232367802411318,1.295376569032669e-05,48.22018348623853,1.47060491098091,1.9578851340338588,,,,0.11462071817368269,1.3888839506544173,180065.67617653837,0.01480229483165549,12164713.527490238,12163380.761863206
ncep-air-6_tsvdmi_1_dct_012345_64_run2,True,ncep-air-6,tsvdmi,1,dct,012345,64,run2,tsvdmi,dct,1,None,ncep-air-6,/lus/flare/projects/DFTCalc2/starM-HPC/starMData/ncep/pressure,"(0, 1, 2, 3, 4, 5)","(73, 144, 17, 4, 365, 10)",0.0033923857845366,1.125875860452652e-05,48.22018348623853,1.4940246464684606,2.002276443410665,,,,0.11455947766080499,1.3928923229686916,180065.67617653837,0.01480229483165549,12164713.527490238,12163380.761863206
ncep-air-6_tsvdmi_1_dct_012345_64_run3,True,ncep-air-6,tsvdmi,1,dct,012345,64,run3,tsvdmi,dct,1,None,ncep-air-6,/lus/flare/projects/DFTCalc2/starM-HPC/starMData/ncep/pressure,"(0, 1, 2, 3, 4, 5)","(73, 144, 17, 4, 365, 10)",0.0026599648408591747,1.1698808521032333e-05,48.22018348623853,1.4702040129341185,1.9839447368867695,,,,0.11433592066168785,1.4049885887652636,180065.67617653837,0.01480229483165549,12164713.527490238,12163380.761863206
ncep-air-6_tsvdmi_1_dct_012345_8_run1,True,ncep-air-6,tsvdmi,1,dct,012345,8,run1,tsvdmi,dct,1,None,ncep-air-6,/lus/flare/projects/DFTCalc2/starM-HPC/starMData/ncep/pressure,"(0, 1, 2, 3, 4, 5)","(73, 144, 17, 4, 365, 10)",0.0024238530022557825,1.047900877892971e-05,48.22018348623853,8.989510655024787,12.14718545699725,,,,0.7506267849821597,8.7904443720181,180065.67617653866,0.014802294831477561,12164713.527636481,12163380.761863224
ncep-air-6_tsvdmi_1_dct_012345_8_run2,True,ncep-air-6,tsvdmi,1,dct,012345,8,run2,tsvdmi,dct,1,None,ncep-air-6,/lus/flare/projects/DFTCalc2/starM-HPC/starMData/ncep/pressure,"(0, 1, 2, 3, 4, 5)","(73, 144, 17, 4, 365, 10)",0.0026886429986916482,1.3298005796968937e-05,48.22018348623853,8.98132980603259,12.18105029599974,,,,0.7487349389994051,8.761123210046208,180065.67617653866,0.014802294831477561,12164713.527636481,12163380.761863224
ncep-air-6_tsvdmi_1_dct_012345_8_run3,True,ncep-air-6,tsvdmi,1,dct,012345,8,run3,tsvdmi,dct,1,None,ncep-air-6,/lus/flare/projects/DFTCalc2/starM-HPC/starMData/ncep/pressure,"(0, 1, 2, 3, 4, 5)","(73, 144, 17, 4, 365, 10)",0.0030751919839531183,1.1397001799196005e-05,48.22018348623853,9.192223611986265,12.161728810984641,,,,0.7493443989951629,8.95894828197197,180065.67617653866,0.014802294831477561,12164713.527636481,12163380.761863224
ncep-air-6_tsvdmi_20_dct_012345_16_run1,False,ncep-air-6,tsvdmi,20,dct,012345,16,run1,,,,,,,,,,,,,,,,,,,,,,
ncep-air-6_tsvdmi_20_dct_012345_16_run2,False,ncep-air-6,tsvdmi,20,dct,012345,16,run2,,,,,,,,,,,,,,,,,,,,,,
ncep-air-6_tsvdmi_20_dct_012345_16_run3,False,ncep-air-6,tsvdmi,20,dct,012345,16,run3,,,,,,,,,,,,,,,,,,,,,,
ncep-air-6_tsvdmi_20_dct_012345_1_run1,False,ncep-air-6,tsvdmi,20,dct,012345,1,run1,,,,,,,,,,,,,,,,,,,,,,
ncep-air-6_tsvdmi_20_dct_012345_1_run2,False,ncep-air-6,tsvdmi,20,dct,012345,1,run2,,,,,,,,,,,,,,,,,,,,,,
ncep-air-6_tsvdmi_20_dct_012345_1_run3,False,ncep-air-6,tsvdmi,20,dct,012345,1,run3,,,,,,,,,,,,,,,,,,,,,,
ncep-air-6_tsvdmi_20_dct_012345_2_run1,False,ncep-air-6,tsvdmi,20,dct,012345,2,run1,,,,,,,,,,,,,,,,,,,,,,
ncep-air-6_tsvdmi_20_dct_012345_2_run2,False,ncep-air-6,tsvdmi,20,dct,012345,2,run2,,,,,,,,,,,,,,,,,,,,,,
ncep-air-6_tsvdmi_20_dct_012345_2_run3,False,ncep-air-6,tsvdmi,20,dct,012345,2,run3,,,,,,,,,,,,,,,,,,,,,,
ncep-air-6_tsvdmi_20_dct_012345_32_run1,True,ncep-air-6,tsvdmi,20,dct,012345,32,run1,tsvdmi,dct,20,None,ncep-air-6,/lus/flare/projects/DFTCalc2/starM-HPC/starMData/ncep/pressure,"(0, 1, 2, 3, 4, 5)","(73, 144, 17, 4, 365, 10)",0.0025588981807231903,1.2062955647706985e-05,2.4110091743119266,2.0220306222327054,10.930824341718107,,,,0.3131222459487617,1.9256653599441051,11128.23267815134,0.0009147961152534997,12164713.527524753,12164708.43745293
ncep-air-6_tsvdmi_20_dct_012345_32_run2,True,ncep-air-6,tsvdmi,20,dct,012345,32,run2,tsvdmi,dct,20,None,ncep-air-6,/lus/flare/projects/DFTCalc2/starM-HPC/starMData/ncep/pressure,"(0, 1, 2, 3, 4, 5)","(73, 144, 17, 4, 365, 10)",0.002655991818755865,1.0996125638484955e-05,2.4110091743119266,2.011462144088,10.913070045877248,,,,0.31305497977882624,1.905642682686448,11128.23267815134,0.0009147961152534997,12164713.527524753,12164708.43745293
ncep-air-6_tsvdmi_20_dct_012345_32_run3,True,ncep-air-6,tsvdmi,20,dct,012345,32,run3,tsvdmi,dct,20,None,ncep-air-6,/lus/flare/projects/DFTCalc2/starM-HPC/starMData/ncep/pressure,"(0, 1, 2, 3, 4, 5)","(73, 144, 17, 4, 365, 10)",0.0026002670638263226,1.2553296983242035e-05,2.4110091743119266,2.020947091281414,11.012721281964332,,,,0.3131408039480448,1.9033006741665304,11128.23267815134,0.0009147961152534997,12164713.527524753,12164708.43745293
ncep-air-6_tsvdmi_20_dct_012345_4_run1,False,ncep-air-6,tsvdmi,20,dct,012345,4,run1,,,,,,,,,,,,,,,,,,,,,,
ncep-air-6_tsvdmi_20_dct_012345_4_run2,False,ncep-air-6,tsvdmi,20,dct,012345,4,run2,,,,,,,,,,,,,,,,,,,,,,
ncep-air-6_tsvdmi_20_dct_012345_4_run3,False,ncep-air-6,tsvdmi,20,dct,012345,4,run3,,,,,,,,,,,,,,,,,,,,,,
ncep-air-6_tsvdmi_20_dct_012345_64_run1,True,ncep-air-6,tsvdmi,20,dct,012345,64,run1,tsvdmi,dct,20,None,ncep-air-6,/lus/flare/projects/DFTCalc2/starM-HPC/starMData/ncep/pressure,"(0, 1, 2, 3, 4, 5)","(73, 144, 17, 4, 365, 10)",0.002637796103954315,1.2348871678113937e-05,2.4110091743119266,1.49396421154961,6.903277888894081,,,,0.19241928169503808,1.367554129101336,11128.23267815134,0.0009147961152560952,12164713.527490238,12164708.437452931
ncep-air-6_tsvdmi_20_dct_012345_64_run2,True,ncep-air-6,tsvdmi,20,dct,012345,64,run2,tsvdmi,dct,20,None,ncep-air-6,/lus/flare/projects/DFTCalc2/starM-HPC/starMData/ncep/pressure,"(0, 1, 2, 3, 4, 5)","(73, 144, 17, 4, 365, 10)",0.002605463843792677,1.186225563287735e-05,2.4110091743119266,1.4709900664165616,6.847816199995577,,,,0.19135713204741478,1.3841331228613853,11128.23267815134,0.0009147961152560952,12164713.527490238,12164708.437452931
ncep-air-6_tsvdmi_20_dct_012345_64_run3,True,ncep-air-6,tsvdmi,20,dct,012345,64,run3,tsvdmi,dct,20,None,ncep-air-6,/lus/flare/projects/DFTCalc2/starM-HPC/starMData/ncep/pressure,"(0, 1, 2, 3, 4, 5)","(73, 144, 17, 4, 365, 10)",0.0026062410324811935,1.2389849871397018e-05,2.4110091743119266,1.5162644959054887,6.819514038972557,,,,0.19018599204719067,1.3800949244759977,11128.23267815134,0.0009147961152560952,12164713.527490238,12164708.437452931
ncep-air-6_tsvdmi_20_dct_012345_8_run1,False,ncep-air-6,tsvdmi,20,dct,012345,8,run1,,,,,,,,,,,,,,,,,,,,,,
ncep-air-6_tsvdmi_20_dct_012345_8_run2,False,ncep-air-6,tsvdmi,20,dct,012345,8,run2,,,,,,,,,,,,,,,,,,,,,,
ncep-air-6_tsvdmi_20_dct_012345_8_run3,False,ncep-air-6,tsvdmi,20,dct,012345,8,run3,,,,,,,,,,,,,,,,,,,,,,
ncep-air-6_tsvdmi_2_dct_012345_16_run1,False,ncep-air-6,tsvdmi,2,dct,012345,16,run1,,,,,,,,,,,,,,,,,,,,,,
ncep-air-6_tsvdmi_2_dct_012345_16_run2,False,ncep-air-6,tsvdmi,2,dct,012345,16,run2,,,,,,,,,,,,,,,,,,,,,,
ncep-air-6_tsvdmi_2_dct_012345_16_run3,False,ncep-air-6,tsvdmi,2,dct,012345,16,run3,,,,,,,,,,,,,,,,,,,,,,
ncep-air-6_tsvdmi_2_dct_012345_1_run1,False,ncep-air-6,tsvdmi,2,dct,012345,1,run1,,,,,,,,,,,,,,,,,,,,,,
ncep-air-6_tsvdmi_2_dct_012345_1_run2,False,ncep-air-6,tsvdmi,2,dct,012345,1,run2,,,,,,,,,,,,,,,,,,,,,,
ncep-air-6_tsvdmi_2_dct_012345_1_run3,False,ncep-air-6,tsvdmi,2,dct,012345,1,run3,,,,,,,,,,,,,,,,,,,,,,
ncep-air-6_tsvdmi_2_dct_012345_2_run1,False,ncep-air-6,tsvdmi,2,dct,012345,2,run1,,,,,,,,,,,,,,,,,,,,,,
ncep-air-6_tsvdmi_2_dct_012345_2_run2,False,ncep-air-6,tsvdmi,2,dct,012345,2,run2,,,,,,,,,,,,,,,,,,,,,,
ncep-air-6_tsvdmi_2_dct_012345_2_run3,False,ncep-air-6,tsvdmi,2,dct,012345,2,run3,,,,,,,,,,,,,,,,,,,,,,
ncep-air-6_tsvdmi_2_dct_012345_32_run1,True,ncep-air-6,tsvdmi,2,dct,012345,32,run1,tsvdmi,dct,2,None,ncep-air-6,/lus/flare/projects/DFTCalc2/starM-HPC/starMData/ncep/pressure,"(0, 1, 2, 3, 4, 5)","(73, 144, 17, 4, 365, 10)",0.0032246378250420094,1.1735130101442337e-05,24.110091743119266,2.0144554460421205,3.980848917271942,,,,0.20360564021393657,1.9107959708198905,133685.40866985632,0.010989605991737506,12164713.527524753,12163978.930321686
ncep-air-6_tsvdmi_2_dct_012345_32_run2,True,ncep-air-6,tsvdmi,2,dct,012345,32,run2,tsvdmi,dct,2,None,ncep-air-6,/lus/flare/projects/DFTCalc2/starM-HPC/starMData/ncep/pressure,"(0, 1, 2, 3, 4, 5)","(73, 144, 17, 4, 365, 10)",0.0026606000028550625,1.1097174137830734e-05,24.110091743119266,2.018086318857968,4.045493887737393,,,,0.20287115313112736,1.9067176170647144,133685.40866985632,0.010989605991737506,12164713.527524753,12163978.930321686
ncep-air-6_tsvdmi_2_dct_012345_32_run3,True,ncep-air-6,tsvdmi,2,dct,012345,32,run3,tsvdmi,dct,2,None,ncep-air-6,/lus/flare/projects/DFTCalc2/starM-HPC/starMData/ncep/pressure,"(0, 1, 2, 3, 4, 5)","(73, 144, 17, 4, 365, 10)",0.0026475139893591404,1.2438744306564331e-05,24.110091743119266,2.0076675196178257,3.9321722676977515,,,,0.20306270429864526,1.9111905423924327,133685.40866985632,0.010989605991737506,12164713.527524753,12163978.930321686
ncep-air-6_tsvdmi_2_dct_012345_4_run1,False,ncep-air-6,tsvdmi,2,dct,012345,4,run1,,,,,,,,,,,,,,,,,,,,,,
ncep-air-6_tsvdmi_2_dct_012345_4_run2,False,ncep-air-6,tsvdmi,2,dct,012345,4,run2,,,,,,,,,,,,,,,,,,,,,,
ncep-air-6_tsvdmi_2_dct_012345_4_run3,False,ncep-air-6,tsvdmi,2,dct,012345,4,run3,,,,,,,,,,,,,,,,,,,,,,
ncep-air-6_tsvdmi_2_dct_012345_64_run1,True,ncep-air-6,tsvdmi,2,dct,012345,64,run1,tsvdmi,dct,2,None,ncep-air-6,/lus/flare/projects/DFTCalc2/starM-HPC/starMData/ncep/pressure,"(0, 1, 2, 3, 4, 5)","(73, 144, 17, 4, 365, 10)",0.0031299619004130363,1.1045951396226883e-05,24.110091743119266,1.5060443351976573,2.3788908352144063,,,,0.1178306182846427,1.4229203988797963,133685.40866985638,0.010989605991768693,12164713.527490238,12163978.930321684
ncep-air-6_tsvdmi_2_dct_012345_64_run2,True,ncep-air-6,tsvdmi,2,dct,012345,64,run2,tsvdmi,dct,2,None,ncep-air-6,/lus/flare/projects/DFTCalc2/starM-HPC/starMData/ncep/pressure,"(0, 1, 2, 3, 4, 5)","(73, 144, 17, 4, 365, 10)",0.0031402800232172012,1.1530239135026932e-05,24.110091743119266,1.4984339871443808,2.591109476983547,,,,0.11812507780268788,1.3737203632481396,133685.40866985638,0.010989605991768693,12164713.527490238,12163978.930321684
ncep-air-6_tsvdmi_2_dct_012345_64_run3,True,ncep-air-6,tsvdmi,2,dct,012345,64,run3,tsvdmi,dct,2,None,ncep-air-6,/lus/flare/projects/DFTCalc2/starM-HPC/starMData/ncep/pressure,"(0, 1, 2, 3, 4, 5)","(73, 144, 17, 4, 365, 10)",0.0025889137759804726,1.1241994798183441e-05,24.110091743119266,1.4737513386644423,2.4333253032527864,,,,0.11754404800012708,1.486787548288703,133685.40866985638,0.010989605991768693,12164713.527490238,12163978.930321684
ncep-air-6_tsvdmi_2_dct_012345_8_run1,False,ncep-air-6,tsvdmi,2,dct,012345,8,run1,,,,,,,,,,,,,,,,,,,,,,
ncep-air-6_tsvdmi_2_dct_012345_8_run2,False,ncep-air-6,tsvdmi,2,dct,012345,8,run2,,,,,,,,,,,,,,,,,,,,,,
ncep-air-6_tsvdmi_2_dct_012345_8_run3,False,ncep-air-6,tsvdmi,2,dct,012345,8,run3,,,,,,,,,,,,,,,,,,,,,,
ncep-air-6_tsvdmi_3_dct_012345_16_run1,False,ncep-air-6,tsvdmi,3,dct,012345,16,run1,,,,,,,,,,,,,,,,,,,,,,
ncep-air-6_tsvdmi_3_dct_012345_16_run2,False,ncep-air-6,tsvdmi,3,dct,012345,16,run2,,,,,,,,,,,,,,,,,,,,,,
ncep-air-6_tsvdmi_3_dct_012345_16_run3,False,ncep-air-6,tsvdmi,3,dct,012345,16,run3,,,,,,,,,,,,,,,,,,,,,,
ncep-air-6_tsvdmi_3_dct_012345_1_run1,False,ncep-air-6,tsvdmi,3,dct,012345,1,run1,,,,,,,,,,,,,,,,,,,,,,
ncep-air-6_tsvdmi_3_dct_012345_1_run2,False,ncep-air-6,tsvdmi,3,dct,012345,1,run2,,,,,,,,,,,,,,,,,,,,,,
ncep-air-6_tsvdmi_3_dct_012345_1_run3,False,ncep-air-6,tsvdmi,3,dct,012345,1,run3,,,,,,,,,,,,,,,,,,,,,,
ncep-air-6_tsvdmi_3_dct_012345_2_run1,False,ncep-air-6,tsvdmi,3,dct,012345,2,run1,,,,,,,,,,,,,,,,,,,,,,
ncep-air-6_tsvdmi_3_dct_012345_2_run2,False,ncep-air-6,tsvdmi,3,dct,012345,2,run2,,,,,,,,,,,,,,,,,,,,,,
ncep-air-6_tsvdmi_3_dct_012345_2_run3,False,ncep-air-6,tsvdmi,3,dct,012345,2,run3,,,,,,,,,,,,,,,,,,,,,,
ncep-air-6_tsvdmi_3_dct_012345_32_run1,True,ncep-air-6,tsvdmi,3,dct,012345,32,run1,tsvdmi,dct,3,None,ncep-air-6,/lus/flare/projects/DFTCalc2/starM-HPC/starMData/ncep/pressure,"(0, 1, 2, 3, 4, 5)","(73, 144, 17, 4, 365, 10)",0.0033009997569024563,1.2168660759925842e-05,16.073394495412845,2.027788699604571,4.385038184002042,,,,0.2108532190322876,1.9050605110824108,104205.77309424395,0.00856623321695661,12164713.527524753,12164267.193820387
ncep-air-6_tsvdmi_3_dct_012345_32_run2,True,ncep-air-6,tsvdmi,3,dct,012345,32,run2,tsvdmi,dct,3,None,ncep-air-6,/lus/flare/projects/DFTCalc2/starM-HPC/starMData/ncep/pressure,"(0, 1, 2, 3, 4, 5)","(73, 144, 17, 4, 365, 10)",0.0025821970775723457,1.1764932423830032e-05,16.073394495412845,2.0075634932145476,4.324008270166814,,,,0.2107507772743702,1.9218859057873487,104205.77309424395,0.00856623321695661,12164713.527524753,12164267.193820387
ncep-air-6_tsvdmi_3_dct_012345_32_run3,True,ncep-air-6,tsvdmi,3,dct,012345,32,run3,tsvdmi,dct,3,None,ncep-air-6,/lus/flare/projects/DFTCalc2/starM-HPC/starMData/ncep/pressure,"(0, 1, 2, 3, 4, 5)","(73, 144, 17, 4, 365, 10)",0.002599928993731737,1.1607073247432709e-05,16.073394495412845,2.016848678700626,4.515210100915283,,,,0.20897813607007265,1.907678094226867,104205.77309424395,0.00856623321695661,12164713.527524753,12164267.193820387
ncep-air-6_tsvdmi_3_dct_012345_4_run1,False,ncep-air-6,tsvdmi,3,dct,012345,4,run1,,,,,,,,,,,,,,,,,,,,,,
ncep-air-6_tsvdmi_3_dct_012345_4_run2,False,ncep-air-6,tsvdmi,3,dct,012345,4,run2,,,,,,,,,,,,,,,,,,,,,,
ncep-air-6_tsvdmi_3_dct_012345_4_run3,False,ncep-air-6,tsvdmi,3,dct,012345,4,run3,,,,,,,,,,,,,,,,,,,,,,
ncep-air-6_tsvdmi_3_dct_012345_64_run1,True,ncep-air-6,tsvdmi,3,dct,012345,64,run1,tsvdmi,dct,3,None,ncep-air-6,/lus/flare/projects/DFTCalc2/starM-HPC/starMData/ncep/pressure,"(0, 1, 2, 3, 4, 5)","(73, 144, 17, 4, 365, 10)",0.0025414838455617428,1.1452008038759232e-05,16.073394495412845,1.510525956749916,2.666263631079346,,,,0.12259249109774828,1.4683332983404398,104205.77309424395,0.008566233216980915,12164713.527490238,12164267.193820385
ncep-air-6_tsvdmi_3_dct_012345_64_run2,True,ncep-air-6,tsvdmi,3,dct,012345,64,run2,tsvdmi,dct,3,None,ncep-air-6,/lus/flare/projects/DFTCalc2/starM-HPC/starMData/ncep/pressure,"(0, 1, 2, 3, 4, 5)","(73, 144, 17, 4, 365, 10)",0.0025927280075848103,1.4633871614933014e-05,16.073394495412845,1.4797589709050953,2.6724038356915116,,,,0.12245299387723207,1.388871577102691,104205.77309424395,0.008566233216980915,12164713.527490238,12164267.193820385
ncep-air-6_tsvdmi_3_dct_012345_64_run3,True,ncep-air-6,tsvdmi,3,dct,012345,64,run3,tsvdmi,dct,3,None,ncep-air-6,/lus/flare/projects/DFTCalc2/starM-HPC/starMData/ncep/pressure,"(0, 1, 2, 3, 4, 5)","(73, 144, 17, 4, 365, 10)",0.0025911303237080574,1.2258067727088928e-05,16.073394495412845,1.4775390275754035,2.737885687034577,,,,0.1224510190077126,1.3886508415453136,104205.77309424395,0.008566233216980915,12164713.527490238,12164267.193820385
ncep-air-6_tsvdmi_3_dct_012345_8_run1,False,ncep-air-6,tsvdmi,3,dct,012345,8,run1,,,,,,,,,,,,,,,,,,,,,,
ncep-air-6_tsvdmi_3_dct_012345_8_run2,False,ncep-air-6,tsvdmi,3,dct,012345,8,run2,,,,,,,,,,,,,,,,,,,,,,
ncep-air-6_tsvdmi_3_dct_012345_8_run3,False,ncep-air-6,tsvdmi,3,dct,012345,8,run3,,,,,,,,,,,,,,,,,,,,,,
ncep-air-6_tsvdmi_40_dct_012345_16_run1,False,ncep-air-6,tsvdmi,40,dct,012345,16,run1,,,,,,,,,,,,,,,,,,,,,,
ncep-air-6_tsvdmi_40_dct_012345_16_run2,False,ncep-air-6,tsvdmi,40,dct,012345,16,run2,,,,,,,,,,,,,,,,,,,,,,
ncep-air-6_tsvdmi_40_dct_012345_16_run3,False,ncep-air-6,tsvdmi,40,dct,012345,16,run3,,,,,,,,,,,,,,,,,,,,,,
ncep-air-6_tsvdmi_40_dct_012345_1_run1,False,ncep-air-6,tsvdmi,40,dct,012345,1,run1,,,,,,,,,,,,,,,,,,,,,,
ncep-air-6_tsvdmi_40_dct_012345_1_run2,False,ncep-air-6,tsvdmi,40,dct,012345,1,run2,,,,,,,,,,,,,,,,,,,,,,
ncep-air-6_tsvdmi_40_dct_012345_1_run3,False,ncep-air-6,tsvdmi,40,dct,012345,1,run3,,,,,,,,,,,,,,,,,,,,,,
ncep-air-6_tsvdmi_40_dct_012345_2_run1,False,ncep-air-6,tsvdmi,40,dct,012345,2,run1,,,,,,,,,,,,,,,,,,,,,,
ncep-air-6_tsvdmi_40_dct_012345_2_run2,False,ncep-air-6,tsvdmi,40,dct,012345,2,run2,,,,,,,,,,,,,,,,,,,,,,
ncep-air-6_tsvdmi_40_dct_012345_2_run3,False,ncep-air-6,tsvdmi,40,dct,012345,2,run3,,,,,,,,,,,,,,,,,,,,,,
ncep-air-6_tsvdmi_40_dct_012345_32_run1,True,ncep-air-6,tsvdmi,40,dct,012345,32,run1,tsvdmi,dct,40,None,ncep-air-6,/lus/flare/projects/DFTCalc2/starM-HPC/starMData/ncep/pressure,"(0, 1, 2, 3, 4, 5)","(73, 144, 17, 4, 365, 10)",0.00261734239757061,1.216493546962738e-05,1.2055045871559633,2.010530086234212,19.19210356194526,,,,0.41047442611306906,1.8996683107689023,781.7224358666847,6.42614751344455e-05,12164713.527524753,12164713.502368687
ncep-air-6_tsvdmi_40_dct_012345_32_run2,True,ncep-air-6,tsvdmi,40,dct,012345,32,run2,tsvdmi,dct,40,None,ncep-air-6,/lus/flare/projects/DFTCalc2/starM-HPC/starMData/ncep/pressure,"(0, 1, 2, 3, 4, 5)","(73, 144, 17, 4, 365, 10)",0.003158378414809704,1.2462027370929718e-05,1.2055045871559633,2.013513932004571,19.210376185830683,,,,0.4126242301426828,1.899857519660145,781.7224358666847,6.42614751344455e-05,12164713.527524753,12164713.502368687
ncep-air-6_tsvdmi_40_dct_012345_32_run3,True,ncep-air-6,tsvdmi,40,dct,012345,32,run3,tsvdmi,dct,40,None,ncep-air-6,/lus/flare/projects/DFTCalc2/starM-HPC/starMData/ncep/pressure,"(0, 1, 2, 3, 4, 5)","(73, 144, 17, 4, 365, 10)",0.003309505060315132,1.2770295143127441e-05,1.2055045871559633,2.0084461416117847,19.14154776884243,,,,0.4116478292271495,1.9013402215205133,781.7224358666847,6.42614751344455e-05,12164713.527524753,12164713.502368687
ncep-air-6_tsvdmi_40_dct_012345_4_run1,False,ncep-air-6,tsvdmi,40,dct,012345,4,run1,,,,,,,,,,,,,,,,,,,,,,
ncep-air-6_tsvdmi_40_dct_012345_4_run2,False,ncep-air-6,tsvdmi,40,dct,012345,4,run2,,,,,,,,,,,,,,,,,,,,,,
ncep-air-6_tsvdmi_40_dct_012345_4_run3,False,ncep-air-6,tsvdmi,40,dct,012345,4,run3,,,,,,,,,,,,,,,,,,,,,,
ncep-air-6_tsvdmi_40_dct_012345_64_run1,True,ncep-air-6,tsvdmi,40,dct,012345,64,run1,tsvdmi,dct,40,None,ncep-air-6,/lus/flare/projects/DFTCalc2/starM-HPC/starMData/ncep/pressure,"(0, 1, 2, 3, 4, 5)","(73, 144, 17, 4, 365, 10)",0.003209443297237158,1.3440847396850586e-05,1.2055045871559633,1.5012173824943602,11.987334712874144,,,,0.2571118315681815,1.3655433584935963,781.7224358666847,6.426147513462782e-05,12164713.527490238,12164713.502368692
ncep-air-6_tsvdmi_40_dct_012345_64_run2,True,ncep-air-6,tsvdmi,40,dct,012345,64,run2,tsvdmi,dct,40,None,ncep-air-6,/lus/flare/projects/DFTCalc2/starM-HPC/starMData/ncep/pressure,"(0, 1, 2, 3, 4, 5)","(73, 144, 17, 4, 365, 10)",0.0031462721526622772,1.2440141290426254e-05,1.2055045871559633,1.4704142096452415,12.051909279078245,,,,0.2556512407027185,1.3341495241038501,781.7224358666847,6.426147513462782e-05,12164713.527490238,12164713.502368692
ncep-air-6_tsvdmi_40_dct_012345_64_run3,True,ncep-air-6,tsvdmi,40,dct,012345,64,run3,tsvdmi,dct,40,None,ncep-air-6,/lus/flare/projects/DFTCalc2/starM-HPC/starMData/ncep/pressure,"(0, 1, 2, 3, 4, 5)","(73, 144, 17, 4, 365, 10)",0.002579005900770426,1.16787850856781e-05,1.2055045871559633,1.4678743411786854,12.064576725009829,,,,0.25518186995759606,1.3834472820162773,781.7224358666847,6.426147513462782e-05,12164713.527490238,12164713.502368692
ncep-air-6_tsvdmi_40_dct_012345_8_run1,False,ncep-air-6,tsvdmi,40,dct,012345,8,run1,,,,,,,,,,,,,,,,,,,,,,
ncep-air-6_tsvdmi_40_dct_012345_8_run2,False,ncep-air-6,tsvdmi,40,dct,012345,8,run2,,,,,,,,,,,,,,,,,,,,,,
ncep-air-6_tsvdmi_40_dct_012345_8_run3,False,ncep-air-6,tsvdmi,40,dct,012345,8,run3,,,,,,,,,,,,,,,,,,,,,,
ncep-air-6_tsvdmi_4_dct_012345_16_run1,False,ncep-air-6,tsvdmi,4,dct,012345,16,run1,,,,,,,,,,,,,,,,,,,,,,
ncep-air-6_tsvdmi_4_dct_012345_16_run2,False,ncep-air-6,tsvdmi,4,dct,012345,16,run2,,,,,,,,,,,,,,,,,,,,,,
ncep-air-6_tsvdmi_4_dct_012345_16_run3,False,ncep-air-6,tsvdmi,4,dct,012345,16,run3,,,,,,,,,,,,,,,,,,,,,,
ncep-air-6_tsvdmi_4_dct_012345_1_run1,False,ncep-air-6,tsvdmi,4,dct,012345,1,run1,,,,,,,,,,,,,,,,,,,,,,
ncep-air-6_tsvdmi_4_dct_012345_1_run2,False,ncep-air-6,tsvdmi,4,dct,012345,1,run2,,,,,,,,,,,,,,,,,,,,,,
ncep-air-6_tsvdmi_4_dct_012345_1_run3,False,ncep-air-6,tsvdmi,4,dct,012345,1,run3,,,,,,,,,,,,,,,,,,,,,,
ncep-air-6_tsvdmi_4_dct_012345_2_run1,False,ncep-air-6,tsvdmi,4,dct,012345,2,run1,,,,,,,,,,,,,,,,,,,,,,
ncep-air-6_tsvdmi_4_dct_012345_2_run2,False,ncep-air-6,tsvdmi,4,dct,012345,2,run2,,,,,,,,,,,,,,,,,,,,,,
ncep-air-6_tsvdmi_4_dct_012345_2_run3,False,ncep-air-6,tsvdmi,4,dct,012345,2,run3,,,,,,,,,,,,,,,,,,,,,,
ncep-air-6_tsvdmi_4_dct_012345_32_run1,True,ncep-air-6,tsvdmi,4,dct,012345,32,run1,tsvdmi,dct,4,None,ncep-air-6,/lus/flare/projects/DFTCalc2/starM-HPC/starMData/ncep/pressure,"(0, 1, 2, 3, 4, 5)","(73, 144, 17, 4, 365, 10)",0.003268640022724867,1.2182164937257767e-05,12.055045871559633,2.009167341981083,4.790360329207033,,,,0.2179279699921608,1.9082537149079144,86513.95249395838,0.007111877505229014,12164713.527524753,12164405.8852796
ncep-air-6_tsvdmi_4_dct_012345_32_run2,True,ncep-air-6,tsvdmi,4,dct,012345,32,run2,tsvdmi,dct,4,None,ncep-air-6,/lus/flare/projects/DFTCalc2/starM-HPC/starMData/ncep/pressure,"(0, 1, 2, 3, 4, 5)","(73, 144, 17, 4, 365, 10)",0.003136113751679659,1.3476237654685974e-05,12.055045871559633,2.0106403208337724,4.8842982281930745,,,,0.21818557009100914,1.905371324159205,86513.95249395838,0.007111877505229014,12164713.527524753,12164405.8852796
ncep-air-6_tsvdmi_4_dct_012345_32_run3,True,ncep-air-6,tsvdmi,4,dct,012345,32,run3,tsvdmi,dct,4,None,ncep-air-6,/lus/flare/projects/DFTCalc2/starM-HPC/starMData/ncep/pressure,"(0, 1, 2, 3, 4, 5)","(73, 144, 17, 4, 365, 10)",0.0025674179196357727,1.0624062269926071e-05,12.055045871559633,2.0238200537860394,4.7550425617955625,,,,0.21792704984545708,1.905064393300563,86513.95249395838,0.007111877505229014,12164713.527524753,12164405.8852796
ncep-air-6_tsvdmi_4_dct_012345_4_run1,False,ncep-air-6,tsvdmi,4,dct,012345,4,run1,,,,,,,,,,,,,,,,,,,,,,
ncep-air-6_tsvdmi_4_dct_012345_4_run2,False,ncep-air-6,tsvdmi,4,dct,012345,4,run2,,,,,,,,,,,,,,,,,,,,,,
ncep-air-6_tsvdmi_4_dct_012345_4_run3,False,ncep-air-6,tsvdmi,4,dct,012345,4,run3,,,,,,,,,,,,,,,,,,,,,,
ncep-air-6_tsvdmi_4_dct_012345_64_run1,True,ncep-air-6,tsvdmi,4,dct,012345,64,run1,tsvdmi,dct,4,None,ncep-air-6,/lus/flare/projects/DFTCalc2/starM-HPC/starMData/ncep/pressure,"(0, 1, 2, 3, 4, 5)","(73, 144, 17, 4, 365, 10)",0.002600261941552162,1.157401129603386e-05,12.055045871559633,1.5180892907083035,2.9086867989972234,,,,0.12648151628673077,1.4870138294063509,86513.95249395838,0.007111877505249193,12164713.527490238,12164405.885279598
ncep-air-6_tsvdmi_4_dct_012345_64_run2,True,ncep-air-6,tsvdmi,4,dct,012345,64,run2,tsvdmi,dct,4,None,ncep-air-6,/lus/flare/projects/DFTCalc2/starM-HPC/starMData/ncep/pressure,"(0, 1, 2, 3, 4, 5)","(73, 144, 17, 4, 365, 10)",0.0025981441140174866,1.2181699275970459e-05,12.055045871559633,1.5515571627765894,2.8971249680034816,,,,0.12683373223990202,1.3900121226906776,86513.95249395838,0.007111877505249193,12164713.527490238,12164405.885279598
ncep-air-6_tsvdmi_4_dct_012345_64_run3,True,ncep-air-6,tsvdmi,4,dct,012345,64,run3,tsvdmi,dct,4,None,ncep-air-6,/lus/flare/projects/DFTCalc2/starM-HPC/starMData/ncep/pressure,"(0, 1, 2, 3, 4, 5)","(73, 144, 17, 4, 365, 10)",0.0026360340416431427,1.1377036571502686e-05,12.055045871559633,1.5008429042063653,2.815203513018787,,,,0.1276414073072374,1.397800916340202,86513.95249395838,0.007111877505249193,12164713.527490238,12164405.885279598
ncep-air-6_tsvdmi_4_dct_012345_8_run1,False,ncep-air-6,tsvdmi,4,dct,012345,8,run1,,,,,,,,,,,,,,,,,,,,,,
ncep-air-6_tsvdmi_4_dct_012345_8_run2,False,ncep-air-6,tsvdmi,4,dct,012345,8,run2,,,,,,,,,,,,,,,,,,,,,,
ncep-air-6_tsvdmi_4_dct_012345_8_run3,False,ncep-air-6,tsvdmi,4,dct,012345,8,run3,,,,,,,,,,,,,,,,,,,,,,
ncep-air-6_tsvdmi_5_dct_012345_16_run1,False,ncep-air-6,tsvdmi,5,dct,012345,16,run1,,,,,,,,,,,,,,,,,,,,,,
ncep-air-6_tsvdmi_5_dct_012345_16_run2,False,ncep-air-6,tsvdmi,5,dct,012345,16,run2,,,,,,,,,,,,,,,,,,,,,,
ncep-air-6_tsvdmi_5_dct_012345_16_run3,False,ncep-air-6,tsvdmi,5,dct,012345,16,run3,,,,,,,,,,,,,,,,,,,,,,
ncep-air-6_tsvdmi_5_dct_012345_1_run1,False,ncep-air-6,tsvdmi,5,dct,012345,1,run1,,,,,,,,,,,,,,,,,,,,,,
ncep-air-6_tsvdmi_5_dct_012345_1_run2,False,ncep-air-6,tsvdmi,5,dct,012345,1,run2,,,,,,,,,,,,,,,,,,,,,,
ncep-air-6_tsvdmi_5_dct_012345_1_run3,False,ncep-air-6,tsvdmi,5,dct,012345,1,run3,,,,,,,,,,,,,,,,,,,,,,
ncep-air-6_tsvdmi_5_dct_012345_2_run1,False,ncep-air-6,tsvdmi,5,dct,012345,2,run1,,,,,,,,,,,,,,,,,,,,,,
ncep-air-6_tsvdmi_5_dct_012345_2_run2,False,ncep-air-6,tsvdmi,5,dct,012345,2,run2,,,,,,,,,,,,,,,,,,,,,,
ncep-air-6_tsvdmi_5_dct_012345_2_run3,False,ncep-air-6,tsvdmi,5,dct,012345,2,run3,,,,,,,,,,,,,,,,,,,,,,
ncep-air-6_tsvdmi_5_dct_012345_32_run1,True,ncep-air-6,tsvdmi,5,dct,012345,32,run1,tsvdmi,dct,5,None,ncep-air-6,/lus/flare/projects/DFTCalc2/starM-HPC/starMData/ncep/pressure,"(0, 1, 2, 3, 4, 5)","(73, 144, 17, 4, 365, 10)",0.0032382607460021973,1.2467149645090103e-05,9.644036697247707,2.0138689931482077,5.184234614018351,,,,0.2256661718711257,1.9051804426126182,73282.59102877352,0.006024193735673189,12164713.527524753,12164492.791220404
ncep-air-6_tsvdmi_5_dct_012345_32_run2,True,ncep-air-6,tsvdmi,5,dct,012345,32,run2,tsvdmi,dct,5,None,ncep-air-6,/lus/flare/projects/DFTCalc2/starM-HPC/starMData/ncep/pressure,"(0, 1, 2, 3, 4, 5)","(73, 144, 17, 4, 365, 10)",0.0032713040709495544,1.2665987014770508e-05,9.644036697247707,2.007592727430165,5.156687077134848,,,,0.22576832678169012,1.8961636908352375,73282.59102877352,0.006024193735673189,12164713.527524753,12164492.791220404
ncep-air-6_tsvdmi_5_dct_012345_32_run3,True,ncep-air-6,tsvdmi,5,dct,012345,32,run3,tsvdmi,dct,5,None,ncep-air-6,/lus/flare/projects/DFTCalc2/starM-HPC/starMData/ncep/pressure,"(0, 1, 2, 3, 4, 5)","(73, 144, 17, 4, 365, 10)",0.0025814389809966087,1.2010335922241211e-05,9.644036697247707,2.0155279035679996,5.130118441767991,,,,0.22525198990479112,1.9034190522506833,73282.59102877352,0.006024193735673189,12164713.527524753,12164492.791220404
ncep-air-6_tsvdmi_5_dct_012345_4_run1,False,ncep-air-6,tsvdmi,5,dct,012345,4,run1,,,,,,,,,,,,,,,,,,,,,,
ncep-air-6_tsvdmi_5_dct_012345_4_run2,False,ncep-air-6,tsvdmi,5,dct,012345,4,run2,,,,,,,,,,,,,,,,,,,,,,
ncep-air-6_tsvdmi_5_dct_012345_4_run3,False,ncep-air-6,tsvdmi,5,dct,012345,4,run3,,,,,,,,,,,,,,,,,,,,,,
ncep-air-6_tsvdmi_5_dct_012345_64_run1,True,ncep-air-6,tsvdmi,5,dct,012345,64,run1,tsvdmi,dct,5,None,ncep-air-6,/lus/flare/projects/DFTCalc2/starM-HPC/starMData/ncep/pressure,"(0, 1, 2, 3, 4, 5)","(73, 144, 17, 4, 365, 10)",0.002694516908377409,1.1473894119262695e-05,9.644036697247707,1.486253971233964,3.158615158405155,,,,0.13128932984545827,1.384189241565764,73282.5910287735,0.00602419373569028,12164713.527490238,12164492.7912204
ncep-air-6_tsvdmi_5_dct_012345_64_run2,True,ncep-air-6,tsvdmi,5,dct,012345,64,run2,tsvdmi,dct,5,None,ncep-air-6,/lus/flare/projects/DFTCalc2/starM-HPC/starMData/ncep/pressure,"(0, 1, 2, 3, 4, 5)","(73, 144, 17, 4, 365, 10)",0.0031326445750892162,1.161498948931694e-05,9.644036697247707,1.4746103486977518,3.2188181071542203,,,,0.13172879396006465,1.3992149122059345,73282.5910287735,0.00602419373569028,12164713.527490238,12164492.7912204
ncep-air-6_tsvdmi_5_dct_012345_64_run3,True,ncep-air-6,tsvdmi,5,dct,012345,64,run3,tsvdmi,dct,5,None,ncep-air-6,/lus/flare/projects/DFTCalc2/starM-HPC/starMData/ncep/pressure,"(0, 1, 2, 3, 4, 5)","(73, 144, 17, 4, 365, 10)",0.0025258497335016727,1.2174714356660843e-05,9.644036697247707,1.4741413691081107,3.1577401598915458,,,,0.13119435776025057,1.3879798226989806,73282.5910287735,0.00602419373569028,12164713.527490238,12164492.7912204
ncep-air-6_tsvdmi_5_dct_012345_8_run1,False,ncep-air-6,tsvdmi,5,dct,012345,8,run1,,,,,,,,,,,,,,,,,,,,,,
ncep-air-6_tsvdmi_5_dct_012345_8_run2,False,ncep-air-6,tsvdmi,5,dct,012345,8,run2,,,,,,,,,,,,,,,,,,,,,,
ncep-air-6_tsvdmi_5_dct_012345_8_run3,False,ncep-air-6,tsvdmi,5,dct,012345,8,run3,,,,,,,,,,,,,,,,,,,,,,
ncep-air-6_tsvdmii_0.0001_dct_012345_16_run1,True,ncep-air-6,tsvdmii,0.0001,dct,012345,16,run1,tsvdmii,dct,None,0.0001,ncep-air-6,/lus/flare/projects/DFTCalc2/starM-HPC/starMData/ncep/pressure,"(0, 1, 2, 3, 4, 5)","(73, 144, 17, 4, 365, 10)",0.0030378609953913838,1.0761985322460532e-05,1.4782800063443673,3.6718199589813594,,4.459566648991313,1.6999182910076343,35.23785210200003,11.79694964599912,3.6135891739977524,1216.469803301376,9.999987262779757e-05,12164713.5274773,12164713.466662595
ncep-air-6_tsvdmii_0.0001_dct_012345_16_run2,True,ncep-air-6,tsvdmii,0.0001,dct,012345,16,run2,tsvdmii,dct,None,0.0001,ncep-air-6,/lus/flare/projects/DFTCalc2/starM-HPC/starMData/ncep/pressure,"(0, 1, 2, 3, 4, 5)","(73, 144, 17, 4, 365, 10)",0.002470172999892384,1.0104995453730226e-05,1.4782800063443673,3.6535647049895488,,4.509435189014766,1.6988387609890196,35.1348779599939,11.988627885002643,3.607274217007216,1216.469803301376,9.999987262779757e-05,12164713.5274773,12164713.466662595
ncep-air-6_tsvdmii_0.0001_dct_012345_16_run3,True,ncep-air-6,tsvdmii,0.0001,dct,012345,16,run3,tsvdmii,dct,None,0.0001,ncep-air-6,/lus/flare/projects/DFTCalc2/starM-HPC/starMData/ncep/pressure,"(0, 1, 2, 3, 4, 5)","(73, 144, 17, 4, 365, 10)",0.0029434360039886087,1.0499992640689015e-05,1.4782800063443673,3.68429604996345,,4.446398586005671,1.752661745005753,35.21799072000431,13.099065160000464,3.611774555989541,1216.469803301376,9.999987262779757e-05,12164713.5274773,12164713.466662595
ncep-air-6_tsvdmii_0.0001_dct_012345_1_run1,True,ncep-air-6,tsvdmii,0.0001,dct,012345,1,run1,tsvdmii,dct,None,0.0001,ncep-air-6,/lus/flare/projects/DFTCalc2/starM-HPC/starMData/ncep/pressure,"(0, 1, 2, 3, 4, 5)","(73, 144, 17, 4, 365, 10)",0.002536086001782678,1.1146999895572662e-05,1.4782800063443673,51.17871644600382,,69.75133639900014,1.6801386959996307,532.4927719520056,10.604646849998971,49.40906583199103,1216.469803301378,9.999987262920405e-05,12164713.527306225,12164713.466662727
ncep-air-6_tsvdmii_0.0001_dct_012345_1_run2,True,ncep-air-6,tsvdmii,0.0001,dct,012345,1,run2,tsvdmii,dct,None,0.0001,ncep-air-6,/lus/flare/projects/DFTCalc2/starM-HPC/starMData/ncep/pressure,"(0, 1, 2, 3, 4, 5)","(73, 144, 17, 4, 365, 10)",0.0030652169953100383,1.1714000720530748e-05,1.4782800063443673,51.419507453014376,,70.71470964000036,1.6790730089996941,532.3194561440032,10.603442444000393,49.41525648499373,1216.469803301378,9.999987262920405e-05,12164713.527306225,12164713.466662727
ncep-air-6_tsvdmii_0.0001_dct_012345_1_run3,True,ncep-air-6,tsvdmii,0.0001,dct,012345,1,run3,tsvdmii,dct,None,0.0001,ncep-air-6,/lus/flare/projects/DFTCalc2/starM-HPC/starMData/ncep/pressure,"(0, 1, 2, 3, 4, 5)","(73, 144, 17, 4, 365, 10)",0.0025284629955422133,1.0949006536975503e-05,1.4782800063443673,50.80998421202821,,70.849544814002,1.6796020890033105,532.8069239379984,10.598382847994799,49.5506792270171,1216.469803301378,9.999987262920405e-05,12164713.527306225,12164713.466662727
ncep-air-6_tsvdmii_0.0001_dct_012345_2_run1,True,ncep-air-6,tsvdmii,0.0001,dct,012345,2,run1,tsvdmii,dct,None,0.0001,ncep-air-6,/lus/flare/projects/DFTCalc2/starM-HPC/starMData/ncep/pressure,"(0, 1, 2, 3, 4, 5)","(73, 144, 17, 4, 365, 10)",0.0024963679898064584,1.126900315284729e-05,1.4782800063443673,25.684525931996177,,35.85146589198848,1.7125916210061405,273.2837453640095,10.061534977998235,24.87533943798917,1216.4698033013717,9.999987262770613e-05,12164713.52748838,12164713.466662642
ncep-air-6_tsvdmii_0.0001_dct_012345_2_run2,True,ncep-air-6,tsvdmii,0.0001,dct,012345,2,run2,tsvdmii,dct,None,0.0001,ncep-air-6,/lus/flare/projects/DFTCalc2/starM-HPC/starMData/ncep/pressure,"(0, 1, 2, 3, 4, 5)","(73, 144, 17, 4, 365, 10)",0.002518309003789909,1.1950993211939931e-05,1.4782800063443673,25.796755392002524,,35.123603187996196,1.681632191000972,272.93101951699646,9.849681598003372,24.93484772698139,1216.4698033013717,9.999987262770613e-05,12164713.52748838,12164713.466662642
ncep-air-6_tsvdmii_0.0001_dct_012345_2_run3,True,ncep-air-6,tsvdmii,0.0001,dct,012345,2,run3,tsvdmii,dct,None,0.0001,ncep-air-6,/lus/flare/projects/DFTCalc2/starM-HPC/starMData/ncep/pressure,"(0, 1, 2, 3, 4, 5)","(73, 144, 17, 4, 365, 10)",0.003164128997013904,1.1569005437195301e-05,1.4782800063443673,25.70245267098653,,35.09311229000741,1.68383253000502,273.14211424400855,10.309350625000661,24.89357291601482,1216.4698033013717,9.999987262770613e-05,12164713.52748838,12164713.466662642
ncep-air-6_tsvdmii_0.0001_dct_012345_32_run1,True,ncep-air-6,tsvdmii,0.0001,dct,012345,32,run1,tsvdmii,dct,None,0.0001,ncep-air-6,/lus/flare/projects/DFTCalc2/starM-HPC/starMData/ncep/pressure,"(0, 1, 2, 3, 4, 5)","(73, 144, 17, 4, 365, 10)",0.0033471640199422836,1.2822914868593216e-05,1.4782800063443673,2.0182696860283613,,2.4260498476214707,1.7535307668149471,18.065757821779698,17.93286597682163,1.9550671079196036,1216.469803301376,9.999987262740748e-05,12164713.527524753,12164713.466662591
ncep-air-6_tsvdmii_0.0001_dct_012345_32_run2,True,ncep-air-6,tsvdmii,0.0001,dct,012345,32,run2,tsvdmii,dct,None,0.0001,ncep-air-6,/lus/flare/projects/DFTCalc2/starM-HPC/starMData/ncep/pressure,"(0, 1, 2, 3, 4, 5)","(73, 144, 17, 4, 365, 10)",0.00307260500267148,1.1409632861614227e-05,1.4782800063443673,2.0160563681274652,,2.344431404955685,1.753693190868944,17.926434449851513,17.803709113039076,1.9465652010403574,1216.469803301376,9.999987262740748e-05,12164713.527524753,12164713.466662591
ncep-air-6_tsvdmii_0.0001_dct_012345_32_run3,True,ncep-air-6,tsvdmii,0.0001,dct,012345,32,run3,tsvdmii,dct,None,0.0001,ncep-air-6,/lus/flare/projects/DFTCalc2/starM-HPC/starMData/ncep/pressure,"(0, 1, 2, 3, 4, 5)","(73, 144, 17, 4, 365, 10)",0.0026093600317835808,1.2415926903486252e-05,1.4782800063443673,2.086245491169393,,2.2562650609761477,1.75412364769727,17.847754057962447,17.72428872808814,1.941849183756858,1216.469803301376,9.999987262740748e-05,12164713.527524753,12164713.466662591
ncep-air-6_tsvdmii_0.0001_dct_012345_4_run1,True,ncep-air-6,tsvdmii,0.0001,dct,012345,4,run1,tsvdmii,dct,None,0.0001,ncep-air-6,/lus/flare/projects/DFTCalc2/starM-HPC/starMData/ncep/pressure,"(0, 1, 2, 3, 4, 5)","(73, 144, 17, 4, 365, 10)",0.003005289996508509,9.867013432085514e-06,1.4782800063443673,14.852786141011165,,17.737113108014455,1.740197585982969,138.8898398100282,12.112070312985452,14.713766430999385,1216.4698033013808,9.999987262825713e-05,12164713.527421443,12164713.466662606
ncep-air-6_tsvdmii_0.0001_dct_012345_4_run2,True,ncep-air-6,tsvdmii,0.0001,dct,012345,4,run2,tsvdmii,dct,None,0.0001,ncep-air-6,/lus/flare/projects/DFTCalc2/starM-HPC/starMData/ncep/pressure,"(0, 1, 2, 3, 4, 5)","(73, 144, 17, 4, 365, 10)",0.0024837460077833384,1.0794989066198468e-05,1.4782800063443673,14.918891771987546,,17.643572932021925,1.7079323089856189,140.22406199399848,11.552093211997999,14.76957425798173,1216.4698033013808,9.999987262825713e-05,12164713.527421443,12164713.466662606
ncep-air-6_tsvdmii_0.0001_dct_012345_4_run3,True,ncep-air-6,tsvdmii,0.0001,dct,012345,4,run3,tsvdmii,dct,None,0.0001,ncep-air-6,/lus/flare/projects/DFTCalc2/starM-HPC/starMData/ncep/pressure,"(0, 1, 2, 3, 4, 5)","(73, 144, 17, 4, 365, 10)",0.00321101798908785,9.871990187093616e-06,1.4782800063443673,14.858918125013588,,17.88704127498204,1.7406874820007943,138.7044757079857,12.66666416201042,14.662421176006319,1216.4698033013808,9.999987262825713e-05,12164713.527421443,12164713.466662606
ncep-air-6_tsvdmii_0.0001_dct_012345_64_run1,True,ncep-air-6,tsvdmii,0.0001,dct,012345,64,run1,tsvdmii,dct,None,0.0001,ncep-air-6,/lus/flare/projects/DFTCalc2/starM-HPC/starMData/ncep/pressure,"(0, 1, 2, 3, 4, 5)","(73, 144, 17, 4, 365, 10)",0.0025438060984015465,1.1283904314041138e-05,1.4782800063443673,1.4994597085751593,,1.348807985894382,1.742052367888391,10.732844134327024,25.97310863621533,1.3789911991916597,1216.469803301377,9.999987262769129e-05,12164713.527490238,12164713.466662593
ncep-air-6_tsvdmii_0.0001_dct_012345_64_run2,True,ncep-air-6,tsvdmii,0.0001,dct,012345,64,run2,tsvdmii,dct,None,0.0001,ncep-air-6,/lus/flare/projects/DFTCalc2/starM-HPC/starMData/ncep/pressure,"(0, 1, 2, 3, 4, 5)","(73, 144, 17, 4, 365, 10)",0.0025642230175435543,1.2056902050971985e-05,1.4782800063443673,1.4695939300581813,,1.3540826449170709,1.7404960771091282,10.736260537989438,25.04461312899366,1.3843892691656947,1216.469803301377,9.999987262769129e-05,12164713.527490238,12164713.466662593
ncep-air-6_tsvdmii_0.0001_dct_012345_64_run3,True,ncep-air-6,tsvdmii,0.0001,dct,012345,64,run3,tsvdmii,dct,None,0.0001,ncep-air-6,/lus/flare/projects/DFTCalc2/starM-HPC/starMData/ncep/pressure,"(0, 1, 2, 3, 4, 5)","(73, 144, 17, 4, 365, 10)",0.002575809136033058,1.274794340133667e-05,1.4782800063443673,1.4731808709912002,,1.3488777922466397,1.7571081588976085,10.79143729293719,25.618389261886477,1.4872932732105255,1216.469803301377,9.999987262769129e-05,12164713.527490238,12164713.466662593
ncep-air-6_tsvdmii_0.0001_dct_012345_8_run1,True,ncep-air-6,tsvdmii,0.0001,dct,012345,8,run1,tsvdmii,dct,None,0.0001,ncep-air-6,/lus/flare/projects/DFTCalc2/starM-HPC/starMData/ncep/pressure,"(0, 1, 2, 3, 4, 5)","(73, 144, 17, 4, 365, 10)",0.012545836012577638,1.2187985703349113e-05,1.4782800063443673,8.954891742003383,,8.840832023997791,1.7448295099893585,70.47062818601262,11.892597608006326,8.89688007600489,1216.4698033013783,9.99998726264892e-05,12164713.527636481,12164713.466662604
ncep-air-6_tsvdmii_0.0001_dct_012345_8_run2,True,ncep-air-6,tsvdmii,0.0001,dct,012345,8,run2,tsvdmii,dct,None,0.0001,ncep-air-6,/lus/flare/projects/DFTCalc2/starM-HPC/starMData/ncep/pressure,"(0, 1, 2, 3, 4, 5)","(73, 144, 17, 4, 365, 10)",0.003165553993312642,1.0235991794615984e-05,1.4782800063443673,8.988150781020522,,8.83676595200086,1.7454652820015326,70.12938697100617,12.56742266198853,8.90153494803235,1216.4698033013783,9.99998726264892e-05,12164713.527636481,12164713.466662604
ncep-air-6_tsvdmii_0.0001_dct_012345_8_run3,True,ncep-air-6,tsvdmii,0.0001,dct,012345,8,run3,tsvdmii,dct,None,0.0001,ncep-air-6,/lus/flare/projects/DFTCalc2/starM-HPC/starMData/ncep/pressure,"(0, 1, 2, 3, 4, 5)","(73, 144, 17, 4, 365, 10)",0.002599567989818752,1.2598000466823578e-05,1.4782800063443673,8.972655434947228,,8.849115454009734,1.6928373770206235,70.15570466200006,12.396239798981696,8.913811645034002,1216.4698033013783,9.99998726264892e-05,12164713.527636481,12164713.466662604
ncep-air-6_tsvdmii_0.001_dct_012345_16_run1,False,ncep-air-6,tsvdmii,0.001,dct,012345,16,run1,,,,,,,,,,,,,,,,,,,,,,
ncep-air-6_tsvdmii_0.001_dct_012345_16_run2,False,ncep-air-6,tsvdmii,0.001,dct,012345,16,run2,,,,,,,,,,,,,,,,,,,,,,
ncep-air-6_tsvdmii_0.001_dct_012345_16_run3,False,ncep-air-6,tsvdmii,0.001,dct,012345,16,run3,,,,,,,,,,,,,,,,,,,,,,
ncep-air-6_tsvdmii_0.001_dct_012345_1_run1,False,ncep-air-6,tsvdmii,0.001,dct,012345,1,run1,,,,,,,,,,,,,,,,,,,,,,
ncep-air-6_tsvdmii_0.001_dct_012345_1_run2,False,ncep-air-6,tsvdmii,0.001,dct,012345,1,run2,,,,,,,,,,,,,,,,,,,,,,
ncep-air-6_tsvdmii_0.001_dct_012345_1_run3,False,ncep-air-6,tsvdmii,0.001,dct,012345,1,run3,,,,,,,,,,,,,,,,,,,,,,
ncep-air-6_tsvdmii_0.001_dct_012345_2_run1,False,ncep-air-6,tsvdmii,0.001,dct,012345,2,run1,,,,,,,,,,,,,,,,,,,,,,
ncep-air-6_tsvdmii_0.001_dct_012345_2_run2,False,ncep-air-6,tsvdmii,0.001,dct,012345,2,run2,,,,,,,,,,,,,,,,,,,,,,
ncep-air-6_tsvdmii_0.001_dct_012345_2_run3,False,ncep-air-6,tsvdmii,0.001,dct,012345,2,run3,,,,,,,,,,,,,,,,,,,,,,
ncep-air-6_tsvdmii_0.001_dct_012345_32_run1,True,ncep-air-6,tsvdmii,0.001,dct,012345,32,run1,tsvdmii,dct,None,0.001,ncep-air-6,/lus/flare/projects/DFTCalc2/starM-HPC/starMData/ncep/pressure,"(0, 1, 2, 3, 4, 5)","(73, 144, 17, 4, 365, 10)",0.003224068321287632,1.1203344911336899e-05,3.2093257127607195,2.0113838487304747,,2.3177902130410075,1.7053871098905802,10.616796337068081,18.5648445780389,1.980455226264894,12164.707661068393,0.0009999995177480878,12164713.527524753,12164707.44513359
ncep-air-6_tsvdmii_0.001_dct_012345_32_run2,True,ncep-air-6,tsvdmii,0.001,dct,012345,32,run2,tsvdmii,dct,None,0.001,ncep-air-6,/lus/flare/projects/DFTCalc2/starM-HPC/starMData/ncep/pressure,"(0, 1, 2, 3, 4, 5)","(73, 144, 17, 4, 365, 10)",0.002588965930044651,1.0827090591192245e-05,3.2093257127607195,2.024207421578467,,2.2955241706222296,1.751536951866001,10.837130852043629,18.55049522407353,1.9536073920316994,12164.707661068393,0.0009999995177480878,12164713.527524753,12164707.44513359
ncep-air-6_tsvdmii_0.001_dct_012345_32_run3,True,ncep-air-6,tsvdmii,0.001,dct,012345,32,run3,tsvdmii,dct,None,0.001,ncep-air-6,/lus/flare/projects/DFTCalc2/starM-HPC/starMData/ncep/pressure,"(0, 1, 2, 3, 4, 5)","(73, 144, 17, 4, 365, 10)",0.0025677080266177654,1.2127216905355453e-05,3.2093257127607195,2.012974640354514,,2.3029224420897663,1.7333453460596502,10.897001918405294,18.403781895991415,2.041374480817467,12164.707661068393,0.0009999995177480878,12164713.527524753,12164707.44513359
ncep-air-6_tsvdmii_0.001_dct_012345_4_run1,False,ncep-air-6,tsvdmii,0.001,dct,012345,4,run1,,,,,,,,,,,,,,,,,,,,,,
ncep-air-6_tsvdmii_0.001_dct_012345_4_run2,False,ncep-air-6,tsvdmii,0.001,dct,012345,4,run2,,,,,,,,,,,,,,,,,,,,,,
ncep-air-6_tsvdmii_0.001_dct_012345_4_run3,False,ncep-air-6,tsvdmii,0.001,dct,012345,4,run3,,,,,,,,,,,,,,,,,,,,,,
ncep-air-6_tsvdmii_0.001_dct_012345_64_run1,True,ncep-air-6,tsvdmii,0.001,dct,012345,64,run1,tsvdmii,dct,None,0.001,ncep-air-6,/lus/flare/projects/DFTCalc2/starM-HPC/starMData/ncep/pressure,"(0, 1, 2, 3, 4, 5)","(73, 144, 17, 4, 365, 10)",0.003213203977793455,1.2370757758617401e-05,3.2093257127607195,1.4986315192654729,,1.349397742189467,1.7603101818822324,6.318756470922381,31.570298469625413,1.4680377594195306,12164.707661068398,0.0009999995177509256,12164713.527490238,12164707.445133585
ncep-air-6_tsvdmii_0.001_dct_012345_64_run2,True,ncep-air-6,tsvdmii,0.001,dct,012345,64,run2,tsvdmii,dct,None,0.001,ncep-air-6,/lus/flare/projects/DFTCalc2/starM-HPC/starMData/ncep/pressure,"(0, 1, 2, 3, 4, 5)","(73, 144, 17, 4, 365, 10)",0.0026656687259674072,1.2371223419904709e-05,3.2093257127607195,1.4752437081187963,,1.3931628167629242,1.7428959589451551,6.4920547367073596,28.941383528057486,1.437304314225912,12164.707661068398,0.0009999995177509256,12164713.527490238,12164707.445133585
ncep-air-6_tsvdmii_0.001_dct_012345_64_run3,True,ncep-air-6,tsvdmii,0.001,dct,012345,64,run3,tsvdmii,dct,None,0.001,ncep-air-6,/lus/flare/projects/DFTCalc2/starM-HPC/starMData/ncep/pressure,"(0, 1, 2, 3, 4, 5)","(73, 144, 17, 4, 365, 10)",0.00258891424164176,1.3243872672319412e-05,3.2093257127607195,1.490771363954991,,1.3511930331587791,1.7751940730959177,6.357188010122627,31.79990441771224,1.4663001536391675,12164.707661068398,0.0009999995177509256,12164713.527490238,12164707.445133585
ncep-air-6_tsvdmii_0.001_dct_012345_8_run1,False,ncep-air-6,tsvdmii,0.001,dct,012345,8,run1,,,,,,,,,,,,,,,,,,,,,,
ncep-air-6_tsvdmii_0.001_dct_012345_8_run2,False,ncep-air-6,tsvdmii,0.001,dct,012345,8,run2,,,,,,,,,,,,,,,,,,,,,,
ncep-air-6_tsvdmii_0.001_dct_012345_8_run3,False,ncep-air-6,tsvdmii,0.001,dct,012345,8,run3,,,,,,,,,,,,,,,,,,,,,,
ncep-air-6_tsvdmii_0.01_dct_012345_16_run1,True,ncep-air-6,tsvdmii,0.01,dct,012345,16,run1,tsvdmii,dct,None,0.01,ncep-air-6,/lus/flare/projects/DFTCalc2/starM-HPC/starMData/ncep/pressure,"(0, 1, 2, 3, 4, 5)","(73, 144, 17, 4, 365, 10)",0.0030666629900224507,1.060499926097691e-05,1015.1187057917222,3.665879429987399,,4.469950231985422,1.6965039520000573,0.34952787499059923,3.2783203900035005,3.475129933009157,121644.73385737225,0.009999802591536962,12164713.5274773,12164105.300618123
ncep-air-6_tsvdmii_0.01_dct_012345_16_run2,True,ncep-air-6,tsvdmii,0.01,dct,012345,16,run2,tsvdmii,dct,None,0.01,ncep-air-6,/lus/flare/projects/DFTCalc2/starM-HPC/starMData/ncep/pressure,"(0, 1, 2, 3, 4, 5)","(73, 144, 17, 4, 365, 10)",0.0031708749884273857,1.0857998859137297e-05,1015.1187057917222,3.6871340599900577,,4.471964477997972,1.75259110800107,0.3514651209989097,3.2208755419997033,3.5043376910034567,121644.73385737225,0.009999802591536962,12164713.5274773,12164105.300618123
ncep-air-6_tsvdmii_0.01_dct_012345_16_run3,True,ncep-air-6,tsvdmii,0.01,dct,012345,16,run3,tsvdmii,dct,None,0.01,ncep-air-6,/lus/flare/projects/DFTCalc2/starM-HPC/starMData/ncep/pressure,"(0, 1, 2, 3, 4, 5)","(73, 144, 17, 4, 365, 10)",0.0030383200210053474,1.1322001228109002e-05,1015.1187057917222,3.6770092789956834,,4.711830968008144,1.6978268240054604,0.35106642998289317,3.3494249990035314,3.507628026040038,121644.73385737225,0.009999802591536962,12164713.5274773,12164105.300618123
ncep-air-6_tsvdmii_0.01_dct_012345_1_run1,True,ncep-air-6,tsvdmii,0.01,dct,012345,1,run1,tsvdmii,dct,None,0.01,ncep-air-6,/lus/flare/projects/DFTCalc2/starM-HPC/starMData/ncep/pressure,"(0, 1, 2, 3, 4, 5)","(73, 144, 17, 4, 365, 10)",0.003101830996456556,1.1846001143567264e-05,1015.1187057917222,50.97627964300045,,70.5439584209962,1.6862037160026375,3.0689647830004105,0.7606407910061534,49.25268194399541,121644.73385737278,0.009999802591677634,12164713.527306225,12164105.300618093
ncep-air-6_tsvdmii_0.01_dct_012345_1_run2,True,ncep-air-6,tsvdmii,0.01,dct,012345,1,run2,tsvdmii,dct,None,0.01,ncep-air-6,/lus/flare/projects/DFTCalc2/starM-HPC/starMData/ncep/pressure,"(0, 1, 2, 3, 4, 5)","(73, 144, 17, 4, 365, 10)",0.0033569469960639253,1.192399940919131e-05,1015.1187057917222,50.94915081198269,,70.65909201999602,1.6812269759975607,2.9928393739974126,0.7641964060021564,48.793913438988966,121644.73385737278,0.009999802591677634,12164713.527306225,12164105.300618093
ncep-air-6_tsvdmii_0.01_dct_012345_1_run3,True,ncep-air-6,tsvdmii,0.01,dct,012345,1,run3,tsvdmii,dct,None,0.01,ncep-air-6,/lus/flare/projects/DFTCalc2/starM-HPC/starMData/ncep/pressure,"(0, 1, 2, 3, 4, 5)","(73, 144, 17, 4, 365, 10)",0.0031489760003751144,1.1299998732283711e-05,1015.1187057917222,50.675458566998714,,70.64911125099752,1.6819185619970085,2.999736034995294,0.7602667790051783,48.63753862598969,121644.73385737278,0.009999802591677634,12164713.527306225,12164105.300618093
ncep-air-6_tsvdmii_0.01_dct_012345_2_run1,True,ncep-air-6,tsvdmii,0.01,dct,012345,2,run1,tsvdmii,dct,None,0.01,ncep-air-6,/lus/flare/projects/DFTCalc2/starM-HPC/starMData/ncep/pressure,"(0, 1, 2, 3, 4, 5)","(73, 144, 17, 4, 365, 10)",0.0031041669863043353,1.245799649041146e-05,1015.1187057917222,25.61412285399274,,35.35452344099758,1.6785961459972896,1.6413610919989878,0.9549311390001094,24.557615519006504,121644.73385737206,0.00999980259152784,12164713.52748838,12164105.300618047
ncep-air-6_tsvdmii_0.01_dct_012345_2_run2,True,ncep-air-6,tsvdmii,0.01,dct,012345,2,run2,tsvdmii,dct,None,0.01,ncep-air-6,/lus/flare/projects/DFTCalc2/starM-HPC/starMData/ncep/pressure,"(0, 1, 2, 3, 4, 5)","(73, 144, 17, 4, 365, 10)",0.002507648998289369,1.1287993402220309e-05,1015.1187057917222,25.501886138983537,,36.94972915499238,1.6744310579961166,1.6169008370052325,0.9549283030064544,24.55202820399427,121644.73385737206,0.00999980259152784,12164713.52748838,12164105.300618047
ncep-air-6_tsvdmii_0.01_dct_012345_2_run3,True,ncep-air-6,tsvdmii,0.01,dct,012345,2,run3,tsvdmii,dct,None,0.01,ncep-air-6,/lus/flare/projects/DFTCalc2/starM-HPC/starMData/ncep/pressure,"(0, 1, 2, 3, 4, 5)","(73, 144, 17, 4, 365, 10)",0.0031437340076081455,1.2022006558254361e-05,1015.1187057917222,25.700476622005226,,35.48695574600424,1.6932855429913616,1.6232062049966771,0.9672493300022325,24.41683255699172,121644.73385737206,0.00999980259152784,12164713.52748838,12164105.300618047
ncep-air-6_tsvdmii_0.01_dct_012345_32_run1,True,ncep-air-6,tsvdmii,0.01,dct,012345,32,run1,tsvdmii,dct,None,0.01,ncep-air-6,/lus/flare/projects/DFTCalc2/starM-HPC/starMData/ncep/pressure,"(0, 1, 2, 3, 4, 5)","(73, 144, 17, 4, 365, 10)",0.002596707083284855,1.2393109500408173e-05,1015.1187057917222,2.0096613680943847,,2.2862851549871266,1.7563296887092292,0.34893253492191434,5.6582836620509624,1.8897422105073929,121644.73385737225,0.009999802591497955,12164713.527524753,12164105.300618118
ncep-air-6_tsvdmii_0.01_dct_012345_32_run2,True,ncep-air-6,tsvdmii,0.01,dct,012345,32,run2,tsvdmii,dct,None,0.01,ncep-air-6,/lus/flare/projects/DFTCalc2/starM-HPC/starMData/ncep/pressure,"(0, 1, 2, 3, 4, 5)","(73, 144, 17, 4, 365, 10)",0.0031134840101003647,1.2223143130540848e-05,1015.1187057917222,2.0253491578623652,,2.317129591014236,1.7582864966243505,0.3467088118195534,5.602532207034528,1.8836811538785696,121644.73385737225,0.009999802591497955,12164713.527524753,12164105.300618118
ncep-air-6_tsvdmii_0.01_dct_012345_32_run3,True,ncep-air-6,tsvdmii,0.01,dct,012345,32,run3,tsvdmii,dct,None,0.01,ncep-air-6,/lus/flare/projects/DFTCalc2/starM-HPC/starMData/ncep/pressure,"(0, 1, 2, 3, 4, 5)","(73, 144, 17, 4, 365, 10)",0.0025667930021882057,1.2610107660293579e-05,1015.1187057917222,2.0184461935423315,,2.3143460350111127,1.7219420820474625,0.3470968469046056,5.475678605027497,1.8865042594261467,121644.73385737225,0.009999802591497955,12164713.527524753,12164105.300618118
ncep-air-6_tsvdmii_0.01_dct_012345_4_run1,True,ncep-air-6,tsvdmii,0.01,dct,012345,4,run1,tsvdmii,dct,None,0.01,ncep-air-6,/lus/flare/projects/DFTCalc2/starM-HPC/starMData/ncep/pressure,"(0, 1, 2, 3, 4, 5)","(73, 144, 17, 4, 365, 10)",0.003016335016582161,1.0904012015089393e-05,1015.1187057917222,14.911419657000806,,17.722275686013745,1.7395409699820448,0.8996002640051302,1.5339872659824323,14.34172588904039,121644.73385737282,0.009999802591582925,12164713.527421443,12164105.300618086
ncep-air-6_tsvdmii_0.01_dct_012345_4_run2,True,ncep-air-6,tsvdmii,0.01,dct,012345,4,run2,tsvdmii,dct,None,0.01,ncep-air-6,/lus/flare/projects/DFTCalc2/starM-HPC/starMData/ncep/pressure,"(0, 1, 2, 3, 4, 5)","(73, 144, 17, 4, 365, 10)",0.0031727860041428357,9.784998837858438e-06,1015.1187057917222,14.813308688026154,,17.79697658799705,1.737938848003978,0.9140721269941423,1.5823795299802441,14.25743064598646,121644.73385737282,0.009999802591582925,12164713.527421443,12164105.300618086
ncep-air-6_tsvdmii_0.01_dct_012345_4_run3,True,ncep-air-6,tsvdmii,0.01,dct,012345,4,run3,tsvdmii,dct,None,0.01,ncep-air-6,/lus/flare/projects/DFTCalc2/starM-HPC/starMData/ncep/pressure,"(0, 1, 2, 3, 4, 5)","(73, 144, 17, 4, 365, 10)",0.002932920993771404,1.0698015103116632e-05,1015.1187057917222,14.81333290002658,,17.676560635998612,1.7349479160038754,0.9297569569898769,1.6122921050118748,14.319777174037881,121644.73385737282,0.009999802591582925,12164713.527421443,12164105.300618086
ncep-air-6_tsvdmii_0.01_dct_012345_64_run1,True,ncep-air-6,tsvdmii,0.01,dct,012345,64,run1,tsvdmii,dct,None,0.01,ncep-air-6,/lus/flare/projects/DFTCalc2/starM-HPC/starMData/ncep/pressure,"(0, 1, 2, 3, 4, 5)","(73, 144, 17, 4, 365, 10)",0.003281204029917717,1.2485776096582413e-05,1015.1187057917222,1.5344165405258536,,1.4209546749480069,1.7748873797245324,0.2900403458625078,9.480594316963106,1.7064320938661695,121644.73385737227,0.009999802591526328,12164713.527490238,12164105.300618118
ncep-air-6_tsvdmii_0.01_dct_012345_64_run2,True,ncep-air-6,tsvdmii,0.01,dct,012345,64,run2,tsvdmii,dct,None,0.01,ncep-air-6,/lus/flare/projects/DFTCalc2/starM-HPC/starMData/ncep/pressure,"(0, 1, 2, 3, 4, 5)","(73, 144, 17, 4, 365, 10)",0.003178645856678486,1.2644100934267044e-05,1015.1187057917222,1.4711598539724946,,1.3903372259810567,1.756656093057245,0.2959011341445148,10.272535084281117,1.307500708848238,121644.73385737227,0.009999802591526328,12164713.527490238,12164105.300618118
ncep-air-6_tsvdmii_0.01_dct_012345_64_run3,True,ncep-air-6,tsvdmii,0.01,dct,012345,64,run3,tsvdmii,dct,None,0.01,ncep-air-6,/lus/flare/projects/DFTCalc2/starM-HPC/starMData/ncep/pressure,"(0, 1, 2, 3, 4, 5)","(73, 144, 17, 4, 365, 10)",0.0032004988752305508,1.0901130735874176e-05,1015.1187057917222,1.5276677953079343,,1.4182377443648875,1.7582728443667293,0.29082073690369725,11.49509592121467,1.3443359448574483,121644.73385737227,0.009999802591526328,12164713.527490238,12164105.300618118
ncep-air-6_tsvdmii_0.01_dct_012345_8_run1,True,ncep-air-6,tsvdmii,0.01,dct,012345,8,run1,tsvdmii,dct,None,0.01,ncep-air-6,/lus/flare/projects/DFTCalc2/starM-HPC/starMData/ncep/pressure,"(0, 1, 2, 3, 4, 5)","(73, 144, 17, 4, 365, 10)",0.0025684129795990884,1.2370990589261055e-05,1015.1187057917222,8.975768566015176,,9.2250508890138,1.7331503629975487,0.5790498680144083,1.534874816017691,8.686464074009564,121644.73385737224,0.009999802591406108,12164713.527636481,12164105.300618106
ncep-air-6_tsvdmii_0.01_dct_012345_8_run2,True,ncep-air-6,tsvdmii,0.01,dct,012345,8,run2,tsvdmii,dct,None,0.01,ncep-air-6,/lus/flare/projects/DFTCalc2/starM-HPC/starMData/ncep/pressure,"(0, 1, 2, 3, 4, 5)","(73, 144, 17, 4, 365, 10)",0.0030418040114454925,1.0960997315123677e-05,1015.1187057917222,8.95766842601006,,8.841156565002166,1.7459251260152087,0.5791846800129861,2.1740182079956867,8.747141077998094,121644.73385737224,0.009999802591406108,12164713.527636481,12164105.300618106
ncep-air-6_tsvdmii_0.01_dct_012345_8_run3,True,ncep-air-6,tsvdmii,0.01,dct,012345,8,run3,tsvdmii,dct,None,0.01,ncep-air-6,/lus/flare/projects/DFTCalc2/starM-HPC/starMData/ncep/pressure,"(0, 1, 2, 3, 4, 5)","(73, 144, 17, 4, 365, 10)",0.00253691099351272,1.1733005521818995e-05,1015.1187057917222,9.019122213008814,,8.973641737014987,1.6875242739915848,0.5772752889897674,1.5179625769960694,8.746017600991763,121644.73385737224,0.009999802591406108,12164713.527636481,12164105.300618106
ncep-air-6_tsvdmii_0.025_dct_012345_16_run1,False,ncep-air-6,tsvdmii,0.025,dct,012345,16,run1,,,,,,,,,,,,,,,,,,,,,,
ncep-air-6_tsvdmii_0.025_dct_012345_16_run2,False,ncep-air-6,tsvdmii,0.025,dct,012345,16,run2,,,,,,,,,,,,,,,,,,,,,,
ncep-air-6_tsvdmii_0.025_dct_012345_16_run3,False,ncep-air-6,tsvdmii,0.025,dct,012345,16,run3,,,,,,,,,,,,,,,,,,,,,,
ncep-air-6_tsvdmii_0.025_dct_012345_1_run1,False,ncep-air-6,tsvdmii,0.025,dct,012345,1,run1,,,,,,,,,,,,,,,,,,,,,,
ncep-air-6_tsvdmii_0.025_dct_012345_1_run2,False,ncep-air-6,tsvdmii,0.025,dct,012345,1,run2,,,,,,,,,,,,,,,,,,,,,,
ncep-air-6_tsvdmii_0.025_dct_012345_1_run3,False,ncep-air-6,tsvdmii,0.025,dct,012345,1,run3,,,,,,,,,,,,,,,,,,,,,,
ncep-air-6_tsvdmii_0.025_dct_012345_2_run1,False,ncep-air-6,tsvdmii,0.025,dct,012345,2,run1,,,,,,,,,,,,,,,,,,,,,,
ncep-air-6_tsvdmii_0.025_dct_012345_2_run2,False,ncep-air-6,tsvdmii,0.025,dct,012345,2,run2,,,,,,,,,,,,,,,,,,,,,,
ncep-air-6_tsvdmii_0.025_dct_012345_2_run3,False,ncep-air-6,tsvdmii,0.025,dct,012345,2,run3,,,,,,,,,,,,,,,,,,,,,,
ncep-air-6_tsvdmii_0.025_dct_012345_32_run1,True,ncep-air-6,tsvdmii,0.025,dct,012345,32,run1,tsvdmii,dct,None,0.025,ncep-air-6,/lus/flare/projects/DFTCalc2/starM-HPC/starMData/ncep/pressure,"(0, 1, 2, 3, 4, 5)","(73, 144, 17, 4, 365, 10)",0.0031579160131514072,1.1992175132036209e-05,1496031.1926605504,2.0026820614002645,,2.3422590689733624,1.748911859933287,0.012317052111029625,4.796651176176965,2.02897742157802,284763.2778508355,0.02340895880585348,12164713.527524753,12161380.06483591
ncep-air-6_tsvdmii_0.025_dct_012345_32_run2,True,ncep-air-6,tsvdmii,0.025,dct,012345,32,run2,tsvdmii,dct,None,0.025,ncep-air-6,/lus/flare/projects/DFTCalc2/starM-HPC/starMData/ncep/pressure,"(0, 1, 2, 3, 4, 5)","(73, 144, 17, 4, 365, 10)",0.003156079910695553,1.2420117855072021e-05,1496031.1926605504,2.0175196290947497,,2.233367427252233,1.7508685267530382,0.01267916802316904,5.065603455994278,1.854420312680304,284763.2778508355,0.02340895880585348,12164713.527524753,12161380.06483591
ncep-air-6_tsvdmii_0.025_dct_012345_32_run3,True,ncep-air-6,tsvdmii,0.025,dct,012345,32,run3,tsvdmii,dct,None,0.025,ncep-air-6,/lus/flare/projects/DFTCalc2/starM-HPC/starMData/ncep/pressure,"(0, 1, 2, 3, 4, 5)","(73, 144, 17, 4, 365, 10)",0.0030626258812844753,1.200009137392044e-05,1496031.1926605504,2.0130496816709638,,2.302109505981207,1.7555767931044102,0.011622891761362553,4.907383273821324,1.927746313624084,284763.2778508355,0.02340895880585348,12164713.527524753,12161380.06483591
ncep-air-6_tsvdmii_0.025_dct_012345_4_run1,False,ncep-air-6,tsvdmii,0.025,dct,012345,4,run1,,,,,,,,,,,,,,,,,,,,,,
ncep-air-6_tsvdmii_0.025_dct_012345_4_run2,False,ncep-air-6,tsvdmii,0.025,dct,012345,4,run2,,,,,,,,,,,,,,,,,,,,,,
ncep-air-6_tsvdmii_0.025_dct_012345_4_run3,False,ncep-air-6,tsvdmii,0.025,dct,012345,4,run3,,,,,,,,,,,,,,,,,,,,,,
ncep-air-6_tsvdmii_0.025_dct_012345_64_run1,True,ncep-air-6,tsvdmii,0.025,dct,012345,64,run1,tsvdmii,dct,None,0.025,ncep-air-6,/lus/flare/projects/DFTCalc2/starM-HPC/starMData/ncep/pressure,"(0, 1, 2, 3, 4, 5)","(73, 144, 17, 4, 365, 10)",0.003097587265074253,1.2435950338840485e-05,1496031.1926605504,1.4854043871164322,,1.3586580380797386,1.765075087081641,0.012671221978962421,10.147280420176685,1.6883239727467299,284763.2778508354,0.02340895880591989,12164713.527490238,12161380.064835917
ncep-air-6_tsvdmii_0.025_dct_012345_64_run2,True,ncep-air-6,tsvdmii,0.025,dct,012345,64,run2,tsvdmii,dct,None,0.025,ncep-air-6,/lus/flare/projects/DFTCalc2/starM-HPC/starMData/ncep/pressure,"(0, 1, 2, 3, 4, 5)","(73, 144, 17, 4, 365, 10)",0.003165287896990776,1.048203557729721e-05,1496031.1926605504,1.52285101916641,,1.360857236199081,1.754335111938417,0.012823241297155619,8.157805753871799,1.7579300869256258,284763.2778508354,0.02340895880591989,12164713.527490238,12161380.064835917
ncep-air-6_tsvdmii_0.025_dct_012345_64_run3,True,ncep-air-6,tsvdmii,0.025,dct,012345,64,run3,tsvdmii,dct,None,0.025,ncep-air-6,/lus/flare/projects/DFTCalc2/starM-HPC/starMData/ncep/pressure,"(0, 1, 2, 3, 4, 5)","(73, 144, 17, 4, 365, 10)",0.0025701350532472134,1.1045951396226883e-05,1496031.1926605504,1.5379425887949765,,1.295145743060857,1.756869322154671,0.013086698018014431,10.786219372414052,2.2519366829656065,284763.2778508354,0.02340895880591989,12164713.527490238,12161380.064835917
ncep-air-6_tsvdmii_0.025_dct_012345_8_run1,False,ncep-air-6,tsvdmii,0.025,dct,012345,8,run1,,,,,,,,,,,,,,,,,,,,,,
ncep-air-6_tsvdmii_0.025_dct_012345_8_run2,False,ncep-air-6,tsvdmii,0.025,dct,012345,8,run2,,,,,,,,,,,,,,,,,,,,,,
ncep-air-6_tsvdmii_0.025_dct_012345_8_run3,False,ncep-air-6,tsvdmii,0.025,dct,012345,8,run3,,,,,,,,,,,,,,,,,,,,,,
ncep-air-6_tsvdmii_0.050_dct_012345_16_run1,True,ncep-air-6,tsvdmii,0.050,dct,012345,16,run1,tsvdmii,dct,None,0.05,ncep-air-6,/lus/flare/projects/DFTCalc2/starM-HPC/starMData/ncep/pressure,"(0, 1, 2, 3, 4, 5)","(73, 144, 17, 4, 365, 10)",0.0030665849917568266,1.0696006938815117e-05,2992062.3853211007,3.687741034984356,,4.451720131008187,1.6935390509897843,0.0099036619940307,1.3531734709977172,3.4691553260199726,393778.13006725,0.032370522263248984,12164713.5274773,12158338.455154223
ncep-air-6_tsvdmii_0.050_dct_012345_16_run2,True,ncep-air-6,tsvdmii,0.050,dct,012345,16,run2,tsvdmii,dct,None,0.05,ncep-air-6,/lus/flare/projects/DFTCalc2/starM-HPC/starMData/ncep/pressure,"(0, 1, 2, 3, 4, 5)","(73, 144, 17, 4, 365, 10)",0.003144674003124237,1.0696996469050646e-05,2992062.3853211007,3.693896466953447,,4.464615230011987,1.7501174429780804,0.009742691006977111,1.5349354050122201,3.4149682720017154,393778.13006725,0.032370522263248984,12164713.5274773,12158338.455154223
ncep-air-6_tsvdmii_0.050_dct_012345_16_run3,True,ncep-air-6,tsvdmii,0.050,dct,012345,16,run3,tsvdmii,dct,None,0.05,ncep-air-6,/lus/flare/projects/DFTCalc2/starM-HPC/starMData/ncep/pressure,"(0, 1, 2, 3, 4, 5)","(73, 144, 17, 4, 365, 10)",0.003134780010441318,1.1131021892651916e-05,2992062.3853211007,3.6732004880032036,,4.457337848987663,1.753529729990987,0.010806137986946851,2.568194018007489,3.475348929001484,393778.13006725,0.032370522263248984,12164713.5274773,12158338.455154223
ncep-air-6_tsvdmii_0.050_dct_012345_1_run1,True,ncep-air-6,tsvdmii,0.050,dct,012345,1,run1,tsvdmii,dct,None,0.05,ncep-air-6,/lus/flare/projects/DFTCalc2/starM-HPC/starMData/ncep/pressure,"(0, 1, 2, 3, 4, 5)","(73, 144, 17, 4, 365, 10)",0.0025311290082754567,1.1434007319621742e-05,2992062.3853211007,50.8009765179886,,70.79550228200969,1.6775089080038015,0.010805288999108598,0.10337951399560552,48.672818657010794,393778.13006724906,0.03237052226370414,12164713.527306225,12158338.455153687
ncep-air-6_tsvdmii_0.050_dct_012345_1_run2,True,ncep-air-6,tsvdmii,0.050,dct,012345,1,run2,tsvdmii,dct,None,0.05,ncep-air-6,/lus/flare/projects/DFTCalc2/starM-HPC/starMData/ncep/pressure,"(0, 1, 2, 3, 4, 5)","(73, 144, 17, 4, 365, 10)",0.0030184200004441664,1.2490010703913867e-05,2992062.3853211007,51.42556225300359,,70.58863578599994,1.6823522780032363,0.0107462360028876,0.10607797800912522,48.664405865987646,393778.13006724906,0.03237052226370414,12164713.527306225,12158338.455153687
ncep-air-6_tsvdmii_0.050_dct_012345_1_run3,True,ncep-air-6,tsvdmii,0.050,dct,012345,1,run3,tsvdmii,dct,None,0.05,ncep-air-6,/lus/flare/projects/DFTCalc2/starM-HPC/starMData/ncep/pressure,"(0, 1, 2, 3, 4, 5)","(73, 144, 17, 4, 365, 10)",0.0030951790104154497,1.2446005712263286e-05,2992062.3853211007,50.82747394402395,,71.3869358360098,1.6776358589995652,0.010883112001465634,0.1069951389945345,48.688257621994126,393778.13006724906,0.03237052226370414,12164713.527306225,12158338.455153687
ncep-air-6_tsvdmii_0.050_dct_012345_2_run1,True,ncep-air-6,tsvdmii,0.050,dct,012345,2,run1,tsvdmii,dct,None,0.05,ncep-air-6,/lus/flare/projects/DFTCalc2/starM-HPC/starMData/ncep/pressure,"(0, 1, 2, 3, 4, 5)","(73, 144, 17, 4, 365, 10)",0.0025364790053572506,1.2036995030939579e-05,2992062.3853211007,25.719578133997857,,36.84488514599798,1.6778650080086663,0.010636621998855844,0.23752299300394952,24.539043204989866,393778.1300672485,0.03237052226321937,12164713.52748838,12158338.455154238
ncep-air-6_tsvdmii_0.050_dct_012345_2_run2,True,ncep-air-6,tsvdmii,0.050,dct,012345,2,run2,tsvdmii,dct,None,0.05,ncep-air-6,/lus/flare/projects/DFTCalc2/starM-HPC/starMData/ncep/pressure,"(0, 1, 2, 3, 4, 5)","(73, 144, 17, 4, 365, 10)",0.002534571001888253,1.1985990568064153e-05,2992062.3853211007,25.685395000007702,,35.185118038003566,1.6784908749978058,0.009698409994598478,0.22833226599323098,24.46515551599441,393778.1300672485,0.03237052226321937,12164713.52748838,12158338.455154238
ncep-air-6_tsvdmii_0.050_dct_012345_2_run3,True,ncep-air-6,tsvdmii,0.050,dct,012345,2,run3,tsvdmii,dct,None,0.05,ncep-air-6,/lus/flare/projects/DFTCalc2/starM-HPC/starMData/ncep/pressure,"(0, 1, 2, 3, 4, 5)","(73, 144, 17, 4, 365, 10)",0.00251047000347171,1.2539996532723308e-05,2992062.3853211007,25.73394824998104,,35.17103991599288,1.6770592820103047,0.010630844000843354,0.2499307440011762,24.577990263001993,393778.1300672485,0.03237052226321937,12164713.52748838,12158338.455154238
ncep-air-6_tsvdmii_0.050_dct_012345_32_run1,True,ncep-air-6,tsvdmii,0.050,dct,012345,32,run1,tsvdmii,dct,None,0.05,ncep-air-6,/lus/flare/projects/DFTCalc2/starM-HPC/starMData/ncep/pressure,"(0, 1, 2, 3, 4, 5)","(73, 144, 17, 4, 365, 10)",0.003280443139374256,1.1958181858062744e-05,2992062.3853211007,2.0308575984090567,,2.245799145195633,1.746603277977556,0.010665107052773237,3.78662355709821,2.0499330912716687,393778.13006725005,0.03237052226312272,12164713.527524753,12158338.455154192
ncep-air-6_tsvdmii_0.050_dct_012345_32_run2,True,ncep-air-6,tsvdmii,0.050,dct,012345,32,run2,tsvdmii,dct,None,0.05,ncep-air-6,/lus/flare/projects/DFTCalc2/starM-HPC/starMData/ncep/pressure,"(0, 1, 2, 3, 4, 5)","(73, 144, 17, 4, 365, 10)",0.003194528166204691,1.3285782188177109e-05,2992062.3853211007,2.010365263093263,,2.3210810576565564,1.753435016144067,0.01102760387584567,5.033102350309491,1.9006337309256196,393778.13006725005,0.03237052226312272,12164713.527524753,12158338.455154192
ncep-air-6_tsvdmii_0.050_dct_012345_32_run3,True,ncep-air-6,tsvdmii,0.050,dct,012345,32,run3,tsvdmii,dct,None,0.05,ncep-air-6,/lus/flare/projects/DFTCalc2/starM-HPC/starMData/ncep/pressure,"(0, 1, 2, 3, 4, 5)","(73, 144, 17, 4, 365, 10)",0.003207236062735319,1.2291129678487778e-05,2992062.3853211007,2.061101223807782,,2.274867929983884,1.7540474343113601,0.010250099934637547,3.5148130296729505,1.9449751246720552,393778.13006725005,0.03237052226312272,12164713.527524753,12158338.455154192
ncep-air-6_tsvdmii_0.050_dct_012345_4_run1,True,ncep-air-6,tsvdmii,0.050,dct,012345,4,run1,tsvdmii,dct,None,0.05,ncep-air-6,/lus/flare/projects/DFTCalc2/starM-HPC/starMData/ncep/pressure,"(0, 1, 2, 3, 4, 5)","(73, 144, 17, 4, 365, 10)",0.002498896006727591,1.044399687089026e-05,2992062.3853211007,14.807971055997768,,17.753960781992646,1.7435971430095378,0.010743054997874424,0.9046238670125604,14.329084689030424,393778.1300672507,0.03237052226339768,12164713.527421443,12158338.455154397
ncep-air-6_tsvdmii_0.050_dct_012345_4_run2,True,ncep-air-6,tsvdmii,0.050,dct,012345,4,run2,tsvdmii,dct,None,0.05,ncep-air-6,/lus/flare/projects/DFTCalc2/starM-HPC/starMData/ncep/pressure,"(0, 1, 2, 3, 4, 5)","(73, 144, 17, 4, 365, 10)",0.003013178997207433,9.821000276133418e-06,2992062.3853211007,14.910400955035584,,17.75781063598697,1.73653819898027,0.011005788983311504,0.9434623259876389,14.295697916997597,393778.1300672507,0.03237052226339768,12164713.527421443,12158338.455154397
ncep-air-6_tsvdmii_0.050_dct_012345_4_run3,True,ncep-air-6,tsvdmii,0.050,dct,012345,4,run3,tsvdmii,dct,None,0.05,ncep-air-6,/lus/flare/projects/DFTCalc2/starM-HPC/starMData/ncep/pressure,"(0, 1, 2, 3, 4, 5)","(73, 144, 17, 4, 365, 10)",0.0030001949926372617,1.0313000530004501e-05,2992062.3853211007,14.91394601095817,,17.688885184994433,1.7378519260091707,0.009896309027681127,0.8273145409766585,14.26984514601645,393778.1300672507,0.03237052226339768,12164713.527421443,12158338.455154397
ncep-air-6_tsvdmii_0.050_dct_012345_64_run1,True,ncep-air-6,tsvdmii,0.050,dct,012345,64,run1,tsvdmii,dct,None,0.05,ncep-air-6,/lus/flare/projects/DFTCalc2/starM-HPC/starMData/ncep/pressure,"(0, 1, 2, 3, 4, 5)","(73, 144, 17, 4, 365, 10)",0.0030977590940892696,1.1278316378593445e-05,2992062.3853211007,1.5352288116700947,,1.3720488050021231,1.7634316328912973,0.011217220220714808,8.804826091974974,1.726414892822504,393778.1300672502,0.032370522263214574,12164713.527490238,12158338.455154207
ncep-air-6_tsvdmii_0.050_dct_012345_64_run2,True,ncep-air-6,tsvdmii,0.050,dct,012345,64,run2,tsvdmii,dct,None,0.05,ncep-air-6,/lus/flare/projects/DFTCalc2/starM-HPC/starMData/ncep/pressure,"(0, 1, 2, 3, 4, 5)","(73, 144, 17, 4, 365, 10)",0.002646296750754118,1.0682269930839539e-05,2992062.3853211007,1.5070990226231515,,1.3958273897878826,1.7546045389026403,0.011167995166033506,9.458691340871155,1.9485080889426172,393778.1300672502,0.032370522263214574,12164713.527490238,12158338.455154207
ncep-air-6_tsvdmii_0.050_dct_012345_64_run3,True,ncep-air-6,tsvdmii,0.050,dct,012345,64,run3,tsvdmii,dct,None,0.05,ncep-air-6,/lus/flare/projects/DFTCalc2/starM-HPC/starMData/ncep/pressure,"(0, 1, 2, 3, 4, 5)","(73, 144, 17, 4, 365, 10)",0.0032713119871914387,1.231534406542778e-05,2992062.3853211007,1.4904848961159587,,1.341178946197033,1.7558589526452124,0.011180483270436525,9.915742526296526,1.9278433811850846,393778.1300672502,0.032370522263214574,12164713.527490238,12158338.455154207
ncep-air-6_tsvdmii_0.050_dct_012345_8_run1,True,ncep-air-6,tsvdmii,0.050,dct,012345,8,run1,tsvdmii,dct,None,0.05,ncep-air-6,/lus/flare/projects/DFTCalc2/starM-HPC/starMData/ncep/pressure,"(0, 1, 2, 3, 4, 5)","(73, 144, 17, 4, 365, 10)",0.0025576000043656677,1.178099773824215e-05,2992062.3853211007,8.9992114220222,,8.859572866000235,1.6939810769981705,0.008698503981577232,0.8771357429795898,8.714829539996572,393778.13006725,0.0323705222628254,12164713.527636481,12158338.455154207
ncep-air-6_tsvdmii_0.050_dct_012345_8_run2,True,ncep-air-6,tsvdmii,0.050,dct,012345,8,run2,tsvdmii,dct,None,0.05,ncep-air-6,/lus/flare/projects/DFTCalc2/starM-HPC/starMData/ncep/pressure,"(0, 1, 2, 3, 4, 5)","(73, 144, 17, 4, 365, 10)",0.0025396739947609603,1.1371012078598142e-05,2992062.3853211007,9.007567851018393,,8.8625922719948,1.6875814530067146,0.008664382010465488,0.9162406469986308,8.707964254979743,393778.13006725,0.0323705222628254,12164713.527636481,12158338.455154207
ncep-air-6_tsvdmii_0.050_dct_012345_8_run3,True,ncep-air-6,tsvdmii,0.050,dct,012345,8,run3,tsvdmii,dct,None,0.05,ncep-air-6,/lus/flare/projects/DFTCalc2/starM-HPC/starMData/ncep/pressure,"(0, 1, 2, 3, 4, 5)","(73, 144, 17, 4, 365, 10)",0.0025664189888630062,1.2422999134287238e-05,2992062.3853211007,9.027330901037203,,8.857889362989226,1.6964065349893644,0.008592905011028051,0.9413445600075647,8.699908525042702,393778.13006725,0.0323705222628254,12164713.527636481,12158338.455154207
ncep-air-6_tsvdmii_0.1_dct_012345_16_run1,False,ncep-air-6,tsvdmii,0.1,dct,012345,16,run1,,,,,,,,,,,,,,,,,,,,,,
ncep-air-6_tsvdmii_0.1_dct_012345_16_run2,False,ncep-air-6,tsvdmii,0.1,dct,012345,16,run2,,,,,,,,,,,,,,,,,,,,,,
ncep-air-6_tsvdmii_0.1_dct_012345_16_run3,False,ncep-air-6,tsvdmii,0.1,dct,012345,16,run3,,,,,,,,,,,,,,,,,,,,,,
ncep-air-6_tsvdmii_0.1_dct_012345_1_run1,False,ncep-air-6,tsvdmii,0.1,dct,012345,1,run1,,,,,,,,,,,,,,,,,,,,,,
ncep-air-6_tsvdmii_0.1_dct_012345_1_run2,False,ncep-air-6,tsvdmii,0.1,dct,012345,1,run2,,,,,,,,,,,,,,,,,,,,,,
ncep-air-6_tsvdmii_0.1_dct_012345_1_run3,False,ncep-air-6,tsvdmii,0.1,dct,012345,1,run3,,,,,,,,,,,,,,,,,,,,,,
ncep-air-6_tsvdmii_0.1_dct_012345_2_run1,False,ncep-air-6,tsvdmii,0.1,dct,012345,2,run1,,,,,,,,,,,,,,,,,,,,,,
ncep-air-6_tsvdmii_0.1_dct_012345_2_run2,False,ncep-air-6,tsvdmii,0.1,dct,012345,2,run2,,,,,,,,,,,,,,,,,,,,,,
ncep-air-6_tsvdmii_0.1_dct_012345_2_run3,False,ncep-air-6,tsvdmii,0.1,dct,012345,2,run3,,,,,,,,,,,,,,,,,,,,,,
ncep-air-6_tsvdmii_0.1_dct_012345_32_run1,True,ncep-air-6,tsvdmii,0.1,dct,012345,32,run1,tsvdmii,dct,None,0.1,ncep-air-6,/lus/flare/projects/DFTCalc2/starM-HPC/starMData/ncep/pressure,"(0, 1, 2, 3, 4, 5)","(73, 144, 17, 4, 365, 10)",0.002631110604852438,1.256680116057396e-05,3989416.5137614678,2.0104793356731534,,2.3129827566444874,1.756208827253431,0.009935996029525995,4.908017090987414,1.8409381448291242,480139.08223730384,0.0394698223801906,12164713.527524753,12155234.332068935
ncep-air-6_tsvdmii_0.1_dct_012345_32_run2,True,ncep-air-6,tsvdmii,0.1,dct,012345,32,run2,tsvdmii,dct,None,0.1,ncep-air-6,/lus/flare/projects/DFTCalc2/starM-HPC/starMData/ncep/pressure,"(0, 1, 2, 3, 4, 5)","(73, 144, 17, 4, 365, 10)",0.0032149692997336388,1.2545846402645111e-05,3989416.5137614678,2.009706593118608,,2.299671761225909,1.7592417290434241,0.010470489971339703,4.468927593901753,1.8866152185946703,480139.08223730384,0.0394698223801906,12164713.527524753,12155234.332068935
ncep-air-6_tsvdmii_0.1_dct_012345_32_run3,True,ncep-air-6,tsvdmii,0.1,dct,012345,32,run3,tsvdmii,dct,None,0.1,ncep-air-6,/lus/flare/projects/DFTCalc2/starM-HPC/starMData/ncep/pressure,"(0, 1, 2, 3, 4, 5)","(73, 144, 17, 4, 365, 10)",0.0026554400101304054,1.2320000678300858e-05,3989416.5137614678,2.0131771829910576,,2.3228877233341336,1.7535824356600642,0.010594133287668228,4.867546169087291,1.879437637515366,480139.08223730384,0.0394698223801906,12164713.527524753,12155234.332068935
ncep-air-6_tsvdmii_0.1_dct_012345_4_run1,False,ncep-air-6,tsvdmii,0.1,dct,012345,4,run1,,,,,,,,,,,,,,,,,,,,,,
ncep-air-6_tsvdmii_0.1_dct_012345_4_run2,False,ncep-air-6,tsvdmii,0.1,dct,012345,4,run2,,,,,,,,,,,,,,,,,,,,,,
ncep-air-6_tsvdmii_0.1_dct_012345_4_run3,False,ncep-air-6,tsvdmii,0.1,dct,012345,4,run3,,,,,,,,,,,,,,,,,,,,,,
ncep-air-6_tsvdmii_0.1_dct_012345_64_run1,True,ncep-air-6,tsvdmii,0.1,dct,012345,64,run1,tsvdmii,dct,None,0.1,ncep-air-6,/lus/flare/projects/DFTCalc2/starM-HPC/starMData/ncep/pressure,"(0, 1, 2, 3, 4, 5)","(73, 144, 17, 4, 365, 10)",0.0031974520534276962,1.2795906513929367e-05,3989416.5137614678,1.51665463950485,,1.4001526301726699,1.7556835780851543,0.009777112863957882,10.6915641608648,1.8677012622356415,480139.08223730343,0.039469822380302555,12164713.527490238,12155234.332069242
ncep-air-6_tsvdmii_0.1_dct_012345_64_run2,True,ncep-air-6,tsvdmii,0.1,dct,012345,64,run2,tsvdmii,dct,None,0.1,ncep-air-6,/lus/flare/projects/DFTCalc2/starM-HPC/starMData/ncep/pressure,"(0, 1, 2, 3, 4, 5)","(73, 144, 17, 4, 365, 10)",0.0026099891401827335,1.187669113278389e-05,3989416.5137614678,1.4778669467195868,,1.3453545849770308,1.7118590036407113,0.010537116788327694,7.562641030177474,2.095321082044393,480139.08223730343,0.039469822380302555,12164713.527490238,12155234.332069242
ncep-air-6_tsvdmii_0.1_dct_012345_64_run3,True,ncep-air-6,tsvdmii,0.1,dct,012345,64,run3,tsvdmii,dct,None,0.1,ncep-air-6,/lus/flare/projects/DFTCalc2/starM-HPC/starMData/ncep/pressure,"(0, 1, 2, 3, 4, 5)","(73, 144, 17, 4, 365, 10)",0.0025799241848289967,1.157401129603386e-05,3989416.5137614678,1.4695026236586273,,1.5023735417053103,1.760241703595966,0.01114707812666893,10.71100792568177,1.9160961476154625,480139.08223730343,0.039469822380302555,12164713.527490238,12155234.332069242
ncep-air-6_tsvdmii_0.1_dct_012345_8_run1,False,ncep-air-6,tsvdmii,0.1,dct,012345,8,run1,,,,,,,,,,,,,,,,,,,,,,
ncep-air-6_tsvdmii_0.1_dct_012345_8_run2,False,ncep-air-6,tsvdmii,0.1,dct,012345,8,run2,,,,,,,,,,,,,,,,,,,,,,
ncep-air-6_tsvdmii_0.1_dct_012345_8_run3,False,ncep-air-6,tsvdmii,0.1,dct,012345,8,run3,,,,,,,,,,,,,,,,,,,,,,
ncep-air-6_tsvdmii_0.25_dct_012345_16_run1,False,ncep-air-6,tsvdmii,0.25,dct,012345,16,run1,,,,,,,,,,,,,,,,,,,,,,
ncep-air-6_tsvdmii_0.25_dct_012345_16_run2,False,ncep-air-6,tsvdmii,0.25,dct,012345,16,run2,,,,,,,,,,,,,,,,,,,,,,
ncep-air-6_tsvdmii_0.25_dct_012345_16_run3,False,ncep-air-6,tsvdmii,0.25,dct,012345,16,run3,,,,,,,,,,,,,,,,,,,,,,
ncep-air-6_tsvdmii_0.25_dct_012345_1_run1,False,ncep-air-6,tsvdmii,0.25,dct,012345,1,run1,,,,,,,,,,,,,,,,,,,,,,
ncep-air-6_tsvdmii_0.25_dct_012345_1_run2,False,ncep-air-6,tsvdmii,0.25,dct,012345,1,run2,,,,,,,,,,,,,,,,,,,,,,
ncep-air-6_tsvdmii_0.25_dct_012345_1_run3,False,ncep-air-6,tsvdmii,0.25,dct,012345,1,run3,,,,,,,,,,,,,,,,,,,,,,
ncep-air-6_tsvdmii_0.25_dct_012345_2_run1,False,ncep-air-6,tsvdmii,0.25,dct,012345,2,run1,,,,,,,,,,,,,,,,,,,,,,
ncep-air-6_tsvdmii_0.25_dct_012345_2_run2,False,ncep-air-6,tsvdmii,0.25,dct,012345,2,run2,,,,,,,,,,,,,,,,,,,,,,
ncep-air-6_tsvdmii_0.25_dct_012345_2_run3,False,ncep-air-6,tsvdmii,0.25,dct,012345,2,run3,,,,,,,,,,,,,,,,,,,,,,
ncep-air-6_tsvdmii_0.25_dct_012345_32_run1,True,ncep-air-6,tsvdmii,0.25,dct,012345,32,run1,tsvdmii,dct,None,0.25,ncep-air-6,/lus/flare/projects/DFTCalc2/starM-HPC/starMData/ncep/pressure,"(0, 1, 2, 3, 4, 5)","(73, 144, 17, 4, 365, 10)",0.0031705559231340885,1.2257136404514313e-05,5984124.770642201,2.034707533195615,,2.23715607682243,1.7287703901529312,0.009373909793794155,2.9679591129533947,1.8883923930115998,701511.1050499491,0.057667704501438516,12164713.527524753,12144469.415141106
ncep-air-6_tsvdmii_0.25_dct_012345_32_run2,True,ncep-air-6,tsvdmii,0.25,dct,012345,32,run2,tsvdmii,dct,None,0.25,ncep-air-6,/lus/flare/projects/DFTCalc2/starM-HPC/starMData/ncep/pressure,"(0, 1, 2, 3, 4, 5)","(73, 144, 17, 4, 365, 10)",0.0025947769172489643,1.2181699275970459e-05,5984124.770642201,2.012392738368362,,2.2903655520640314,1.7645873771980405,0.010195125360041857,4.884678860194981,2.0395901896990836,701511.1050499491,0.057667704501438516,12164713.527524753,12144469.415141106
ncep-air-6_tsvdmii_0.25_dct_012345_32_run3,True,ncep-air-6,tsvdmii,0.25,dct,012345,32,run3,tsvdmii,dct,None,0.25,ncep-air-6,/lus/flare/projects/DFTCalc2/starM-HPC/starMData/ncep/pressure,"(0, 1, 2, 3, 4, 5)","(73, 144, 17, 4, 365, 10)",0.003105386160314083,1.1689029633998871e-05,5984124.770642201,2.012417931575328,,2.2600876400247216,1.7466532997786999,0.01001896895468235,4.507617670111358,1.8506220546551049,701511.1050499491,0.057667704501438516,12164713.527524753,12144469.415141106
ncep-air-6_tsvdmii_0.25_dct_012345_4_run1,False,ncep-air-6,tsvdmii,0.25,dct,012345,4,run1,,,,,,,,,,,,,,,,,,,,,,
ncep-air-6_tsvdmii_0.25_dct_012345_4_run2,False,ncep-air-6,tsvdmii,0.25,dct,012345,4,run2,,,,,,,,,,,,,,,,,,,,,,
ncep-air-6_tsvdmii_0.25_dct_012345_4_run3,False,ncep-air-6,tsvdmii,0.25,dct,012345,4,run3,,,,,,,,,,,,,,,,,,,,,,
ncep-air-6_tsvdmii_0.25_dct_012345_64_run1,True,ncep-air-6,tsvdmii,0.25,dct,012345,64,run1,tsvdmii,dct,None,0.25,ncep-air-6,/lus/flare/projects/DFTCalc2/starM-HPC/starMData/ncep/pressure,"(0, 1, 2, 3, 4, 5)","(73, 144, 17, 4, 365, 10)",0.0025364537723362446,1.1879950761795044e-05,5984124.770642201,1.487804134376347,,1.421807629056275,1.760082489810884,0.010458497796207666,8.036514658946544,1.8552250829525292,701511.1050499494,0.05766770450160215,12164713.527490238,12144469.415140983
ncep-air-6_tsvdmii_0.25_dct_012345_64_run2,True,ncep-air-6,tsvdmii,0.25,dct,012345,64,run2,tsvdmii,dct,None,0.25,ncep-air-6,/lus/flare/projects/DFTCalc2/starM-HPC/starMData/ncep/pressure,"(0, 1, 2, 3, 4, 5)","(73, 144, 17, 4, 365, 10)",0.0031546703539788723,1.1621043086051941e-05,5984124.770642201,1.4807241135276854,,1.3898443547077477,1.7793349330313504,0.010288890916854143,9.36783744674176,1.918472410645336,701511.1050499494,0.05766770450160215,12164713.527490238,12144469.415140983
ncep-air-6_tsvdmii_0.25_dct_012345_64_run3,True,ncep-air-6,tsvdmii,0.25,dct,012345,64,run3,tsvdmii,dct,None,0.25,ncep-air-6,/lus/flare/projects/DFTCalc2/starM-HPC/starMData/ncep/pressure,"(0, 1, 2, 3, 4, 5)","(73, 144, 17, 4, 365, 10)",0.0025645168498158455,1.2432225048542023e-05,5984124.770642201,1.4770364039577544,,1.4959043459966779,1.7490038149990141,0.009763483889400959,10.843869287054986,1.7717445474117994,701511.1050499494,0.05766770450160215,12164713.527490238,12144469.415140983
ncep-air-6_tsvdmii_0.25_dct_012345_8_run1,False,ncep-air-6,tsvdmii,0.25,dct,012345,8,run1,,,,,,,,,,,,,,,,,,,,,,
ncep-air-6_tsvdmii_0.25_dct_012345_8_run2,False,ncep-air-6,tsvdmii,0.25,dct,012345,8,run2,,,,,,,,,,,,,,,,,,,,,,
ncep-air-6_tsvdmii_0.25_dct_012345_8_run3,False,ncep-air-6,tsvdmii,0.25,dct,012345,8,run3,,,,,,,,,,,,,,,,,,,,,,
ncep-air_tsvdmi_10_dct_0123_16_run1,True,ncep-air,tsvdmi,10,dct,0123,16,run1,tsvdmi,dct,10,None,ncep-air,/lus/flare/projects/DFTCalc2/starM-HPC/starMData/ncep/pressure,"(0, 1, 2, 3)","(73, 144, 17, 14612)",8.473996660206467,1.634424552321434e-05,4.822018348623853,51.74390225112438,14.087975342292339,,,,0.5003682780079544,51.30338489403948,35735.190801221834,0.0029364059846654334,12169703.708492275,12169651.241873719
ncep-air_tsvdmi_10_dct_0123_16_run2,True,ncep-air,tsvdmi,10,dct,0123,16,run2,tsvdmi,dct,10,None,ncep-air,/lus/flare/projects/DFTCalc2/starM-HPC/starMData/ncep/pressure,"(0, 1, 2, 3)","(73, 144, 17, 14612)",8.787918284069747,1.5624798834323883e-05,4.822018348623853,51.64310699189082,14.091524180024862,,,,0.5003524059429765,51.80468180542812,35735.190801221834,0.0029364059846654334,12169703.708492275,12169651.241873719
ncep-air_tsvdmi_10_dct_0123_16_run3,True,ncep-air,tsvdmi,10,dct,0123,16,run3,tsvdmi,dct,10,None,ncep-air,/lus/flare/projects/DFTCalc2/starM-HPC/starMData/ncep/pressure,"(0, 1, 2, 3)","(73, 144, 17, 14612)",8.765062035061419,1.6580801457166672e-05,4.822018348623853,52.41893783537671,14.044350251089782,,,,0.4989497768692672,51.914415335748345,35735.190801221834,0.0029364059846654334,12169703.708492275,12169651.241873719
ncep-air_tsvdmi_10_dct_0123_1_run1,False,ncep-air,tsvdmi,10,dct,0123,1,run1,,,,,,,,,,,,,,,,,,,,,,
ncep-air_tsvdmi_10_dct_0123_1_run2,False,ncep-air,tsvdmi,10,dct,0123,1,run2,,,,,,,,,,,,,,,,,,,,,,
ncep-air_tsvdmi_10_dct_0123_1_run3,False,ncep-air,tsvdmi,10,dct,0123,1,run3,,,,,,,,,,,,,,,,,,,,,,
ncep-air_tsvdmi_10_dct_0123_2_run1,False,ncep-air,tsvdmi,10,dct,0123,2,run1,,,,,,,,,,,,,,,,,,,,,,
ncep-air_tsvdmi_10_dct_0123_2_run2,False,ncep-air,tsvdmi,10,dct,0123,2,run2,,,,,,,,,,,,,,,,,,,,,,
ncep-air_tsvdmi_10_dct_0123_2_run3,False,ncep-air,tsvdmi,10,dct,0123,2,run3,,,,,,,,,,,,,,,,,,,,,,
ncep-air_tsvdmi_10_dct_0123_32_run1,True,ncep-air,tsvdmi,10,dct,0123,32,run1,tsvdmi,dct,10,None,ncep-air,/lus/flare/projects/DFTCalc2/starM-HPC/starMData/ncep/pressure,"(0, 1, 2, 3)","(73, 144, 17, 14612)",8.760199716780335,1.6195233911275864e-05,4.822018348623853,28.457634168677032,7.195500864181668,,,,0.2621292257681489,28.39847451634705,35735.190801221834,0.0029364059846540085,12169703.708539624,12169651.241873719
ncep-air_tsvdmi_10_dct_0123_32_run2,True,ncep-air,tsvdmi,10,dct,0123,32,run2,tsvdmi,dct,10,None,ncep-air,/lus/flare/projects/DFTCalc2/starM-HPC/starMData/ncep/pressure,"(0, 1, 2, 3)","(73, 144, 17, 14612)",8.45674532232806,1.4774966984987259e-05,4.822018348623853,28.796291111968458,7.175114511046559,,,,0.26202760776504874,28.80983734410256,35735.190801221834,0.0029364059846540085,12169703.708539624,12169651.241873719
ncep-air_tsvdmi_10_dct_0123_32_run3,True,ncep-air,tsvdmi,10,dct,0123,32,run3,tsvdmi,dct,10,None,ncep-air,/lus/flare/projects/DFTCalc2/starM-HPC/starMData/ncep/pressure,"(0, 1, 2, 3)","(73, 144, 17, 14612)",8.778708952013403,1.6903970390558243e-05,4.822018348623853,28.278912873007357,7.1938486327417195,,,,0.2626439370214939,28.12636322621256,35735.190801221834,0.0029364059846540085,12169703.708539624,12169651.241873719
ncep-air_tsvdmi_10_dct_0123_4_run1,False,ncep-air,tsvdmi,10,dct,0123,4,run1,,,,,,,,,,,,,,,,,,,,,,
ncep-air_tsvdmi_10_dct_0123_4_run2,False,ncep-air,tsvdmi,10,dct,0123,4,run2,,,,,,,,,,,,,,,,,,,,,,
ncep-air_tsvdmi_10_dct_0123_4_run3,False,ncep-air,tsvdmi,10,dct,0123,4,run3,,,,,,,,,,,,,,,,,,,,,,
ncep-air_tsvdmi_10_dct_0123_64_run1,True,ncep-air,tsvdmi,10,dct,0123,64,run1,tsvdmi,dct,10,None,ncep-air,/lus/flare/projects/DFTCalc2/starM-HPC/starMData/ncep/pressure,"(0, 1, 2, 3)","(73, 144, 17, 14612)",8.351676736958325,1.3379845768213272e-05,4.822018348623853,21.419336886145175,4.3121564239263535,,,,0.15624668402597308,21.555349256377667,35735.190801221805,0.0029364059846623265,12169703.70850514,12169651.241873719
ncep-air_tsvdmi_10_dct_0123_64_run2,True,ncep-air,tsvdmi,10,dct,0123,64,run2,tsvdmi,dct,10,None,ncep-air,/lus/flare/projects/DFTCalc2/starM-HPC/starMData/ncep/pressure,"(0, 1, 2, 3)","(73, 144, 17, 14612)",8.364271903876215,1.2466683983802795e-05,4.822018348623853,21.97406702535227,4.374301915988326,,,,0.1558165610767901,21.9809572477825,35735.190801221805,0.0029364059846623265,12169703.70850514,12169651.241873719
ncep-air_tsvdmi_10_dct_0123_64_run3,True,ncep-air,tsvdmi,10,dct,0123,64,run3,tsvdmi,dct,10,None,ncep-air,/lus/flare/projects/DFTCalc2/starM-HPC/starMData/ncep/pressure,"(0, 1, 2, 3)","(73, 144, 17, 14612)",8.3697874029167,1.4213379472494125e-05,4.822018348623853,21.569450922776014,4.382080159150064,,,,0.15521200187504292,21.704865646082908,35735.190801221805,0.0029364059846623265,12169703.70850514,12169651.241873719
ncep-air_tsvdmi_10_dct_0123_8_run1,False,ncep-air,tsvdmi,10,dct,0123,8,run1,,,,,,,,,,,,,,,,,,,,,,
ncep-air_tsvdmi_10_dct_0123_8_run2,False,ncep-air,tsvdmi,10,dct,0123,8,run2,,,,,,,,,,,,,,,,,,,,,,
ncep-air_tsvdmi_10_dct_0123_8_run3,False,ncep-air,tsvdmi,10,dct,0123,8,run3,,,,,,,,,,,,,,,,,,,,,,
ncep-air_tsvdmi_1_dct_0123_16_run1,True,ncep-air,tsvdmi,1,dct,0123,16,run1,tsvdmi,dct,1,None,ncep-air,/lus/flare/projects/DFTCalc2/starM-HPC/starMData/ncep/pressure,"(0, 1, 2, 3)","(73, 144, 17, 14612)",8.473695159889758,1.688394695520401e-05,48.22018348623853,52.54113850090653,6.09716045903042,,,,0.38045329600572586,51.638002765364945,180229.36676381924,0.014809675821281613,12169703.708492275,12168369.066068636
ncep-air_tsvdmi_1_dct_0123_16_run2,True,ncep-air,tsvdmi,1,dct,0123,16,run2,tsvdmi,dct,1,None,ncep-air,/lus/flare/projects/DFTCalc2/starM-HPC/starMData/ncep/pressure,"(0, 1, 2, 3)","(73, 144, 17, 14612)",8.793853600975126,1.86283141374588e-05,48.22018348623853,51.97452573897317,6.095542079769075,,,,0.37937252363190055,52.01549674384296,180229.36676381924,0.014809675821281613,12169703.708492275,12168369.066068636
ncep-air_tsvdmi_1_dct_0123_16_run3,True,ncep-air,tsvdmi,1,dct,0123,16,run3,tsvdmi,dct,1,None,ncep-air,/lus/flare/projects/DFTCalc2/starM-HPC/starMData/ncep/pressure,"(0, 1, 2, 3)","(73, 144, 17, 14612)",8.480841754935682,1.4734920114278793e-05,48.22018348623853,51.61261954437941,6.071219806093723,,,,0.37946795718744397,51.53414776409045,180229.36676381924,0.014809675821281613,12169703.708492275,12168369.066068636
ncep-air_tsvdmi_1_dct_0123_1_run1,True,ncep-air,tsvdmi,1,dct,0123,1,run1,tsvdmi,dct,1,None,ncep-air,/lus/flare/projects/DFTCalc2/starM-HPC/starMData/ncep/pressure,"(0, 1, 2, 3)","(73, 144, 17, 14612)",8.703357831996982,1.3466000382322818e-05,48.22018348623853,838.725163440009,96.33131739200326,,,,5.772749770003429,837.2828118160032,180229.3667638209,0.014809675821489648,12169703.708321437,12168369.066068666
ncep-air_tsvdmi_1_dct_0123_1_run2,True,ncep-air,tsvdmi,1,dct,0123,1,run2,tsvdmi,dct,1,None,ncep-air,/lus/flare/projects/DFTCalc2/starM-HPC/starMData/ncep/pressure,"(0, 1, 2, 3)","(73, 144, 17, 14612)",8.441268852002395,1.2966003851033747e-05,48.22018348623853,837.2710108759929,96.43024395000248,,,,5.774524167005438,835.6886383050005,180229.3667638209,0.014809675821489648,12169703.708321437,12168369.066068666
ncep-air_tsvdmi_1_dct_0123_1_run3,True,ncep-air,tsvdmi,1,dct,0123,1,run3,tsvdmi,dct,1,None,ncep-air,/lus/flare/projects/DFTCalc2/starM-HPC/starMData/ncep/pressure,"(0, 1, 2, 3)","(73, 144, 17, 14612)",8.437951843996416,1.282599987462163e-05,48.22018348623853,838.1447916919933,95.93169039300119,,,,5.8952752409968525,836.8320332840012,180229.3667638209,0.014809675821489648,12169703.708321437,12168369.066068666
ncep-air_tsvdmi_1_dct_0123_2_run1,False,ncep-air,tsvdmi,1,dct,0123,2,run1,,,,,,,,,,,,,,,,,,,,,,
ncep-air_tsvdmi_1_dct_0123_2_run2,False,ncep-air,tsvdmi,1,dct,0123,2,run2,,,,,,,,,,,,,,,,,,,,,,
ncep-air_tsvdmi_1_dct_0123_2_run3,False,ncep-air,tsvdmi,1,dct,0123,2,run3,,,,,,,,,,,,,,,,,,,,,,
ncep-air_tsvdmi_1_dct_0123_32_run1,True,ncep-air,tsvdmi,1,dct,0123,32,run1,tsvdmi,dct,1,None,ncep-air,/lus/flare/projects/DFTCalc2/starM-HPC/starMData/ncep/pressure,"(0, 1, 2, 3)","(73, 144, 17, 14612)",8.493439224082977,1.6309786587953568e-05,48.22018348623853,28.498938609845936,3.1596364988945425,,,,0.19734811317175627,28.449335728771985,180229.36676381936,0.014809675821224003,12169703.708539624,12168369.066068642
ncep-air_tsvdmi_1_dct_0123_32_run2,True,ncep-air,tsvdmi,1,dct,0123,32,run2,tsvdmi,dct,1,None,ncep-air,/lus/flare/projects/DFTCalc2/starM-HPC/starMData/ncep/pressure,"(0, 1, 2, 3)","(73, 144, 17, 14612)",8.460913367103785,1.7079990357160568e-05,48.22018348623853,28.543662305921316,3.1401107260026038,,,,0.19770426908507943,28.41761051211506,180229.36676381936,0.014809675821224003,12169703.708539624,12168369.066068642
ncep-air_tsvdmi_1_dct_0123_32_run3,True,ncep-air,tsvdmi,1,dct,0123,32,run3,tsvdmi,dct,1,None,ncep-air,/lus/flare/projects/DFTCalc2/starM-HPC/starMData/ncep/pressure,"(0, 1, 2, 3)","(73, 144, 17, 14612)",8.75863772816956,1.8263235688209534e-05,48.22018348623853,28.26423174282536,3.115373444277793,,,,0.1966221951879561,28.38239644281566,180229.36676381936,0.014809675821224003,12169703.708539624,12168369.066068642
ncep-air_tsvdmi_1_dct_0123_4_run1,True,ncep-air,tsvdmi,1,dct,0123,4,run1,tsvdmi,dct,1,None,ncep-air,/lus/flare/projects/DFTCalc2/starM-HPC/starMData/ncep/pressure,"(0, 1, 2, 3)","(73, 144, 17, 14612)",8.41992991799998,1.6093999875010923e-05,48.22018348623853,209.14622111599965,24.366020761997788,,,,1.485723648002022,208.0978866810001,180229.36676381913,0.014809675821349231,12169703.708436703,12168369.066068638
ncep-air_tsvdmi_1_dct_0123_4_run2,True,ncep-air,tsvdmi,1,dct,0123,4,run2,tsvdmi,dct,1,None,ncep-air,/lus/flare/projects/DFTCalc2/starM-HPC/starMData/ncep/pressure,"(0, 1, 2, 3)","(73, 144, 17, 14612)",8.42225106800106,1.355499989585951e-05,48.22018348623853,209.48502612099765,24.245811231998232,,,,1.4827607050028746,210.17309464400023,180229.36676381913,0.014809675821349231,12169703.708436703,12168369.066068638
ncep-air_tsvdmi_1_dct_0123_4_run3,True,ncep-air,tsvdmi,1,dct,0123,4,run3,tsvdmi,dct,1,None,ncep-air,/lus/flare/projects/DFTCalc2/starM-HPC/starMData/ncep/pressure,"(0, 1, 2, 3)","(73, 144, 17, 14612)",8.41836711599899,1.4531997294398025e-05,48.22018348623853,209.42129155300063,24.97706991299856,,,,1.4924011340008292,206.27756474700072,180229.36676381913,0.014809675821349231,12169703.708436703,12168369.066068638
ncep-air_tsvdmi_1_dct_0123_64_run1,True,ncep-air,tsvdmi,1,dct,0123,64,run1,tsvdmi,dct,1,None,ncep-air,/lus/flare/projects/DFTCalc2/starM-HPC/starMData/ncep/pressure,"(0, 1, 2, 3)","(73, 144, 17, 14612)",8.360584014095366,1.2949109077453613e-05,48.22018348623853,21.431322928518057,2.9675759179517627,,,,0.18863005889579654,21.120825308840722,180229.36676381942,0.014809675821265971,12169703.70850514,12168369.066068642
ncep-air_tsvdmi_1_dct_0123_64_run2,True,ncep-air,tsvdmi,1,dct,0123,64,run2,tsvdmi,dct,1,None,ncep-air,/lus/flare/projects/DFTCalc2/starM-HPC/starMData/ncep/pressure,"(0, 1, 2, 3)","(73, 144, 17, 14612)",8.365709099918604,1.4179851859807968e-05,48.22018348623853,22.080429676454514,1.9644517772831023,,,,0.1132016759365797,21.908197115641087,180229.36676381942,0.014809675821265971,12169703.70850514,12168369.066068642
ncep-air_tsvdmi_1_dct_0123_64_run3,True,ncep-air,tsvdmi,1,dct,0123,64,run3,tsvdmi,dct,1,None,ncep-air,/lus/flare/projects/DFTCalc2/starM-HPC/starMData/ncep/pressure,"(0, 1, 2, 3)","(73, 144, 17, 14612)",8.381450389046222,1.3136770576238632e-05,48.22018348623853,22.072702973615378,1.9194374782964587,,,,0.11401473870500922,21.820519214496017,180229.36676381942,0.014809675821265971,12169703.70850514,12168369.066068642
ncep-air_tsvdmi_1_dct_0123_8_run1,False,ncep-air,tsvdmi,1,dct,0123,8,run1,,,,,,,,,,,,,,,,,,,,,,
ncep-air_tsvdmi_1_dct_0123_8_run2,False,ncep-air,tsvdmi,1,dct,0123,8,run2,,,,,,,,,,,,,,,,,,,,,,
ncep-air_tsvdmi_1_dct_0123_8_run3,False,ncep-air,tsvdmi,1,dct,0123,8,run3,,,,,,,,,,,,,,,,,,,,,,
ncep-air_tsvdmi_20_dct_0123_16_run1,True,ncep-air,tsvdmi,20,dct,0123,16,run1,tsvdmi,dct,20,None,ncep-air,/lus/flare/projects/DFTCalc2/starM-HPC/starMData/ncep/pressure,"(0, 1, 2, 3)","(73, 144, 17, 14612)",8.487910873256624,1.654587686061859e-05,2.4110091743119266,51.67421780992299,21.66492360783741,,,,0.590543198864907,52.05067324405536,11045.647877513999,0.0009076349056720348,12169703.708492275,12169698.695792064
ncep-air_tsvdmi_20_dct_0123_16_run2,True,ncep-air,tsvdmi,20,dct,0123,16,run2,tsvdmi,dct,20,None,ncep-air,/lus/flare/projects/DFTCalc2/starM-HPC/starMData/ncep/pressure,"(0, 1, 2, 3)","(73, 144, 17, 14612)",8.776768731884658,1.6133300960063934e-05,2.4110091743119266,51.7420888277702,21.622197730932385,,,,0.5908197606913745,51.53830369282514,11045.647877513999,0.0009076349056720348,12169703.708492275,12169698.695792064
ncep-air_tsvdmi_20_dct_0123_16_run3,True,ncep-air,tsvdmi,20,dct,0123,16,run3,tsvdmi,dct,20,None,ncep-air,/lus/flare/projects/DFTCalc2/starM-HPC/starMData/ncep/pressure,"(0, 1, 2, 3)","(73, 144, 17, 14612)",8.481520251836628,1.743622124195099e-05,2.4110091743119266,51.70751598663628,21.692489359993488,,,,0.5911110891029239,51.571847699116915,11045.647877513999,0.0009076349056720348,12169703.708492275,12169698.695792064
ncep-air_tsvdmi_20_dct_0123_1_run1,False,ncep-air,tsvdmi,20,dct,0123,1,run1,,,,,,,,,,,,,,,,,,,,,,
ncep-air_tsvdmi_20_dct_0123_1_run2,False,ncep-air,tsvdmi,20,dct,0123,1,run2,,,,,,,,,,,,,,,,,,,,,,
ncep-air_tsvdmi_20_dct_0123_1_run3,False,ncep-air,tsvdmi,20,dct,0123,1,run3,,,,,,,,,,,,,,,,,,,,,,
ncep-air_tsvdmi_20_dct_0123_2_run1,False,ncep-air,tsvdmi,20,dct,0123,2,run1,,,,,,,,,,,,,,,,,,,,,,
ncep-air_tsvdmi_20_dct_0123_2_run2,False,ncep-air,tsvdmi,20,dct,0123,2,run2,,,,,,,,,,,,,,,,,,,,,,
ncep-air_tsvdmi_20_dct_0123_2_run3,False,ncep-air,tsvdmi,20,dct,0123,2,run3,,,,,,,,,,,,,,,,,,,,,,
ncep-air_tsvdmi_20_dct_0123_32_run1,True,ncep-air,tsvdmi,20,dct,0123,32,run1,tsvdmi,dct,20,None,ncep-air,/lus/flare/projects/DFTCalc2/starM-HPC/starMData/ncep/pressure,"(0, 1, 2, 3)","(73, 144, 17, 14612)",8.765257182065398,1.7177313566207886e-05,2.4110091743119266,28.41000948380679,11.097568883094937,,,,0.31285366090014577,28.470077752135694,11045.647877514004,0.0009076349056685039,12169703.708539624,12169698.695792072
ncep-air_tsvdmi_20_dct_0123_32_run2,True,ncep-air,tsvdmi,20,dct,0123,32,run2,tsvdmi,dct,20,None,ncep-air,/lus/flare/projects/DFTCalc2/starM-HPC/starMData/ncep/pressure,"(0, 1, 2, 3)","(73, 144, 17, 14612)",8.75389063730836,1.6001053154468536e-05,2.4110091743119266,28.24029357265681,11.063271968159825,,,,0.3126375610008836,28.45422828802839,11045.647877514004,0.0009076349056685039,12169703.708539624,12169698.695792072
ncep-air_tsvdmi_20_dct_0123_32_run3,True,ncep-air,tsvdmi,20,dct,0123,32,run3,tsvdmi,dct,20,None,ncep-air,/lus/flare/projects/DFTCalc2/starM-HPC/starMData/ncep/pressure,"(0, 1, 2, 3)","(73, 144, 17, 14612)",8.737440607044846,1.661805436015129e-05,2.4110091743119266,28.409974184818566,11.074560588225722,,,,0.3124691299162805,28.33167861448601,11045.647877514004,0.0009076349056685039,12169703.708539624,12169698.695792072
ncep-air_tsvdmi_20_dct_0123_4_run1,False,ncep-air,tsvdmi,20,dct,0123,4,run1,,,,,,,,,,,,,,,,,,,,,,
ncep-air_tsvdmi_20_dct_0123_4_run2,False,ncep-air,tsvdmi,20,dct,0123,4,run2,,,,,,,,,,,,,,,,,,,,,,
ncep-air_tsvdmi_20_dct_0123_4_run3,False,ncep-air,tsvdmi,20,dct,0123,4,run3,,,,,,,,,,,,,,,,,,,,,,
ncep-air_tsvdmi_20_dct_0123_64_run1,True,ncep-air,tsvdmi,20,dct,0123,64,run1,tsvdmi,dct,20,None,ncep-air,/lus/flare/projects/DFTCalc2/starM-HPC/starMData/ncep/pressure,"(0, 1, 2, 3)","(73, 144, 17, 14612)",8.368894746992737,1.3136770576238632e-05,2.4110091743119266,22.122513265814632,6.883095519151539,,,,0.18993766605854034,21.543524425011128,11045.64787751401,0.0009076349056710762,12169703.70850514,12169698.69579207
ncep-air_tsvdmi_20_dct_0123_64_run2,True,ncep-air,tsvdmi,20,dct,0123,64,run2,tsvdmi,dct,20,None,ncep-air,/lus/flare/projects/DFTCalc2/starM-HPC/starMData/ncep/pressure,"(0, 1, 2, 3)","(73, 144, 17, 14612)",8.360981166362762,1.2227334082126617e-05,2.4110091743119266,21.93770189443603,6.827357387635857,,,,0.18945301370695233,21.41691014636308,11045.64787751401,0.0009076349056710762,12169703.70850514,12169698.69579207
ncep-air_tsvdmi_20_dct_0123_64_run3,True,ncep-air,tsvdmi,20,dct,0123,64,run3,tsvdmi,dct,20,None,ncep-air,/lus/flare/projects/DFTCalc2/starM-HPC/starMData/ncep/pressure,"(0, 1, 2, 3)","(73, 144, 17, 14612)",8.354535338934511,1.3634096831083298e-05,2.4110091743119266,21.991200955584645,6.83687027124688,,,,0.18986913282424212,21.934630639385432,11045.64787751401,0.0009076349056710762,12169703.70850514,12169698.69579207
ncep-air_tsvdmi_20_dct_0123_8_run1,False,ncep-air,tsvdmi,20,dct,0123,8,run1,,,,,,,,,,,,,,,,,,,,,,
ncep-air_tsvdmi_20_dct_0123_8_run2,False,ncep-air,tsvdmi,20,dct,0123,8,run2,,,,,,,,,,,,,,,,,,,,,,
ncep-air_tsvdmi_20_dct_0123_8_run3,False,ncep-air,tsvdmi,20,dct,0123,8,run3,,,,,,,,,,,,,,,,,,,,,,
ncep-air_tsvdmi_2_dct_0123_16_run1,True,ncep-air,tsvdmi,2,dct,0123,16,run1,tsvdmi,dct,2,None,ncep-air,/lus/flare/projects/DFTCalc2/starM-HPC/starMData/ncep/pressure,"(0, 1, 2, 3)","(73, 144, 17, 14612)",8.48663947219029,1.771003007888794e-05,24.110091743119266,51.80696610221639,7.747676400933415,,,,0.3912983681075275,51.5875009004958,133495.3718366907,0.010969484141469674,12169703.708492275,12168971.498791441
ncep-air_tsvdmi_2_dct_0123_16_run2,True,ncep-air,tsvdmi,2,dct,0123,16,run2,tsvdmi,dct,2,None,ncep-air,/lus/flare/projects/DFTCalc2/starM-HPC/starMData/ncep/pressure,"(0, 1, 2, 3)","(73, 144, 17, 14612)",8.482048640958965,1.7034821212291718e-05,24.110091743119266,51.64922981802374,7.778484644833952,,,,0.39138014474883676,52.09453309653327,133495.3718366907,0.010969484141469674,12169703.708492275,12168971.498791441
ncep-air_tsvdmi_2_dct_0123_16_run3,True,ncep-air,tsvdmi,2,dct,0123,16,run3,tsvdmi,dct,2,None,ncep-air,/lus/flare/projects/DFTCalc2/starM-HPC/starMData/ncep/pressure,"(0, 1, 2, 3)","(73, 144, 17, 14612)",8.763205179013312,1.677870750427246e-05,24.110091743119266,51.59904260188341,7.781562258023769,,,,0.39196285093203187,51.5022303792648,133495.3718366907,0.010969484141469674,12169703.708492275,12168971.498791441
ncep-air_tsvdmi_2_dct_0123_1_run1,True,ncep-air,tsvdmi,2,dct,0123,1,run1,tsvdmi,dct,2,None,ncep-air,/lus/flare/projects/DFTCalc2/starM-HPC/starMData/ncep/pressure,"(0, 1, 2, 3)","(73, 144, 17, 14612)",8.727122338001209,1.5347999578807503e-05,24.110091743119266,838.8205031209945,122.75519411300047,,,,5.942620779002027,837.3803659019977,133495.37183669079,0.010969484141623671,12169703.708321437,12168971.498791516
ncep-air_tsvdmi_2_dct_0123_1_run2,True,ncep-air,tsvdmi,2,dct,0123,1,run2,tsvdmi,dct,2,None,ncep-air,/lus/flare/projects/DFTCalc2/starM-HPC/starMData/ncep/pressure,"(0, 1, 2, 3)","(73, 144, 17, 14612)",8.435135382998851,1.540100493002683e-05,24.110091743119266,838.4707671330034,122.73991583099996,,,,5.938562999006535,837.1222621619963,133495.37183669079,0.010969484141623671,12169703.708321437,12168971.498791516
ncep-air_tsvdmi_2_dct_0123_1_run3,True,ncep-air,tsvdmi,2,dct,0123,1,run3,tsvdmi,dct,2,None,ncep-air,/lus/flare/projects/DFTCalc2/starM-HPC/starMData/ncep/pressure,"(0, 1, 2, 3)","(73, 144, 17, 14612)",8.437200649997976,1.4531004126183689e-05,24.110091743119266,838.3579692279964,122.78611221999745,,,,5.942504323997127,836.8935081380041,133495.37183669079,0.010969484141623671,12169703.708321437,12168971.498791516
ncep-air_tsvdmi_2_dct_0123_2_run1,False,ncep-air,tsvdmi,2,dct,0123,2,run1,,,,,,,,,,,,,,,,,,,,,,
ncep-air_tsvdmi_2_dct_0123_2_run2,False,ncep-air,tsvdmi,2,dct,0123,2,run2,,,,,,,,,,,,,,,,,,,,,,
ncep-air_tsvdmi_2_dct_0123_2_run3,False,ncep-air,tsvdmi,2,dct,0123,2,run3,,,,,,,,,,,,,,,,,,,,,,
ncep-air_tsvdmi_2_dct_0123_32_run1,True,ncep-air,tsvdmi,2,dct,0123,32,run1,tsvdmi,dct,2,None,ncep-air,/lus/flare/projects/DFTCalc2/starM-HPC/starMData/ncep/pressure,"(0, 1, 2, 3)","(73, 144, 17, 14612)",8.486585561186075,1.787487417459488e-05,24.110091743119266,28.446283870376647,4.012790159787983,,,,0.20404983963817358,28.49435342475772,133495.37183669076,0.010969484141427,12169703.708539624,12168971.498791441
ncep-air_tsvdmi_2_dct_0123_32_run2,True,ncep-air,tsvdmi,2,dct,0123,32,run2,tsvdmi,dct,2,None,ncep-air,/lus/flare/projects/DFTCalc2/starM-HPC/starMData/ncep/pressure,"(0, 1, 2, 3)","(73, 144, 17, 14612)",8.466893417295069,1.872098073363304e-05,24.110091743119266,28.541489793453366,4.0266402089037,,,,0.20340593485161662,28.247879393864423,133495.37183669076,0.010969484141427,12169703.708539624,12168971.498791441
ncep-air_tsvdmi_2_dct_0123_32_run3,True,ncep-air,tsvdmi,2,dct,0123,32,run3,tsvdmi,dct,2,None,ncep-air,/lus/flare/projects/DFTCalc2/starM-HPC/starMData/ncep/pressure,"(0, 1, 2, 3)","(73, 144, 17, 14612)",8.761451210826635,1.6890931874513626e-05,24.110091743119266,28.493833501357585,3.977353495080024,,,,0.2037694724276662,28.31384531315416,133495.37183669076,0.010969484141427,12169703.708539624,12168971.498791441
ncep-air_tsvdmi_2_dct_0123_4_run1,True,ncep-air,tsvdmi,2,dct,0123,4,run1,tsvdmi,dct,2,None,ncep-air,/lus/flare/projects/DFTCalc2/starM-HPC/starMData/ncep/pressure,"(0, 1, 2, 3)","(73, 144, 17, 14612)",8.423319394998543,1.5760997484903783e-05,24.110091743119266,207.43085039500147,30.882016192001174,,,,1.5348872520007717,206.57600212500256,133495.3718366902,0.010969484141519725,12169703.708436703,12168971.498791438
ncep-air_tsvdmi_2_dct_0123_4_run2,True,ncep-air,tsvdmi,2,dct,0123,4,run2,tsvdmi,dct,2,None,ncep-air,/lus/flare/projects/DFTCalc2/starM-HPC/starMData/ncep/pressure,"(0, 1, 2, 3)","(73, 144, 17, 14612)",8.411675215000287,1.3782002497464418e-05,24.110091743119266,209.38832847199956,30.858306177000486,,,,1.5350113800013787,208.13434831199993,133495.3718366902,0.010969484141519725,12169703.708436703,12168971.498791438
ncep-air_tsvdmi_2_dct_0123_4_run3,True,ncep-air,tsvdmi,2,dct,0123,4,run3,tsvdmi,dct,2,None,ncep-air,/lus/flare/projects/DFTCalc2/starM-HPC/starMData/ncep/pressure,"(0, 1, 2, 3)","(73, 144, 17, 14612)",8.401548582001851,1.601399708306417e-05,24.110091743119266,208.13178092800445,31.085071877998416,,,,1.533919159002835,204.59154142100306,133495.3718366902,0.010969484141519725,12169703.708436703,12168971.498791438
ncep-air_tsvdmi_2_dct_0123_64_run1,True,ncep-air,tsvdmi,2,dct,0123,64,run1,tsvdmi,dct,2,None,ncep-air,/lus/flare/projects/DFTCalc2/starM-HPC/starMData/ncep/pressure,"(0, 1, 2, 3)","(73, 144, 17, 14612)",8.375073793809861,1.3696961104869843e-05,24.110091743119266,21.97492976486683,2.389005655888468,,,,0.11646690964698792,21.974748245906085,133495.3718366907,0.010969484141458078,12169703.70850514,12168971.498791443
ncep-air_tsvdmi_2_dct_0123_64_run2,True,ncep-air,tsvdmi,2,dct,0123,64,run2,tsvdmi,dct,2,None,ncep-air,/lus/flare/projects/DFTCalc2/starM-HPC/starMData/ncep/pressure,"(0, 1, 2, 3)","(73, 144, 17, 14612)",8.333636611234397,1.2388918548822403e-05,24.110091743119266,21.853339004796,2.3967138561420143,,,,0.11710777506232262,21.975435227155685,133495.3718366907,0.010969484141458078,12169703.70850514,12168971.498791443
ncep-air_tsvdmi_2_dct_0123_64_run3,True,ncep-air,tsvdmi,2,dct,0123,64,run3,tsvdmi,dct,2,None,ncep-air,/lus/flare/projects/DFTCalc2/starM-HPC/starMData/ncep/pressure,"(0, 1, 2, 3)","(73, 144, 17, 14612)",8.356389197986573,1.240381971001625e-05,24.110091743119266,21.963681603316218,2.438608764205128,,,,0.1171455830335617,21.83697696402669,133495.3718366907,0.010969484141458078,12169703.70850514,12168971.498791443
ncep-air_tsvdmi_2_dct_0123_8_run1,False,ncep-air,tsvdmi,2,dct,0123,8,run1,,,,,,,,,,,,,,,,,,,,,,
ncep-air_tsvdmi_2_dct_0123_8_run2,False,ncep-air,tsvdmi,2,dct,0123,8,run2,,,,,,,,,,,,,,,,,,,,,,
ncep-air_tsvdmi_2_dct_0123_8_run3,False,ncep-air,tsvdmi,2,dct,0123,8,run3,,,,,,,,,,,,,,,,,,,,,,
ncep-air_tsvdmi_3_dct_0123_16_run1,True,ncep-air,tsvdmi,3,dct,0123,16,run1,tsvdmi,dct,3,None,ncep-air,/lus/flare/projects/DFTCalc2/starM-HPC/starMData/ncep/pressure,"(0, 1, 2, 3)","(73, 144, 17, 14612)",8.767489501740783,1.7224811017513275e-05,16.073394495412845,51.70560442097485,8.564918666146696,,,,0.404265106189996,51.54980576224625,104152.22295146345,0.008558320354075987,12169703.708492275,12169258.016294766
ncep-air_tsvdmi_3_dct_0123_16_run2,True,ncep-air,tsvdmi,3,dct,0123,16,run2,tsvdmi,dct,3,None,ncep-air,/lus/flare/projects/DFTCalc2/starM-HPC/starMData/ncep/pressure,"(0, 1, 2, 3)","(73, 144, 17, 14612)",8.446004886180162,1.5816185623407364e-05,16.073394495412845,52.77060753386468,8.550809687934816,,,,0.4045862420462072,51.64201623713598,104152.22295146345,0.008558320354075987,12169703.708492275,12169258.016294766
ncep-air_tsvdmi_3_dct_0123_16_run3,True,ncep-air,tsvdmi,3,dct,0123,16,run3,tsvdmi,dct,3,None,ncep-air,/lus/flare/projects/DFTCalc2/starM-HPC/starMData/ncep/pressure,"(0, 1, 2, 3)","(73, 144, 17, 14612)",8.368155265692621,1.5398021787405014e-05,16.073394495412845,51.76770892320201,8.548593522049487,,,,0.4036653903312981,51.53530760342255,104152.22295146345,0.008558320354075987,12169703.708492275,12169258.016294766
ncep-air_tsvdmi_3_dct_0123_1_run1,True,ncep-air,tsvdmi,3,dct,0123,1,run1,tsvdmi,dct,3,None,ncep-air,/lus/flare/projects/DFTCalc2/starM-HPC/starMData/ncep/pressure,"(0, 1, 2, 3)","(73, 144, 17, 14612)",8.726588685000024,1.7482998373452574e-05,16.073394495412845,837.8450849630026,135.20093589899625,,,,6.168029483000282,836.3308886090017,104152.22295146195,0.008558320354196005,12169703.708321437,12169258.016294934
ncep-air_tsvdmi_3_dct_0123_1_run2,True,ncep-air,tsvdmi,3,dct,0123,1,run2,tsvdmi,dct,3,None,ncep-air,/lus/flare/projects/DFTCalc2/starM-HPC/starMData/ncep/pressure,"(0, 1, 2, 3)","(73, 144, 17, 14612)",8.71352026999375,1.5798999811522663e-05,16.073394495412845,836.9017109199922,135.12456852300238,,,,6.169312853002339,835.4543671659994,104152.22295146195,0.008558320354196005,12169703.708321437,12169258.016294934
ncep-air_tsvdmi_3_dct_0123_1_run3,True,ncep-air,tsvdmi,3,dct,0123,1,run3,tsvdmi,dct,3,None,ncep-air,/lus/flare/projects/DFTCalc2/starM-HPC/starMData/ncep/pressure,"(0, 1, 2, 3)","(73, 144, 17, 14612)",8.720591138997406,1.3933000445831567e-05,16.073394495412845,838.521846369993,136.196486148001,,,,6.165330262003408,837.0535590239961,104152.22295146195,0.008558320354196005,12169703.708321437,12169258.016294934
ncep-air_tsvdmi_3_dct_0123_2_run1,False,ncep-air,tsvdmi,3,dct,0123,2,run1,,,,,,,,,,,,,,,,,,,,,,
ncep-air_tsvdmi_3_dct_0123_2_run2,False,ncep-air,tsvdmi,3,dct,0123,2,run2,,,,,,,,,,,,,,,,,,,,,,
ncep-air_tsvdmi_3_dct_0123_2_run3,False,ncep-air,tsvdmi,3,dct,0123,2,run3,,,,,,,,,,,,,,,,,,,,,,
ncep-air_tsvdmi_3_dct_0123_32_run1,True,ncep-air,tsvdmi,3,dct,0123,32,run1,tsvdmi,dct,3,None,ncep-air,/lus/flare/projects/DFTCalc2/starM-HPC/starMData/ncep/pressure,"(0, 1, 2, 3)","(73, 144, 17, 14612)",8.757442271802574,1.7981044948101044e-05,16.073394495412845,28.641781333833933,4.379959315992892,,,,0.21084510115906596,28.21847601281479,104152.22295146348,0.00855832035404269,12169703.708539624,12169258.016294768
ncep-air_tsvdmi_3_dct_0123_32_run2,True,ncep-air,tsvdmi,3,dct,0123,32,run2,tsvdmi,dct,3,None,ncep-air,/lus/flare/projects/DFTCalc2/starM-HPC/starMData/ncep/pressure,"(0, 1, 2, 3)","(73, 144, 17, 14612)",8.74867328023538,1.5073921531438828e-05,16.073394495412845,28.236234399024397,4.343925757799298,,,,0.21088115964084864,28.39662159094587,104152.22295146348,0.00855832035404269,12169703.708539624,12169258.016294768
ncep-air_tsvdmi_3_dct_0123_32_run3,True,ncep-air,tsvdmi,3,dct,0123,32,run3,tsvdmi,dct,3,None,ncep-air,/lus/flare/projects/DFTCalc2/starM-HPC/starMData/ncep/pressure,"(0, 1, 2, 3)","(73, 144, 17, 14612)",8.774170906748623,1.693516969680786e-05,16.073394495412845,28.251725083217025,4.420429685153067,,,,0.21077075134962797,28.346130829304457,104152.22295146348,0.00855832035404269,12169703.708539624,12169258.016294768
ncep-air_tsvdmi_3_dct_0123_4_run1,False,ncep-air,tsvdmi,3,dct,0123,4,run1,tsvdmi,dct,3,None,ncep-air,/lus/flare/projects/DFTCalc2/starM-HPC/starMData/ncep/pressure,"(0, 1, 2, 3)","(73, 144, 17, 14612)",8.709756967997237,1.513600000180304e-05,16.073394495412845,207.39950936099922,34.023656289005885,,,,1.583599318000779,1.7821557739953278,,,,
ncep-air_tsvdmi_3_dct_0123_4_run2,False,ncep-air,tsvdmi,3,dct,0123,4,run2,,,,,,,,,,,,,,,,,,,,,,
ncep-air_tsvdmi_3_dct_0123_4_run3,False,ncep-air,tsvdmi,3,dct,0123,4,run3,,,,,,,,,,,,,,,,,,,,,,
ncep-air_tsvdmi_3_dct_0123_64_run1,True,ncep-air,tsvdmi,3,dct,0123,64,run1,tsvdmi,dct,3,None,ncep-air,/lus/flare/projects/DFTCalc2/starM-HPC/starMData/ncep/pressure,"(0, 1, 2, 3)","(73, 144, 17, 14612)",8.662494863849133,1.35800801217556e-05,16.073394495412845,22.05705349193886,2.7449161568656564,,,,0.12421832699328661,21.959387148730457,104152.22295146348,0.008558320354066942,12169703.70850514,12169258.016294766
ncep-air_tsvdmi_3_dct_0123_64_run2,True,ncep-air,tsvdmi,3,dct,0123,64,run2,tsvdmi,dct,3,None,ncep-air,/lus/flare/projects/DFTCalc2/starM-HPC/starMData/ncep/pressure,"(0, 1, 2, 3)","(73, 144, 17, 14612)",8.362473957706243,1.3127923011779785e-05,16.073394495412845,22.785093439742923,3.3048230218701065,,,,0.126919390168041,22.410537844058126,104152.22295146348,0.008558320354066942,12169703.70850514,12169258.016294766
ncep-air_tsvdmi_3_dct_0123_64_run3,True,ncep-air,tsvdmi,3,dct,0123,64,run3,tsvdmi,dct,3,None,ncep-air,/lus/flare/projects/DFTCalc2/starM-HPC/starMData/ncep/pressure,"(0, 1, 2, 3)","(73, 144, 17, 14612)",8.3448083284311,1.240614801645279e-05,16.073394495412845,21.937903427053243,2.7377471840009093,,,,0.12179613532498479,21.514711565803736,104152.22295146348,0.008558320354066942,12169703.70850514,12169258.016294766
ncep-air_tsvdmi_3_dct_0123_8_run1,False,ncep-air,tsvdmi,3,dct,0123,8,run1,,,,,,,,,,,,,,,,,,,,,,
ncep-air_tsvdmi_3_dct_0123_8_run2,False,ncep-air,tsvdmi,3,dct,0123,8,run2,,,,,,,,,,,,,,,,,,,,,,
ncep-air_tsvdmi_3_dct_0123_8_run3,False,ncep-air,tsvdmi,3,dct,0123,8,run3,,,,,,,,,,,,,,,,,,,,,,
ncep-air_tsvdmi_40_dct_0123_16_run1,True,ncep-air,tsvdmi,40,dct,0123,16,run1,tsvdmi,dct,40,None,ncep-air,/lus/flare/projects/DFTCalc2/starM-HPC/starMData/ncep/pressure,"(0, 1, 2, 3)","(73, 144, 17, 14612)",8.696043921168894,1.8206890672445297e-05,1.2055045871559633,52.191040544305,37.66222481522709,,,,0.7715481147170067,51.542675065808,781.0451515216159,6.417947143418013e-05,12169703.708492275,12169703.683437346
ncep-air_tsvdmi_40_dct_0123_16_run2,True,ncep-air,tsvdmi,40,dct,0123,16,run2,tsvdmi,dct,40,None,ncep-air,/lus/flare/projects/DFTCalc2/starM-HPC/starMData/ncep/pressure,"(0, 1, 2, 3)","(73, 144, 17, 14612)",8.687489974778146,1.6585923731327057e-05,1.2055045871559633,51.556405341718346,37.67851117905229,,,,0.7744191288948059,52.5263685840182,781.0451515216159,6.417947143418013e-05,12169703.708492275,12169703.683437346
ncep-air_tsvdmi_40_dct_0123_16_run3,True,ncep-air,tsvdmi,40,dct,0123,16,run3,tsvdmi,dct,40,None,ncep-air,/lus/flare/projects/DFTCalc2/starM-HPC/starMData/ncep/pressure,"(0, 1, 2, 3)","(73, 144, 17, 14612)",8.747300514020026,1.6582664102315903e-05,1.2055045871559633,51.7515212027356,37.70044761104509,,,,0.7718041148036718,51.4932977380231,781.0451515216159,6.417947143418013e-05,12169703.708492275,12169703.683437346
ncep-air_tsvdmi_40_dct_0123_1_run1,False,ncep-air,tsvdmi,40,dct,0123,1,run1,,,,,,,,,,,,,,,,,,,,,,
ncep-air_tsvdmi_40_dct_0123_1_run2,False,ncep-air,tsvdmi,40,dct,0123,1,run2,,,,,,,,,,,,,,,,,,,,,,
ncep-air_tsvdmi_40_dct_0123_1_run3,False,ncep-air,tsvdmi,40,dct,0123,1,run3,,,,,,,,,,,,,,,,,,,,,,
ncep-air_tsvdmi_40_dct_0123_2_run1,False,ncep-air,tsvdmi,40,dct,0123,2,run1,,,,,,,,,,,,,,,,,,,,,,
ncep-air_tsvdmi_40_dct_0123_2_run2,False,ncep-air,tsvdmi,40,dct,0123,2,run2,,,,,,,,,,,,,,,,,,,,,,
ncep-air_tsvdmi_40_dct_0123_2_run3,False,ncep-air,tsvdmi,40,dct,0123,2,run3,,,,,,,,,,,,,,,,,,,,,,
ncep-air_tsvdmi_40_dct_0123_32_run1,True,ncep-air,tsvdmi,40,dct,0123,32,run1,tsvdmi,dct,40,None,ncep-air,/lus/flare/projects/DFTCalc2/starM-HPC/starMData/ncep/pressure,"(0, 1, 2, 3)","(73, 144, 17, 14612)",8.759347430896014,1.7834827303886414e-05,1.2055045871559633,28.475806744769216,19.53060776507482,,,,0.41154381074011326,28.257102316245437,781.045151521616,6.417947143393044e-05,12169703.708539624,12169703.683437353
ncep-air_tsvdmi_40_dct_0123_32_run2,True,ncep-air,tsvdmi,40,dct,0123,32,run2,tsvdmi,dct,40,None,ncep-air,/lus/flare/projects/DFTCalc2/starM-HPC/starMData/ncep/pressure,"(0, 1, 2, 3)","(73, 144, 17, 14612)",8.75730950012803,1.6575679183006287e-05,1.2055045871559633,28.660678410436958,19.1661035399884,,,,0.4110685968771577,28.721899565774947,781.045151521616,6.417947143393044e-05,12169703.708539624,12169703.683437353
ncep-air_tsvdmi_40_dct_0123_32_run3,True,ncep-air,tsvdmi,40,dct,0123,32,run3,tsvdmi,dct,40,None,ncep-air,/lus/flare/projects/DFTCalc2/starM-HPC/starMData/ncep/pressure,"(0, 1, 2, 3)","(73, 144, 17, 14612)",8.710272705182433,1.823529601097107e-05,1.2055045871559633,28.289590254891664,19.24305871874094,,,,0.41200792603194714,28.490847597364336,781.045151521616,6.417947143393044e-05,12169703.708539624,12169703.683437353
ncep-air_tsvdmi_40_dct_0123_4_run1,False,ncep-air,tsvdmi,40,dct,0123,4,run1,,,,,,,,,,,,,,,,,,,,,,
ncep-air_tsvdmi_40_dct_0123_4_run2,False,ncep-air,tsvdmi,40,dct,0123,4,run2,,,,,,,,,,,,,,,,,,,,,,
ncep-air_tsvdmi_40_dct_0123_4_run3,False,ncep-air,tsvdmi,40,dct,0123,4,run3,,,,,,,,,,,,,,,,,,,,,,
ncep-air_tsvdmi_40_dct_0123_64_run1,True,ncep-air,tsvdmi,40,dct,0123,64,run1,tsvdmi,dct,40,None,ncep-air,/lus/flare/projects/DFTCalc2/starM-HPC/starMData/ncep/pressure,"(0, 1, 2, 3)","(73, 144, 17, 14612)",8.440165928099304,1.3248994946479797e-05,1.2055045871559633,22.11956191295758,12.055265733972192,,,,0.2550406097434461,21.896375730168074,781.0451515216159,6.417947143411228e-05,12169703.70850514,12169703.683437351
ncep-air_tsvdmi_40_dct_0123_64_run2,True,ncep-air,tsvdmi,40,dct,0123,64,run2,tsvdmi,dct,40,None,ncep-air,/lus/flare/projects/DFTCalc2/starM-HPC/starMData/ncep/pressure,"(0, 1, 2, 3)","(73, 144, 17, 14612)",8.733256265055388,1.306086778640747e-05,1.2055045871559633,21.790130470879376,11.984333477914333,,,,0.25526583660393953,21.860505138058215,781.0451515216159,6.417947143411228e-05,12169703.70850514,12169703.683437351
ncep-air_tsvdmi_40_dct_0123_64_run3,True,ncep-air,tsvdmi,40,dct,0123,64,run3,tsvdmi,dct,40,None,ncep-air,/lus/flare/projects/DFTCalc2/starM-HPC/starMData/ncep/pressure,"(0, 1, 2, 3)","(73, 144, 17, 14612)",8.359010552056134,1.3109296560287476e-05,1.2055045871559633,21.380097134038806,11.90133242495358,,,,0.2550628730095923,21.362269905861467,781.0451515216159,6.417947143411228e-05,12169703.70850514,12169703.683437351
ncep-air_tsvdmi_40_dct_0123_8_run1,False,ncep-air,tsvdmi,40,dct,0123,8,run1,,,,,,,,,,,,,,,,,,,,,,
ncep-air_tsvdmi_40_dct_0123_8_run2,False,ncep-air,tsvdmi,40,dct,0123,8,run2,,,,,,,,,,,,,,,,,,,,,,
ncep-air_tsvdmi_40_dct_0123_8_run3,False,ncep-air,tsvdmi,40,dct,0123,8,run3,,,,,,,,,,,,,,,,,,,,,,
ncep-air_tsvdmi_4_dct_0123_16_run1,True,ncep-air,tsvdmi,4,dct,0123,16,run1,tsvdmi,dct,4,None,ncep-air,/lus/flare/projects/DFTCalc2/starM-HPC/starMData/ncep/pressure,"(0, 1, 2, 3)","(73, 144, 17, 14612)",8.425682798959315,1.653982326388359e-05,12.055045871559633,51.717100591398776,9.362105092965066,,,,0.41741820238530636,51.495732865761966,86399.06190762708,0.007099520578084082,12169703.708492275,12169397.008677205
ncep-air_tsvdmi_4_dct_0123_16_run2,True,ncep-air,tsvdmi,4,dct,0123,16,run2,tsvdmi,dct,4,None,ncep-air,/lus/flare/projects/DFTCalc2/starM-HPC/starMData/ncep/pressure,"(0, 1, 2, 3)","(73, 144, 17, 14612)",8.483729028142989,1.566484570503235e-05,12.055045871559633,52.316484415438026,9.36318581784144,,,,0.4175926339812577,51.620871969498694,86399.06190762708,0.007099520578084082,12169703.708492275,12169397.008677205
ncep-air_tsvdmi_4_dct_0123_16_run3,True,ncep-air,tsvdmi,4,dct,0123,16,run3,tsvdmi,dct,4,None,ncep-air,/lus/flare/projects/DFTCalc2/starM-HPC/starMData/ncep/pressure,"(0, 1, 2, 3)","(73, 144, 17, 14612)",8.441967570222914,1.646997407078743e-05,12.055045871559633,51.69983993191272,9.354642894119024,,,,0.417785984929651,51.75381156522781,86399.06190762708,0.007099520578084082,12169703.708492275,12169397.008677205
ncep-air_tsvdmi_4_dct_0123_1_run1,False,ncep-air,tsvdmi,4,dct,0123,1,run1,tsvdmi,dct,4,None,ncep-air,/lus/flare/projects/DFTCalc2/starM-HPC/starMData/ncep/pressure,"(0, 1, 2, 3)","(73, 144, 17, 14612)",8.488536930002738,1.571999746374786e-05,,8.544323162997898,,,,,,,,,,
ncep-air_tsvdmi_4_dct_0123_1_run2,False,ncep-air,tsvdmi,4,dct,0123,1,run2,,,,,,,,,,,,,,,,,,,,,,
ncep-air_tsvdmi_4_dct_0123_1_run3,False,ncep-air,tsvdmi,4,dct,0123,1,run3,,,,,,,,,,,,,,,,,,,,,,
ncep-air_tsvdmi_4_dct_0123_2_run1,False,ncep-air,tsvdmi,4,dct,0123,2,run1,,,,,,,,,,,,,,,,,,,,,,
ncep-air_tsvdmi_4_dct_0123_2_run2,False,ncep-air,tsvdmi,4,dct,0123,2,run2,,,,,,,,,,,,,,,,,,,,,,
ncep-air_tsvdmi_4_dct_0123_2_run3,False,ncep-air,tsvdmi,4,dct,0123,2,run3,,,,,,,,,,,,,,,,,,,,,,
ncep-air_tsvdmi_4_dct_0123_32_run1,True,ncep-air,tsvdmi,4,dct,0123,32,run1,tsvdmi,dct,4,None,ncep-air,/lus/flare/projects/DFTCalc2/starM-HPC/starMData/ncep/pressure,"(0, 1, 2, 3)","(73, 144, 17, 14612)",8.763176609762013,1.7657876014709473e-05,12.055045871559633,28.41856263857335,4.8219907293096185,,,,0.21853260230273008,28.210497830994427,86399.06190762711,0.007099520578056463,12169703.708539624,12169397.008677203
ncep-air_tsvdmi_4_dct_0123_32_run2,True,ncep-air,tsvdmi,4,dct,0123,32,run2,tsvdmi,dct,4,None,ncep-air,/lus/flare/projects/DFTCalc2/starM-HPC/starMData/ncep/pressure,"(0, 1, 2, 3)","(73, 144, 17, 14612)",8.757607279811054,1.9068829715251923e-05,12.055045871559633,28.45978375384584,4.781808235216886,,,,0.21833843318745494,28.715549636166543,86399.06190762711,0.007099520578056463,12169703.708539624,12169397.008677203
ncep-air_tsvdmi_4_dct_0123_32_run3,True,ncep-air,tsvdmi,4,dct,0123,32,run3,tsvdmi,dct,4,None,ncep-air,/lus/flare/projects/DFTCalc2/starM-HPC/starMData/ncep/pressure,"(0, 1, 2, 3)","(73, 144, 17, 14612)",8.751099884975702,1.4921650290489197e-05,12.055045871559633,28.607646435964853,4.823737059254199,,,,0.21826305612921715,28.375939357094467,86399.06190762711,0.007099520578056463,12169703.708539624,12169397.008677203
ncep-air_tsvdmi_4_dct_0123_4_run1,False,ncep-air,tsvdmi,4,dct,0123,4,run1,,,,,,,,,,,,,,,,,,,,,,
ncep-air_tsvdmi_4_dct_0123_4_run2,False,ncep-air,tsvdmi,4,dct,0123,4,run2,,,,,,,,,,,,,,,,,,,,,,
ncep-air_tsvdmi_4_dct_0123_4_run3,False,ncep-air,tsvdmi,4,dct,0123,4,run3,,,,,,,,,,,,,,,,,,,,,,
ncep-air_tsvdmi_4_dct_0123_64_run1,True,ncep-air,tsvdmi,4,dct,0123,64,run1,tsvdmi,dct,4,None,ncep-air,/lus/flare/projects/DFTCalc2/starM-HPC/starMData/ncep/pressure,"(0, 1, 2, 3)","(73, 144, 17, 14612)",8.355491034686565,1.3988930732011795e-05,12.055045871559633,21.662126306444407,2.834148121997714,,,,0.12663993425667286,21.745266733225435,86399.06190762713,0.007099520578076581,12169703.70850514,12169397.008677205
ncep-air_tsvdmi_4_dct_0123_64_run2,True,ncep-air,tsvdmi,4,dct,0123,64,run2,tsvdmi,dct,4,None,ncep-air,/lus/flare/projects/DFTCalc2/starM-HPC/starMData/ncep/pressure,"(0, 1, 2, 3)","(73, 144, 17, 14612)",8.39399556024,1.2779142707586288e-05,12.055045871559633,21.60882061580196,2.9138610153459013,,,,0.1262607262469828,21.543049485888332,86399.06190762713,0.007099520578076581,12169703.70850514,12169397.008677205
ncep-air_tsvdmi_4_dct_0123_64_run3,True,ncep-air,tsvdmi,4,dct,0123,64,run3,tsvdmi,dct,4,None,ncep-air,/lus/flare/projects/DFTCalc2/starM-HPC/starMData/ncep/pressure,"(0, 1, 2, 3)","(73, 144, 17, 14612)",8.364547841250896,1.3662967830896378e-05,12.055045871559633,21.605172180105,2.869927742984146,,,,0.12623394094407558,21.479348943103105,86399.06190762713,0.007099520578076581,12169703.70850514,12169397.008677205
ncep-air_tsvdmi_4_dct_0123_8_run1,False,ncep-air,tsvdmi,4,dct,0123,8,run1,,,,,,,,,,,,,,,,,,,,,,
ncep-air_tsvdmi_4_dct_0123_8_run2,False,ncep-air,tsvdmi,4,dct,0123,8,run2,,,,,,,,,,,,,,,,,,,,,,
ncep-air_tsvdmi_4_dct_0123_8_run3,False,ncep-air,tsvdmi,4,dct,0123,8,run3,,,,,,,,,,,,,,,,,,,,,,
ncep-air_tsvdmi_5_dct_0123_16_run1,True,ncep-air,tsvdmi,5,dct,0123,16,run1,tsvdmi,dct,5,None,ncep-air,/lus/flare/projects/DFTCalc2/starM-HPC/starMData/ncep/pressure,"(0, 1, 2, 3)","(73, 144, 17, 14612)",8.471165076829493,1.6375910490751266e-05,9.644036697247707,51.97156695788726,10.101039175875485,,,,0.43109558103606105,51.83896611072123,73154.31424649314,0.006011182852006867,12169703.708492275,12169483.834534947
ncep-air_tsvdmi_5_dct_0123_16_run2,True,ncep-air,tsvdmi,5,dct,0123,16,run2,tsvdmi,dct,5,None,ncep-air,/lus/flare/projects/DFTCalc2/starM-HPC/starMData/ncep/pressure,"(0, 1, 2, 3)","(73, 144, 17, 14612)",8.463386717718095,1.6361940652132034e-05,9.644036697247707,51.50375661440194,10.132746174000204,,,,0.43351178988814354,51.39992942940444,73154.31424649314,0.006011182852006867,12169703.708492275,12169483.834534947
ncep-air_tsvdmi_5_dct_0123_16_run3,True,ncep-air,tsvdmi,5,dct,0123,16,run3,tsvdmi,dct,5,None,ncep-air,/lus/flare/projects/DFTCalc2/starM-HPC/starMData/ncep/pressure,"(0, 1, 2, 3)","(73, 144, 17, 14612)",8.41001793788746,1.74548476934433e-05,9.644036697247707,52.01023486396298,10.120296842884272,,,,0.4309976538643241,52.6183795039542,73154.31424649314,0.006011182852006867,12169703.708492275,12169483.834534947
ncep-air_tsvdmi_5_dct_0123_1_run1,False,ncep-air,tsvdmi,5,dct,0123,1,run1,,,,,,,,,,,,,,,,,,,,,,
ncep-air_tsvdmi_5_dct_0123_1_run2,False,ncep-air,tsvdmi,5,dct,0123,1,run2,,,,,,,,,,,,,,,,,,,,,,
ncep-air_tsvdmi_5_dct_0123_1_run3,False,ncep-air,tsvdmi,5,dct,0123,1,run3,,,,,,,,,,,,,,,,,,,,,,
ncep-air_tsvdmi_5_dct_0123_2_run1,False,ncep-air,tsvdmi,5,dct,0123,2,run1,,,,,,,,,,,,,,,,,,,,,,
ncep-air_tsvdmi_5_dct_0123_2_run2,False,ncep-air,tsvdmi,5,dct,0123,2,run2,,,,,,,,,,,,,,,,,,,,,,
ncep-air_tsvdmi_5_dct_0123_2_run3,False,ncep-air,tsvdmi,5,dct,0123,2,run3,,,,,,,,,,,,,,,,,,,,,,
ncep-air_tsvdmi_5_dct_0123_32_run1,True,ncep-air,tsvdmi,5,dct,0123,32,run1,tsvdmi,dct,5,None,ncep-air,/lus/flare/projects/DFTCalc2/starM-HPC/starMData/ncep/pressure,"(0, 1, 2, 3)","(73, 144, 17, 14612)",8.756349220871925,1.8621794879436493e-05,9.644036697247707,28.835964468773454,5.162098177708685,,,,0.226023870985955,28.548714278265834,73154.31424649313,0.006011182851983478,12169703.708539624,12169483.834534943
ncep-air_tsvdmi_5_dct_0123_32_run2,True,ncep-air,tsvdmi,5,dct,0123,32,run2,tsvdmi,dct,5,None,ncep-air,/lus/flare/projects/DFTCalc2/starM-HPC/starMData/ncep/pressure,"(0, 1, 2, 3)","(73, 144, 17, 14612)",8.749853368848562,1.7891637980937958e-05,9.644036697247707,28.292614419478923,5.169652382377535,,,,0.2253197580575943,28.332603497896343,73154.31424649313,0.006011182851983478,12169703.708539624,12169483.834534943
ncep-air_tsvdmi_5_dct_0123_32_run3,True,ncep-air,tsvdmi,5,dct,0123,32,run3,tsvdmi,dct,5,None,ncep-air,/lus/flare/projects/DFTCalc2/starM-HPC/starMData/ncep/pressure,"(0, 1, 2, 3)","(73, 144, 17, 14612)",8.47294499212876,1.7798971384763718e-05,9.644036697247707,28.577816631179303,5.183070864994079,,,,0.2256808220408857,28.35195803269744,73154.31424649313,0.006011182851983478,12169703.708539624,12169483.834534943
ncep-air_tsvdmi_5_dct_0123_4_run1,False,ncep-air,tsvdmi,5,dct,0123,4,run1,,,,,,,,,,,,,,,,,,,,,,
ncep-air_tsvdmi_5_dct_0123_4_run2,False,ncep-air,tsvdmi,5,dct,0123,4,run2,,,,,,,,,,,,,,,,,,,,,,
ncep-air_tsvdmi_5_dct_0123_4_run3,False,ncep-air,tsvdmi,5,dct,0123,4,run3,,,,,,,,,,,,,,,,,,,,,,
ncep-air_tsvdmi_5_dct_0123_64_run1,True,ncep-air,tsvdmi,5,dct,0123,64,run1,tsvdmi,dct,5,None,ncep-air,/lus/flare/projects/DFTCalc2/starM-HPC/starMData/ncep/pressure,"(0, 1, 2, 3)","(73, 144, 17, 14612)",8.346100667025894,1.4283694326877594e-05,9.644036697247707,22.336395328398794,3.1754582109861076,,,,0.1309467712417245,21.968037295155227,73154.31424649312,0.00601118285200051,12169703.70850514,12169483.834534947
ncep-air_tsvdmi_5_dct_0123_64_run2,True,ncep-air,tsvdmi,5,dct,0123,64,run2,tsvdmi,dct,5,None,ncep-air,/lus/flare/projects/DFTCalc2/starM-HPC/starMData/ncep/pressure,"(0, 1, 2, 3)","(73, 144, 17, 14612)",8.558016191236675,1.3220123946666718e-05,9.644036697247707,22.026988808531314,3.0680502969771624,,,,0.13016230380162597,21.96405151532963,73154.31424649312,0.00601118285200051,12169703.70850514,12169483.834534947
ncep-air_tsvdmi_5_dct_0123_64_run3,True,ncep-air,tsvdmi,5,dct,0123,64,run3,tsvdmi,dct,5,None,ncep-air,/lus/flare/projects/DFTCalc2/starM-HPC/starMData/ncep/pressure,"(0, 1, 2, 3)","(73, 144, 17, 14612)",8.36048724874854,1.3714656233787537e-05,9.644036697247707,21.57950168196112,3.1815700349397957,,,,0.1303588799200952,21.472018089611083,73154.31424649312,0.00601118285200051,12169703.70850514,12169483.834534947
ncep-air_tsvdmi_5_dct_0123_8_run1,False,ncep-air,tsvdmi,5,dct,0123,8,run1,,,,,,,,,,,,,,,,,,,,,,
ncep-air_tsvdmi_5_dct_0123_8_run2,False,ncep-air,tsvdmi,5,dct,0123,8,run2,,,,,,,,,,,,,,,,,,,,,,
ncep-air_tsvdmi_5_dct_0123_8_run3,False,ncep-air,tsvdmi,5,dct,0123,8,run3,,,,,,,,,,,,,,,,,,,,,,
ncep-air_tsvdmii_0.0001_dct_0123_16_run1,True,ncep-air,tsvdmii,0.0001,dct,0123,16,run1,tsvdmii,dct,None,0.0001,ncep-air,/lus/flare/projects/DFTCalc2/starM-HPC/starMData/ncep/pressure,"(0, 1, 2, 3)","(73, 144, 17, 14612)",8.65644058585167,1.577194780111313e-05,1.4877307759215899,51.6837863731198,,4.50025389669463,1.740830389317125,33.84658385394141,13.944751181639731,51.80548336170614,1216.9689838290938,9.999988602679515e-05,12169703.708492275,12169703.647652501
ncep-air_tsvdmii_0.0001_dct_0123_16_run2,True,ncep-air,tsvdmii,0.0001,dct,0123,16,run2,tsvdmii,dct,None,0.0001,ncep-air,/lus/flare/projects/DFTCalc2/starM-HPC/starMData/ncep/pressure,"(0, 1, 2, 3)","(73, 144, 17, 14612)",8.773549856152385,1.7300713807344437e-05,1.4877307759215899,51.58591031096876,,4.5234235459938645,1.7373044458217919,33.855563757009804,10.947255985345691,51.69169778097421,1216.9689838290938,9.999988602679515e-05,12169703.708492275,12169703.647652501
ncep-air_tsvdmii_0.0001_dct_0123_16_run3,True,ncep-air,tsvdmii,0.0001,dct,0123,16,run3,tsvdmii,dct,None,0.0001,ncep-air,/lus/flare/projects/DFTCalc2/starM-HPC/starMData/ncep/pressure,"(0, 1, 2, 3)","(73, 144, 17, 14612)",8.786425502970815,1.7328187823295593e-05,1.4877307759215899,52.674709799233824,,4.497934507206082,1.7167889988049865,33.86233393102884,10.947000361047685,51.72237184504047,1216.9689838290938,9.999988602679515e-05,12169703.708492275,12169703.647652501
ncep-air_tsvdmii_0.0001_dct_0123_1_run1,False,ncep-air,tsvdmii,0.0001,dct,0123,1,run1,,,,,,,,,,,,,,,,,,,,,,
ncep-air_tsvdmii_0.0001_dct_0123_1_run2,False,ncep-air,tsvdmii,0.0001,dct,0123,1,run2,,,,,,,,,,,,,,,,,,,,,,
ncep-air_tsvdmii_0.0001_dct_0123_1_run3,False,ncep-air,tsvdmii,0.0001,dct,0123,1,run3,,,,,,,,,,,,,,,,,,,,,,
ncep-air_tsvdmii_0.0001_dct_0123_2_run1,False,ncep-air,tsvdmii,0.0001,dct,0123,2,run1,,,,,,,,,,,,,,,,,,,,,,
ncep-air_tsvdmii_0.0001_dct_0123_2_run2,False,ncep-air,tsvdmii,0.0001,dct,0123,2,run2,,,,,,,,,,,,,,,,,,,,,,
ncep-air_tsvdmii_0.0001_dct_0123_2_run3,False,ncep-air,tsvdmii,0.0001,dct,0123,2,run3,,,,,,,,,,,,,,,,,,,,,,
ncep-air_tsvdmii_0.0001_dct_0123_32_run1,True,ncep-air,tsvdmii,0.0001,dct,0123,32,run1,tsvdmii,dct,None,0.0001,ncep-air,/lus/flare/projects/DFTCalc2/starM-HPC/starMData/ncep/pressure,"(0, 1, 2, 3)","(73, 144, 17, 14612)",8.774845007807016,1.8173828721046448e-05,1.4877307759215899,28.524596453644335,,2.349154339171946,1.7426957138814032,17.290159184951335,17.384820418898016,28.54102201666683,1216.9689838290928,9.9999886026406e-05,12169703.708539624,12169703.647652505
ncep-air_tsvdmii_0.0001_dct_0123_32_run2,True,ncep-air,tsvdmii,0.0001,dct,0123,32,run2,tsvdmii,dct,None,0.0001,ncep-air,/lus/flare/projects/DFTCalc2/starM-HPC/starMData/ncep/pressure,"(0, 1, 2, 3)","(73, 144, 17, 14612)",8.741486687213182,1.726532354950905e-05,1.4877307759215899,28.52679101936519,,2.3257454079575837,1.7190478537231684,17.193509106058627,17.907860374078155,28.34002089081332,1216.9689838290928,9.9999886026406e-05,12169703.708539624,12169703.647652505
ncep-air_tsvdmii_0.0001_dct_0123_32_run3,True,ncep-air,tsvdmii,0.0001,dct,0123,32,run3,tsvdmii,dct,None,0.0001,ncep-air,/lus/flare/projects/DFTCalc2/starM-HPC/starMData/ncep/pressure,"(0, 1, 2, 3)","(73, 144, 17, 14612)",8.49642000393942,1.5100929886102676e-05,1.4877307759215899,28.418905617203563,,2.284131865017116,1.7459365553222597,17.39832070795819,16.384154241066426,28.27468301029876,1216.9689838290928,9.9999886026406e-05,12169703.708539624,12169703.647652505
ncep-air_tsvdmii_0.0001_dct_0123_4_run1,False,ncep-air,tsvdmii,0.0001,dct,0123,4,run1,,,,,,,,,,,,,,,,,,,,,,
ncep-air_tsvdmii_0.0001_dct_0123_4_run2,False,ncep-air,tsvdmii,0.0001,dct,0123,4,run2,,,,,,,,,,,,,,,,,,,,,,
ncep-air_tsvdmii_0.0001_dct_0123_4_run3,False,ncep-air,tsvdmii,0.0001,dct,0123,4,run3,,,,,,,,,,,,,,,,,,,,,,
ncep-air_tsvdmii_0.0001_dct_0123_64_run1,True,ncep-air,tsvdmii,0.0001,dct,0123,64,run1,tsvdmii,dct,None,0.0001,ncep-air,/lus/flare/projects/DFTCalc2/starM-HPC/starMData/ncep/pressure,"(0, 1, 2, 3)","(73, 144, 17, 14612)",8.688039648346603,1.2666918337345123e-05,1.4877307759215899,21.855792799964547,,1.3984817289747298,1.7491310639306903,10.568688496015966,25.84650360280648,21.903434060048312,1216.9689838290933,9.99998860266894e-05,12169703.70850514,12169703.647652509
ncep-air_tsvdmii_0.0001_dct_0123_64_run2,True,ncep-air,tsvdmii,0.0001,dct,0123,64,run2,tsvdmii,dct,None,0.0001,ncep-air,/lus/flare/projects/DFTCalc2/starM-HPC/starMData/ncep/pressure,"(0, 1, 2, 3)","(73, 144, 17, 14612)",8.646931339986622,1.4700926840305328e-05,1.4877307759215899,22.05167627800256,,1.2982214037328959,1.7302036168985069,10.548468702938408,25.643249080050737,21.803994501009583,1216.9689838290933,9.99998860266894e-05,12169703.70850514,12169703.647652509
ncep-air_tsvdmii_0.0001_dct_0123_64_run3,True,ncep-air,tsvdmii,0.0001,dct,0123,64,run3,tsvdmii,dct,None,0.0001,ncep-air,/lus/flare/projects/DFTCalc2/starM-HPC/starMData/ncep/pressure,"(0, 1, 2, 3)","(73, 144, 17, 14612)",8.63133037602529,1.4010816812515259e-05,1.4877307759215899,21.980555698275566,,1.410113035235554,1.7443090779706836,10.670365842059255,25.18694044323638,21.622079729102552,1216.9689838290933,9.99998860266894e-05,12169703.70850514,12169703.647652509
ncep-air_tsvdmii_0.0001_dct_0123_8_run1,False,ncep-air,tsvdmii,0.0001,dct,0123,8,run1,,,,,,,,,,,,,,,,,,,,,,
ncep-air_tsvdmii_0.0001_dct_0123_8_run2,False,ncep-air,tsvdmii,0.0001,dct,0123,8,run2,,,,,,,,,,,,,,,,,,,,,,
ncep-air_tsvdmii_0.0001_dct_0123_8_run3,False,ncep-air,tsvdmii,0.0001,dct,0123,8,run3,,,,,,,,,,,,,,,,,,,,,,
ncep-air_tsvdmii_0.001_dct_0123_16_run1,True,ncep-air,tsvdmii,0.001,dct,0123,16,run1,tsvdmii,dct,None,0.001,ncep-air,/lus/flare/projects/DFTCalc2/starM-HPC/starMData/ncep/pressure,"(0, 1, 2, 3)","(73, 144, 17, 14612)",8.75607577804476,1.7807818949222565e-05,3.4247214206560264,51.60184307023883,,4.507925332989544,1.7486721980385482,25.74208577303216,10.647412971127778,51.72801690874621,12169.69775204409,0.0009999995105510924,12169703.708492275,12169697.623653475
ncep-air_tsvdmii_0.001_dct_0123_16_run2,True,ncep-air,tsvdmii,0.001,dct,0123,16,run2,tsvdmii,dct,None,0.001,ncep-air,/lus/flare/projects/DFTCalc2/starM-HPC/starMData/ncep/pressure,"(0, 1, 2, 3)","(73, 144, 17, 14612)",8.394667052198201,1.7765909433364868e-05,3.4247214206560264,51.60608675936237,,4.511663734912872,1.7469136696308851,25.777250681072474,10.706920980010182,52.32364858640358,12169.69775204409,0.0009999995105510924,12169703.708492275,12169697.623653475
ncep-air_tsvdmii_0.001_dct_0123_16_run3,True,ncep-air,tsvdmii,0.001,dct,0123,16,run3,tsvdmii,dct,None,0.001,ncep-air,/lus/flare/projects/DFTCalc2/starM-HPC/starMData/ncep/pressure,"(0, 1, 2, 3)","(73, 144, 17, 14612)",8.467190029099584,1.892074942588806e-05,3.4247214206560264,51.67173409461975,,4.491849367041141,1.71690863231197,25.795614967122674,10.869630382861942,51.808371122926474,12169.69775204409,0.0009999995105510924,12169703.708492275,12169697.623653475
ncep-air_tsvdmii_0.001_dct_0123_1_run1,False,ncep-air,tsvdmii,0.001,dct,0123,1,run1,,,,,,,,,,,,,,,,,,,,,,
ncep-air_tsvdmii_0.001_dct_0123_1_run2,False,ncep-air,tsvdmii,0.001,dct,0123,1,run2,,,,,,,,,,,,,,,,,,,,,,
ncep-air_tsvdmii_0.001_dct_0123_1_run3,False,ncep-air,tsvdmii,0.001,dct,0123,1,run3,,,,,,,,,,,,,,,,,,,,,,
ncep-air_tsvdmii_0.001_dct_0123_2_run1,False,ncep-air,tsvdmii,0.001,dct,0123,2,run1,,,,,,,,,,,,,,,,,,,,,,
ncep-air_tsvdmii_0.001_dct_0123_2_run2,False,ncep-air,tsvdmii,0.001,dct,0123,2,run2,,,,,,,,,,,,,,,,,,,,,,
ncep-air_tsvdmii_0.001_dct_0123_2_run3,False,ncep-air,tsvdmii,0.001,dct,0123,2,run3,,,,,,,,,,,,,,,,,,,,,,
ncep-air_tsvdmii_0.001_dct_0123_32_run1,True,ncep-air,tsvdmii,0.001,dct,0123,32,run1,tsvdmii,dct,None,0.001,ncep-air,/lus/flare/projects/DFTCalc2/starM-HPC/starMData/ncep/pressure,"(0, 1, 2, 3)","(73, 144, 17, 14612)",8.417980848811567,1.8516089767217636e-05,3.4247214206560264,28.40768844075501,,2.3343340498395264,1.7438034866936505,13.112292190082371,15.958552287891507,27.807222003117204,12169.69775204409,0.0009999995105472019,12169703.708539624,12169697.623653471
ncep-air_tsvdmii_0.001_dct_0123_32_run2,True,ncep-air,tsvdmii,0.001,dct,0123,32,run2,tsvdmii,dct,None,0.001,ncep-air,/lus/flare/projects/DFTCalc2/starM-HPC/starMData/ncep/pressure,"(0, 1, 2, 3)","(73, 144, 17, 14612)",8.364319508895278,2.0025763660669327e-05,3.4247214206560264,28.38924642559141,,2.305584396701306,1.7351560881361365,13.20299861812964,16.42001386778429,27.985534756910056,12169.69775204409,0.0009999995105472019,12169703.708539624,12169697.623653471
ncep-air_tsvdmii_0.001_dct_0123_32_run3,True,ncep-air,tsvdmii,0.001,dct,0123,32,run3,tsvdmii,dct,None,0.001,ncep-air,/lus/flare/projects/DFTCalc2/starM-HPC/starMData/ncep/pressure,"(0, 1, 2, 3)","(73, 144, 17, 14612)",8.465059114154428,1.7642974853515625e-05,3.4247214206560264,28.208009441383183,,2.3357669999822974,1.745215232949704,13.11532815406099,16.57390615111217,27.85641397535801,12169.69775204409,0.0009999995105472019,12169703.708539624,12169697.623653471
ncep-air_tsvdmii_0.001_dct_0123_4_run1,False,ncep-air,tsvdmii,0.001,dct,0123,4,run1,,,,,,,,,,,,,,,,,,,,,,
ncep-air_tsvdmii_0.001_dct_0123_4_run2,False,ncep-air,tsvdmii,0.001,dct,0123,4,run2,,,,,,,,,,,,,,,,,,,,,,
ncep-air_tsvdmii_0.001_dct_0123_4_run3,False,ncep-air,tsvdmii,0.001,dct,0123,4,run3,,,,,,,,,,,,,,,,,,,,,,
ncep-air_tsvdmii_0.001_dct_0123_64_run1,True,ncep-air,tsvdmii,0.001,dct,0123,64,run1,tsvdmii,dct,None,0.001,ncep-air,/lus/flare/projects/DFTCalc2/starM-HPC/starMData/ncep/pressure,"(0, 1, 2, 3)","(73, 144, 17, 14612)",8.346839633304626,1.3255979865789413e-05,3.4247214206560264,21.878716055769473,,1.4643673039972782,1.7430209014564753,7.220505158416927,28.350217247847468,21.80820043105632,12169.69775204409,0.0009999995105500353,12169703.70850514,12169697.623653468
ncep-air_tsvdmii_0.001_dct_0123_64_run2,True,ncep-air,tsvdmii,0.001,dct,0123,64,run2,tsvdmii,dct,None,0.001,ncep-air,/lus/flare/projects/DFTCalc2/starM-HPC/starMData/ncep/pressure,"(0, 1, 2, 3)","(73, 144, 17, 14612)",8.651803266257048,1.2755859643220901e-05,3.4247214206560264,22.059246686287224,,1.3583154608495533,1.7523547350428998,7.133318966720253,29.094058582559228,22.188879936002195,12169.69775204409,0.0009999995105500353,12169703.70850514,12169697.623653468
ncep-air_tsvdmii_0.001_dct_0123_64_run3,True,ncep-air,tsvdmii,0.001,dct,0123,64,run3,tsvdmii,dct,None,0.001,ncep-air,/lus/flare/projects/DFTCalc2/starM-HPC/starMData/ncep/pressure,"(0, 1, 2, 3)","(73, 144, 17, 14612)",8.354458106216043,1.3136770576238632e-05,3.4247214206560264,22.15568499173969,,1.396792087238282,1.7415789552032948,7.252750225830823,26.794461763929576,22.14742021728307,12169.69775204409,0.0009999995105500353,12169703.70850514,12169697.623653468
ncep-air_tsvdmii_0.001_dct_0123_8_run1,False,ncep-air,tsvdmii,0.001,dct,0123,8,run1,,,,,,,,,,,,,,,,,,,,,,
ncep-air_tsvdmii_0.001_dct_0123_8_run2,False,ncep-air,tsvdmii,0.001,dct,0123,8,run2,,,,,,,,,,,,,,,,,,,,,,
ncep-air_tsvdmii_0.001_dct_0123_8_run3,False,ncep-air,tsvdmii,0.001,dct,0123,8,run3,,,,,,,,,,,,,,,,,,,,,,
ncep-air_tsvdmii_0.01_dct_0123_16_run1,True,ncep-air,tsvdmii,0.01,dct,0123,16,run1,tsvdmii,dct,None,0.01,ncep-air,/lus/flare/projects/DFTCalc2/starM-HPC/starMData/ncep/pressure,"(0, 1, 2, 3)","(73, 144, 17, 14612)",8.48421938996762,1.8386635929346085e-05,1023.4181868348937,51.94907359825447,,4.503367777913809,1.7138620861805975,2.2413425859995186,1.888273085001856,52.0622537182644,121695.07105660322,0.009999838448957623,12169703.708492275,12169095.227763684
ncep-air_tsvdmii_0.01_dct_0123_16_run2,True,ncep-air,tsvdmii,0.01,dct,0123,16,run2,tsvdmii,dct,None,0.01,ncep-air,/lus/flare/projects/DFTCalc2/starM-HPC/starMData/ncep/pressure,"(0, 1, 2, 3)","(73, 144, 17, 14612)",8.75694830995053,1.7466023564338684e-05,1023.4181868348937,52.60562062030658,,4.502864548936486,1.7175177978351712,2.227869790047407,1.820028527174145,51.77588889468461,121695.07105660322,0.009999838448957623,12169703.708492275,12169095.227763684
ncep-air_tsvdmii_0.01_dct_0123_16_run3,True,ncep-air,tsvdmii,0.01,dct,0123,16,run3,tsvdmii,dct,None,0.01,ncep-air,/lus/flare/projects/DFTCalc2/starM-HPC/starMData/ncep/pressure,"(0, 1, 2, 3)","(73, 144, 17, 14612)",8.465317432768643,1.6837380826473236e-05,1023.4181868348937,51.65847457014024,,4.494283739011735,1.7332466030493379,2.2499233591370285,3.1043984456919134,52.203799644485116,121695.07105660322,0.009999838448957623,12169703.708492275,12169095.227763684
ncep-air_tsvdmii_0.01_dct_0123_1_run1,False,ncep-air,tsvdmii,0.01,dct,0123,1,run1,,,,,,,,,,,,,,,,,,,,,,
ncep-air_tsvdmii_0.01_dct_0123_1_run2,False,ncep-air,tsvdmii,0.01,dct,0123,1,run2,,,,,,,,,,,,,,,,,,,,,,
ncep-air_tsvdmii_0.01_dct_0123_1_run3,False,ncep-air,tsvdmii,0.01,dct,0123,1,run3,,,,,,,,,,,,,,,,,,,,,,
ncep-air_tsvdmii_0.01_dct_0123_2_run1,False,ncep-air,tsvdmii,0.01,dct,0123,2,run1,,,,,,,,,,,,,,,,,,,,,,
ncep-air_tsvdmii_0.01_dct_0123_2_run2,False,ncep-air,tsvdmii,0.01,dct,0123,2,run2,,,,,,,,,,,,,,,,,,,,,,
ncep-air_tsvdmii_0.01_dct_0123_2_run3,False,ncep-air,tsvdmii,0.01,dct,0123,2,run3,,,,,,,,,,,,,,,,,,,,,,
ncep-air_tsvdmii_0.01_dct_0123_32_run1,True,ncep-air,tsvdmii,0.01,dct,0123,32,run1,tsvdmii,dct,None,0.01,ncep-air,/lus/flare/projects/DFTCalc2/starM-HPC/starMData/ncep/pressure,"(0, 1, 2, 3)","(73, 144, 17, 14612)",8.472178659867495,1.6981735825538635e-05,1023.4181868348937,28.3804262871854,,2.3126985020935535,1.713049357291311,1.5160561250522733,5.0535807479172945,26.96755492594093,121695.07105660334,0.009999838448918726,12169703.708539624,12169095.227763675
ncep-air_tsvdmii_0.01_dct_0123_32_run2,True,ncep-air,tsvdmii,0.01,dct,0123,32,run2,tsvdmii,dct,None,0.01,ncep-air,/lus/flare/projects/DFTCalc2/starM-HPC/starMData/ncep/pressure,"(0, 1, 2, 3)","(73, 144, 17, 14612)",8.469180081039667,1.730397343635559e-05,1023.4181868348937,28.25197558896616,,2.3014210830442607,1.7375709488987923,1.510558269917965,5.335482242982835,27.22995750280097,121695.07105660334,0.009999838448918726,12169703.708539624,12169095.227763675
ncep-air_tsvdmii_0.01_dct_0123_32_run3,True,ncep-air,tsvdmii,0.01,dct,0123,32,run3,tsvdmii,dct,None,0.01,ncep-air,/lus/flare/projects/DFTCalc2/starM-HPC/starMData/ncep/pressure,"(0, 1, 2, 3)","(73, 144, 17, 14612)",8.474050670862198,1.5463680028915405e-05,1023.4181868348937,28.40739120123908,,2.273444009013474,1.741009737830609,1.5065243747085333,5.373999418690801,27.07276388304308,121695.07105660334,0.009999838448918726,12169703.708539624,12169095.227763675
ncep-air_tsvdmii_0.01_dct_0123_4_run1,False,ncep-air,tsvdmii,0.01,dct,0123,4,run1,,,,,,,,,,,,,,,,,,,,,,
ncep-air_tsvdmii_0.01_dct_0123_4_run2,False,ncep-air,tsvdmii,0.01,dct,0123,4,run2,,,,,,,,,,,,,,,,,,,,,,
ncep-air_tsvdmii_0.01_dct_0123_4_run3,False,ncep-air,tsvdmii,0.01,dct,0123,4,run3,,,,,,,,,,,,,,,,,,,,,,
ncep-air_tsvdmii_0.01_dct_0123_64_run1,True,ncep-air,tsvdmii,0.01,dct,0123,64,run1,tsvdmii,dct,None,0.01,ncep-air,/lus/flare/projects/DFTCalc2/starM-HPC/starMData/ncep/pressure,"(0, 1, 2, 3)","(73, 144, 17, 14612)",8.418699615169317,1.7030630260705948e-05,1023.4181868348937,21.725037193857133,,1.4152261866256595,1.7389940242283046,0.9160465751774609,11.387101206928492,19.92706570867449,121695.07105660337,0.009999838448947062,12169703.70850514,12169095.227763677
ncep-air_tsvdmii_0.01_dct_0123_64_run2,True,ncep-air,tsvdmii,0.01,dct,0123,64,run2,tsvdmii,dct,None,0.01,ncep-air,/lus/flare/projects/DFTCalc2/starM-HPC/starMData/ncep/pressure,"(0, 1, 2, 3)","(73, 144, 17, 14612)",8.413823828101158,1.7305370420217514e-05,1023.4181868348937,21.83825063984841,,1.3934336439706385,1.7447879598475993,0.9132889150641859,11.466700634919107,19.953418927732855,121695.07105660337,0.009999838448947062,12169703.70850514,12169095.227763677
ncep-air_tsvdmii_0.01_dct_0123_64_run3,True,ncep-air,tsvdmii,0.01,dct,0123,64,run3,tsvdmii,dct,None,0.01,ncep-air,/lus/flare/projects/DFTCalc2/starM-HPC/starMData/ncep/pressure,"(0, 1, 2, 3)","(73, 144, 17, 14612)",8.49486498720944,1.612212508916855e-05,1023.4181868348937,22.220717235002667,,1.387128003872931,1.7515367749147117,0.9115561600774527,9.547193424776196,19.790568709839135,121695.07105660337,0.009999838448947062,12169703.70850514,12169095.227763677
ncep-air_tsvdmii_0.01_dct_0123_8_run1,False,ncep-air,tsvdmii,0.01,dct,0123,8,run1,,,,,,,,,,,,,,,,,,,,,,
ncep-air_tsvdmii_0.01_dct_0123_8_run2,False,ncep-air,tsvdmii,0.01,dct,0123,8,run2,,,,,,,,,,,,,,,,,,,,,,
ncep-air_tsvdmii_0.01_dct_0123_8_run3,False,ncep-air,tsvdmii,0.01,dct,0123,8,run3,,,,,,,,,,,,,,,,,,,,,,
ncep-air_tsvdmii_0.025_dct_0123_16_run1,True,ncep-air,tsvdmii,0.025,dct,0123,16,run1,tsvdmii,dct,None,0.025,ncep-air,/lus/flare/projects/DFTCalc2/starM-HPC/starMData/ncep/pressure,"(0, 1, 2, 3)","(73, 144, 17, 14612)",8.402307786047459,1.7687678337097168e-05,1497260.8073394496,51.800127460155636,,4.510208689142019,1.7380361543036997,0.011923879850655794,2.5117037538439035,51.366233826149255,285406.06606753415,0.023452178697528338,12169703.708492275,12166356.551168147
ncep-air_tsvdmii_0.025_dct_0123_16_run2,True,ncep-air,tsvdmii,0.025,dct,0123,16,run2,tsvdmii,dct,None,0.025,ncep-air,/lus/flare/projects/DFTCalc2/starM-HPC/starMData/ncep/pressure,"(0, 1, 2, 3)","(73, 144, 17, 14612)",8.488088076002896,1.5506986528635025e-05,1497260.8073394496,51.68659401405603,,4.498031221795827,1.7343302741646767,0.010260486975312233,2.4917669352144003,51.65186001826078,285406.06606753415,0.023452178697528338,12169703.708492275,12166356.551168147
ncep-air_tsvdmii_0.025_dct_0123_16_run3,True,ncep-air,tsvdmii,0.025,dct,0123,16,run3,tsvdmii,dct,None,0.025,ncep-air,/lus/flare/projects/DFTCalc2/starM-HPC/starMData/ncep/pressure,"(0, 1, 2, 3)","(73, 144, 17, 14612)",8.468250245787203,1.5445053577423096e-05,1497260.8073394496,51.51247958559543,,4.4913946548476815,1.7412076089531183,0.01242106081917882,2.5846414379775524,52.18273742077872,285406.06606753415,0.023452178697528338,12169703.708492275,12166356.551168147
ncep-air_tsvdmii_0.025_dct_0123_1_run1,False,ncep-air,tsvdmii,0.025,dct,0123,1,run1,,,,,,,,,,,,,,,,,,,,,,
ncep-air_tsvdmii_0.025_dct_0123_1_run2,False,ncep-air,tsvdmii,0.025,dct,0123,1,run2,,,,,,,,,,,,,,,,,,,,,,
ncep-air_tsvdmii_0.025_dct_0123_1_run3,False,ncep-air,tsvdmii,0.025,dct,0123,1,run3,,,,,,,,,,,,,,,,,,,,,,
ncep-air_tsvdmii_0.025_dct_0123_2_run1,False,ncep-air,tsvdmii,0.025,dct,0123,2,run1,,,,,,,,,,,,,,,,,,,,,,
ncep-air_tsvdmii_0.025_dct_0123_2_run2,False,ncep-air,tsvdmii,0.025,dct,0123,2,run2,,,,,,,,,,,,,,,,,,,,,,
ncep-air_tsvdmii_0.025_dct_0123_2_run3,False,ncep-air,tsvdmii,0.025,dct,0123,2,run3,,,,,,,,,,,,,,,,,,,,,,
ncep-air_tsvdmii_0.025_dct_0123_32_run1,True,ncep-air,tsvdmii,0.025,dct,0123,32,run1,tsvdmii,dct,None,0.025,ncep-air,/lus/flare/projects/DFTCalc2/starM-HPC/starMData/ncep/pressure,"(0, 1, 2, 3)","(73, 144, 17, 14612)",8.753242877777666,1.768302172422409e-05,1497260.8073394496,28.157074492890388,,2.3182337540201843,1.7448779330588877,0.01250946382060647,4.951950924936682,27.488001449033618,285406.0660675338,0.023452178697437064,12169703.708539624,12166356.551168146
ncep-air_tsvdmii_0.025_dct_0123_32_run2,True,ncep-air,tsvdmii,0.025,dct,0123,32,run2,tsvdmii,dct,None,0.025,ncep-air,/lus/flare/projects/DFTCalc2/starM-HPC/starMData/ncep/pressure,"(0, 1, 2, 3)","(73, 144, 17, 14612)",8.760908958967775,1.7877668142318726e-05,1497260.8073394496,28.405546055175364,,2.3359964629635215,1.74059192603454,0.012385658919811249,4.049765255767852,27.644658520352095,285406.0660675338,0.023452178697437064,12169703.708539624,12166356.551168146
ncep-air_tsvdmii_0.025_dct_0123_32_run3,True,ncep-air,tsvdmii,0.025,dct,0123,32,run3,tsvdmii,dct,None,0.025,ncep-air,/lus/flare/projects/DFTCalc2/starM-HPC/starMData/ncep/pressure,"(0, 1, 2, 3)","(73, 144, 17, 14612)",8.751066958066076,1.6793143004179e-05,1497260.8073394496,28.378184247761965,,2.3326507988385856,1.7264096601866186,0.012463882099837065,2.827784188091755,27.673234046902508,285406.0660675338,0.023452178697437064,12169703.708539624,12166356.551168146
ncep-air_tsvdmii_0.025_dct_0123_4_run1,False,ncep-air,tsvdmii,0.025,dct,0123,4,run1,,,,,,,,,,,,,,,,,,,,,,
ncep-air_tsvdmii_0.025_dct_0123_4_run2,False,ncep-air,tsvdmii,0.025,dct,0123,4,run2,,,,,,,,,,,,,,,,,,,,,,
ncep-air_tsvdmii_0.025_dct_0123_4_run3,False,ncep-air,tsvdmii,0.025,dct,0123,4,run3,,,,,,,,,,,,,,,,,,,,,,
ncep-air_tsvdmii_0.025_dct_0123_64_run1,True,ncep-air,tsvdmii,0.025,dct,0123,64,run1,tsvdmii,dct,None,0.025,ncep-air,/lus/flare/projects/DFTCalc2/starM-HPC/starMData/ncep/pressure,"(0, 1, 2, 3)","(73, 144, 17, 14612)",8.423158925026655,1.856498420238495e-05,1497260.8073394496,21.74961242824793,,1.4390937760472298,1.752840168774128,0.012833593878895044,9.286509811878204,20.379473104141653,285406.066067534,0.02345217869750353,12169703.70850514,12166356.551168144
ncep-air_tsvdmii_0.025_dct_0123_64_run2,True,ncep-air,tsvdmii,0.025,dct,0123,64,run2,tsvdmii,dct,None,0.025,ncep-air,/lus/flare/projects/DFTCalc2/starM-HPC/starMData/ncep/pressure,"(0, 1, 2, 3)","(73, 144, 17, 14612)",8.429327350109816,1.6638077795505524e-05,1497260.8073394496,22.37793534481898,,1.4329394921660423,1.7462190808728337,0.012495110742747784,10.100896432995796,20.863995920866728,285406.066067534,0.02345217869750353,12169703.70850514,12166356.551168144
ncep-air_tsvdmii_0.025_dct_0123_64_run3,True,ncep-air,tsvdmii,0.025,dct,0123,64,run3,tsvdmii,dct,None,0.025,ncep-air,/lus/flare/projects/DFTCalc2/starM-HPC/starMData/ncep/pressure,"(0, 1, 2, 3)","(73, 144, 17, 14612)",8.4702113349922,1.5892088413238525e-05,1497260.8073394496,21.95881809759885,,1.408793155103922,1.7458673124201596,0.013624727260321379,10.62431333353743,20.085456824861467,285406.066067534,0.02345217869750353,12169703.70850514,12166356.551168144
ncep-air_tsvdmii_0.025_dct_0123_8_run1,False,ncep-air,tsvdmii,0.025,dct,0123,8,run1,,,,,,,,,,,,,,,,,,,,,,
ncep-air_tsvdmii_0.025_dct_0123_8_run2,False,ncep-air,tsvdmii,0.025,dct,0123,8,run2,,,,,,,,,,,,,,,,,,,,,,
ncep-air_tsvdmii_0.025_dct_0123_8_run3,False,ncep-air,tsvdmii,0.025,dct,0123,8,run3,,,,,,,,,,,,,,,,,,,,,,
ncep-air_tsvdmii_0.050_dct_0123_16_run1,False,ncep-air,tsvdmii,0.050,dct,0123,16,run1,tsvdmii,dct,None,0.05,ncep-air,/lus/flare/projects/DFTCalc2/starM-HPC/starMData/ncep/pressure,"(0, 1, 2, 3)",,,,,,,,,,,,,,,
ncep-air_tsvdmii_0.050_dct_0123_16_run2,False,ncep-air,tsvdmii,0.050,dct,0123,16,run2,,,,,,,,,,,,,,,,,,,,,,
ncep-air_tsvdmii_0.050_dct_0123_16_run3,False,ncep-air,tsvdmii,0.050,dct,0123,16,run3,,,,,,,,,,,,,,,,,,,,,,
ncep-air_tsvdmii_0.050_dct_0123_1_run1,False,ncep-air,tsvdmii,0.050,dct,0123,1,run1,,,,,,,,,,,,,,,,,,,,,,
ncep-air_tsvdmii_0.050_dct_0123_1_run2,False,ncep-air,tsvdmii,0.050,dct,0123,1,run2,,,,,,,,,,,,,,,,,,,,,,
ncep-air_tsvdmii_0.050_dct_0123_1_run3,False,ncep-air,tsvdmii,0.050,dct,0123,1,run3,,,,,,,,,,,,,,,,,,,,,,
ncep-air_tsvdmii_0.050_dct_0123_2_run1,False,ncep-air,tsvdmii,0.050,dct,0123,2,run1,,,,,,,,,,,,,,,,,,,,,,
ncep-air_tsvdmii_0.050_dct_0123_2_run2,False,ncep-air,tsvdmii,0.050,dct,0123,2,run2,,,,,,,,,,,,,,,,,,,,,,
ncep-air_tsvdmii_0.050_dct_0123_2_run3,False,ncep-air,tsvdmii,0.050,dct,0123,2,run3,,,,,,,,,,,,,,,,,,,,,,
ncep-air_tsvdmii_0.050_dct_0123_32_run1,True,ncep-air,tsvdmii,0.050,dct,0123,32,run1,tsvdmii,dct,None,0.05,ncep-air,/lus/flare/projects/DFTCalc2/starM-HPC/starMData/ncep/pressure,"(0, 1, 2, 3)","(73, 144, 17, 14612)",8.781534370034933,1.6806181520223618e-05,2994521.6146788993,28.492320214398205,,2.289442701730877,1.742000502999872,0.010425457265228033,4.8498573820106685,28.611598944291472,394247.72063721594,0.03239583559956088,12169703.708539624,12163316.039940454
ncep-air_tsvdmii_0.050_dct_0123_32_run2,True,ncep-air,tsvdmii,0.050,dct,0123,32,run2,tsvdmii,dct,None,0.05,ncep-air,/lus/flare/projects/DFTCalc2/starM-HPC/starMData/ncep/pressure,"(0, 1, 2, 3)","(73, 144, 17, 14612)",8.413002789020538,1.7247162759304047e-05,2994521.6146788993,28.21381167555228,,2.358934022951871,1.743232501205057,0.011876584962010384,4.909999928902835,27.720147031359375,394247.72063721594,0.03239583559956088,12169703.708539624,12163316.039940454
ncep-air_tsvdmii_0.050_dct_0123_32_run3,True,ncep-air,tsvdmii,0.050,dct,0123,32,run3,tsvdmii,dct,None,0.05,ncep-air,/lus/flare/projects/DFTCalc2/starM-HPC/starMData/ncep/pressure,"(0, 1, 2, 3)","(73, 144, 17, 14612)",8.409350974019617,1.6511883586645126e-05,2994521.6146788993,28.644012196920812,,2.268366852309555,1.741701303049922,0.010955109260976315,5.004984995815903,27.23004562733695,394247.72063721594,0.03239583559956088,12169703.708539624,12163316.039940454
ncep-air_tsvdmii_0.050_dct_0123_4_run1,False,ncep-air,tsvdmii,0.050,dct,0123,4,run1,,,,,,,,,,,,,,,,,,,,,,
ncep-air_tsvdmii_0.050_dct_0123_4_run2,False,ncep-air,tsvdmii,0.050,dct,0123,4,run2,,,,,,,,,,,,,,,,,,,,,,
ncep-air_tsvdmii_0.050_dct_0123_4_run3,False,ncep-air,tsvdmii,0.050,dct,0123,4,run3,,,,,,,,,,,,,,,,,,,,,,
ncep-air_tsvdmii_0.050_dct_0123_64_run1,True,ncep-air,tsvdmii,0.050,dct,0123,64,run1,tsvdmii,dct,None,0.05,ncep-air,/lus/flare/projects/DFTCalc2/starM-HPC/starMData/ncep/pressure,"(0, 1, 2, 3)","(73, 144, 17, 14612)",8.790050361771137,1.5559140592813492e-05,2994521.6146788993,22.079213427379727,,1.4364178339019418,1.7425620146095753,0.01078398386016488,10.679691215977073,20.58433665893972,394247.7206372161,0.032395835599652686,12169703.70850514,12163316.03994045
ncep-air_tsvdmii_0.050_dct_0123_64_run2,True,ncep-air,tsvdmii,0.050,dct,0123,64,run2,tsvdmii,dct,None,0.05,ncep-air,/lus/flare/projects/DFTCalc2/starM-HPC/starMData/ncep/pressure,"(0, 1, 2, 3)","(73, 144, 17, 14612)",8.759492274839431,1.7282087355852127e-05,2994521.6146788993,22.06408328190446,,1.4552992591634393,1.7576872310601175,0.010408221744000912,11.02751929871738,20.048414023593068,394247.7206372161,0.032395835599652686,12169703.70850514,12163316.03994045
ncep-air_tsvdmii_0.050_dct_0123_64_run3,True,ncep-air,tsvdmii,0.050,dct,0123,64,run3,tsvdmii,dct,None,0.05,ncep-air,/lus/flare/projects/DFTCalc2/starM-HPC/starMData/ncep/pressure,"(0, 1, 2, 3)","(73, 144, 17, 14612)",8.7723882868886,1.7008278518915176e-05,2994521.6146788993,22.188442944083363,,1.3473056890070438,1.7421785299666226,0.011312045156955719,9.511728973127902,20.824430097360164,394247.7206372161,0.032395835599652686,12169703.70850514,12163316.03994045
ncep-air_tsvdmii_0.050_dct_0123_8_run1,False,ncep-air,tsvdmii,0.050,dct,0123,8,run1,,,,,,,,,,,,,,,,,,,,,,
ncep-air_tsvdmii_0.050_dct_0123_8_run2,False,ncep-air,tsvdmii,0.050,dct,0123,8,run2,,,,,,,,,,,,,,,,,,,,,,
ncep-air_tsvdmii_0.050_dct_0123_8_run3,False,ncep-air,tsvdmii,0.050,dct,0123,8,run3,,,,,,,,,,,,,,,,,,,,,,
ncep-air_tsvdmii_0.1_dct_0123_16_run1,False,ncep-air,tsvdmii,0.1,dct,0123,16,run1,,,,,,,,,,,,,,,,,,,,,,
ncep-air_tsvdmii_0.1_dct_0123_16_run2,False,ncep-air,tsvdmii,0.1,dct,0123,16,run2,,,,,,,,,,,,,,,,,,,,,,
ncep-air_tsvdmii_0.1_dct_0123_16_run3,False,ncep-air,tsvdmii,0.1,dct,0123,16,run3,,,,,,,,,,,,,,,,,,,,,,
ncep-air_tsvdmii_0.1_dct_0123_1_run1,False,ncep-air,tsvdmii,0.1,dct,0123,1,run1,,,,,,,,,,,,,,,,,,,,,,
ncep-air_tsvdmii_0.1_dct_0123_1_run2,False,ncep-air,tsvdmii,0.1,dct,0123,1,run2,,,,,,,,,,,,,,,,,,,,,,
ncep-air_tsvdmii_0.1_dct_0123_1_run3,False,ncep-air,tsvdmii,0.1,dct,0123,1,run3,,,,,,,,,,,,,,,,,,,,,,
ncep-air_tsvdmii_0.1_dct_0123_2_run1,False,ncep-air,tsvdmii,0.1,dct,0123,2,run1,,,,,,,,,,,,,,,,,,,,,,
ncep-air_tsvdmii_0.1_dct_0123_2_run2,False,ncep-air,tsvdmii,0.1,dct,0123,2,run2,,,,,,,,,,,,,,,,,,,,,,
ncep-air_tsvdmii_0.1_dct_0123_2_run3,False,ncep-air,tsvdmii,0.1,dct,0123,2,run3,,,,,,,,,,,,,,,,,,,,,,
ncep-air_tsvdmii_0.1_dct_0123_32_run1,True,ncep-air,tsvdmii,0.1,dct,0123,32,run1,tsvdmii,dct,None,0.1,ncep-air,/lus/flare/projects/DFTCalc2/starM-HPC/starMData/ncep/pressure,"(0, 1, 2, 3)","(73, 144, 17, 14612)",8.711035778746009,1.6456935554742813e-05,3992695.4862385322,28.192523941863328,,2.2817317424342036,1.7448143707588315,0.010551940184086561,4.928530763834715,27.980937048327178,480341.80445392395,0.03947029574079626,12169703.708539624,12160220.396999354
ncep-air_tsvdmii_0.1_dct_0123_32_run2,True,ncep-air,tsvdmii,0.1,dct,0123,32,run2,tsvdmii,dct,None,0.1,ncep-air,/lus/flare/projects/DFTCalc2/starM-HPC/starMData/ncep/pressure,"(0, 1, 2, 3)","(73, 144, 17, 14612)",8.455441839993,1.670466735959053e-05,3992695.4862385322,28.35946996929124,,2.2822972210124135,1.7433765651658177,0.010623466689139605,5.021561902947724,28.267124618869275,480341.80445392395,0.03947029574079626,12169703.708539624,12160220.396999354
ncep-air_tsvdmii_0.1_dct_0123_32_run3,True,ncep-air,tsvdmii,0.1,dct,0123,32,run3,tsvdmii,dct,None,0.1,ncep-air,/lus/flare/projects/DFTCalc2/starM-HPC/starMData/ncep/pressure,"(0, 1, 2, 3)","(73, 144, 17, 14612)",8.768821829929948,1.657474786043167e-05,3992695.4862385322,28.61044416576624,,2.330884345807135,1.7157181659713387,0.010354937054216862,3.7569759348407388,34.65012827003375,480341.80445392395,0.03947029574079626,12169703.708539624,12160220.396999354
ncep-air_tsvdmii_0.1_dct_0123_4_run1,False,ncep-air,tsvdmii,0.1,dct,0123,4,run1,,,,,,,,,,,,,,,,,,,,,,
ncep-air_tsvdmii_0.1_dct_0123_4_run2,False,ncep-air,tsvdmii,0.1,dct,0123,4,run2,,,,,,,,,,,,,,,,,,,,,,
ncep-air_tsvdmii_0.1_dct_0123_4_run3,False,ncep-air,tsvdmii,0.1,dct,0123,4,run3,,,,,,,,,,,,,,,,,,,,,,
ncep-air_tsvdmii_0.1_dct_0123_64_run1,True,ncep-air,tsvdmii,0.1,dct,0123,64,run1,tsvdmii,dct,None,0.1,ncep-air,/lus/flare/projects/DFTCalc2/starM-HPC/starMData/ncep/pressure,"(0, 1, 2, 3)","(73, 144, 17, 14612)",8.725676899775863,1.773703843355179e-05,3992695.4862385322,21.626417732797563,,1.4728091419674456,1.7438651723787189,0.010587128810584545,10.854304981417954,19.879111003130674,480341.8044539239,0.039470295740908094,12169703.70850514,12160220.396999259
ncep-air_tsvdmii_0.1_dct_0123_64_run2,True,ncep-air,tsvdmii,0.1,dct,0123,64,run2,tsvdmii,dct,None,0.1,ncep-air,/lus/flare/projects/DFTCalc2/starM-HPC/starMData/ncep/pressure,"(0, 1, 2, 3)","(73, 144, 17, 14612)",8.478279604110867,1.9073951989412308e-05,3992695.4862385322,22.233296712860465,,1.450930394232273,1.744022861123085,0.010037187952548265,10.691982583142817,20.410838417708874,480341.8044539239,0.039470295740908094,12169703.70850514,12160220.396999259
ncep-air_tsvdmii_0.1_dct_0123_64_run3,True,ncep-air,tsvdmii,0.1,dct,0123,64,run3,tsvdmii,dct,None,0.1,ncep-air,/lus/flare/projects/DFTCalc2/starM-HPC/starMData/ncep/pressure,"(0, 1, 2, 3)","(73, 144, 17, 14612)",8.43358079623431,1.4064367860555649e-05,3992695.4862385322,22.049923882819712,,1.4043115288950503,1.7401253380812705,0.008729282766580582,10.850087874103338,20.737653555814177,480341.8044539239,0.039470295740908094,12169703.70850514,12160220.396999259
ncep-air_tsvdmii_0.1_dct_0123_8_run1,False,ncep-air,tsvdmii,0.1,dct,0123,8,run1,,,,,,,,,,,,,,,,,,,,,,
ncep-air_tsvdmii_0.1_dct_0123_8_run2,False,ncep-air,tsvdmii,0.1,dct,0123,8,run2,,,,,,,,,,,,,,,,,,,,,,
ncep-air_tsvdmii_0.1_dct_0123_8_run3,False,ncep-air,tsvdmii,0.1,dct,0123,8,run3,,,,,,,,,,,,,,,,,,,,,,
ncep-air_tsvdmii_0.25_dct_0123_16_run1,False,ncep-air,tsvdmii,0.25,dct,0123,16,run1,,,,,,,,,,,,,,,,,,,,,,
ncep-air_tsvdmii_0.25_dct_0123_16_run2,False,ncep-air,tsvdmii,0.25,dct,0123,16,run2,,,,,,,,,,,,,,,,,,,,,,
ncep-air_tsvdmii_0.25_dct_0123_16_run3,False,ncep-air,tsvdmii,0.25,dct,0123,16,run3,,,,,,,,,,,,,,,,,,,,,,
ncep-air_tsvdmii_0.25_dct_0123_1_run1,False,ncep-air,tsvdmii,0.25,dct,0123,1,run1,,,,,,,,,,,,,,,,,,,,,,
ncep-air_tsvdmii_0.25_dct_0123_1_run2,False,ncep-air,tsvdmii,0.25,dct,0123,1,run2,,,,,,,,,,,,,,,,,,,,,,
ncep-air_tsvdmii_0.25_dct_0123_1_run3,False,ncep-air,tsvdmii,0.25,dct,0123,1,run3,,,,,,,,,,,,,,,,,,,,,,
ncep-air_tsvdmii_0.25_dct_0123_2_run1,False,ncep-air,tsvdmii,0.25,dct,0123,2,run1,,,,,,,,,,,,,,,,,,,,,,
ncep-air_tsvdmii_0.25_dct_0123_2_run2,False,ncep-air,tsvdmii,0.25,dct,0123,2,run2,,,,,,,,,,,,,,,,,,,,,,
ncep-air_tsvdmii_0.25_dct_0123_2_run3,False,ncep-air,tsvdmii,0.25,dct,0123,2,run3,,,,,,,,,,,,,,,,,,,,,,
ncep-air_tsvdmii_0.25_dct_0123_32_run1,True,ncep-air,tsvdmii,0.25,dct,0123,32,run1,tsvdmii,dct,None,0.25,ncep-air,/lus/flare/projects/DFTCalc2/starM-HPC/starMData/ncep/pressure,"(0, 1, 2, 3)","(73, 144, 17, 14612)",8.764912464655936,1.8262770026922226e-05,5989043.229357799,28.245108969975263,,2.3180945203639567,1.7387332352809608,0.009773366153240204,4.948447773233056,27.660832995548844,701794.7617866741,0.05766736632168099,12169703.708539624,12149451.52939143
ncep-air_tsvdmii_0.25_dct_0123_32_run2,True,ncep-air,tsvdmii,0.25,dct,0123,32,run2,tsvdmii,dct,None,0.25,ncep-air,/lus/flare/projects/DFTCalc2/starM-HPC/starMData/ncep/pressure,"(0, 1, 2, 3)","(73, 144, 17, 14612)",8.762515490408987,1.567881554365158e-05,5989043.229357799,28.333232548553497,,2.2882883618585765,1.7393817738629878,0.009995272383093834,4.874987656250596,27.846632060594857,701794.7617866741,0.05766736632168099,12169703.708539624,12149451.52939143
ncep-air_tsvdmii_0.25_dct_0123_32_run3,True,ncep-air,tsvdmii,0.25,dct,0123,32,run3,tsvdmii,dct,None,0.25,ncep-air,/lus/flare/projects/DFTCalc2/starM-HPC/starMData/ncep/pressure,"(0, 1, 2, 3)","(73, 144, 17, 14612)",8.4751595701091,1.7773360013961792e-05,5989043.229357799,28.50485245184973,,2.3096803394146264,1.7421693331561983,0.010050121694803238,5.121946761850268,27.2405221555382,701794.7617866741,0.05766736632168099,12169703.708539624,12149451.52939143
ncep-air_tsvdmii_0.25_dct_0123_4_run1,False,ncep-air,tsvdmii,0.25,dct,0123,4,run1,,,,,,,,,,,,,,,,,,,,,,
ncep-air_tsvdmii_0.25_dct_0123_4_run2,False,ncep-air,tsvdmii,0.25,dct,0123,4,run2,,,,,,,,,,,,,,,,,,,,,,
ncep-air_tsvdmii_0.25_dct_0123_4_run3,False,ncep-air,tsvdmii,0.25,dct,0123,4,run3,,,,,,,,,,,,,,,,,,,,,,
ncep-air_tsvdmii_0.25_dct_0123_64_run1,True,ncep-air,tsvdmii,0.25,dct,0123,64,run1,tsvdmii,dct,None,0.25,ncep-air,/lus/flare/projects/DFTCalc2/starM-HPC/starMData/ncep/pressure,"(0, 1, 2, 3)","(73, 144, 17, 14612)",8.759982406161726,1.6751233488321304e-05,5989043.229357799,22.246162748895586,,1.4329049359075725,1.7328870883211493,0.010089104063808918,8.95665463944897,21.247877654153854,701794.7617866745,0.057667366321844424,12169703.70850514,12149451.529391384
ncep-air_tsvdmii_0.25_dct_0123_64_run2,True,ncep-air,tsvdmii,0.25,dct,0123,64,run2,tsvdmii,dct,None,0.25,ncep-air,/lus/flare/projects/DFTCalc2/starM-HPC/starMData/ncep/pressure,"(0, 1, 2, 3)","(73, 144, 17, 14612)",8.75170568143949,1.7289072275161743e-05,5989043.229357799,21.93406718596816,,1.4374972311779857,1.7448677937500179,0.009751388803124428,9.59067952586338,20.794063817244023,701794.7617866745,0.057667366321844424,12169703.70850514,12149451.529391384
ncep-air_tsvdmii_0.25_dct_0123_64_run3,True,ncep-air,tsvdmii,0.25,dct,0123,64,run3,tsvdmii,dct,None,0.25,ncep-air,/lus/flare/projects/DFTCalc2/starM-HPC/starMData/ncep/pressure,"(0, 1, 2, 3)","(73, 144, 17, 14612)",8.494891728740185,1.7681624740362167e-05,5989043.229357799,21.87964968988672,,1.4378401110880077,1.7425368311814964,0.010490759275853634,10.701302653178573,19.767145987600088,701794.7617866745,0.057667366321844424,12169703.70850514,12149451.529391384
ncep-air_tsvdmii_0.25_dct_0123_8_run1,False,ncep-air,tsvdmii,0.25,dct,0123,8,run1,,,,,,,,,,,,,,,,,,,,,,
ncep-air_tsvdmii_0.25_dct_0123_8_run2,False,ncep-air,tsvdmii,0.25,dct,0123,8,run2,,,,,,,,,,,,,,,,,,,,,,
ncep-air_tsvdmii_0.25_dct_0123_8_run3,False,ncep-air,tsvdmii,0.25,dct,0123,8,run3,,,,,,,,,,,,,,,,,,,,,,
xray_tsvdmi_100_dct_012_16_run1,False,xray,tsvdmi,100,dct,012,16,run1,,,,,,,,,,,,,,,,,,,,,,
xray_tsvdmi_100_dct_012_16_run2,False,xray,tsvdmi,100,dct,012,16,run2,,,,,,,,,,,,,,,,,,,,,,
xray_tsvdmi_100_dct_012_16_run3,False,xray,tsvdmi,100,dct,012,16,run3,,,,,,,,,,,,,,,,,,,,,,
xray_tsvdmi_100_dct_012_1_run1,False,xray,tsvdmi,100,dct,012,1,run1,,,,,,,,,,,,,,,,,,,,,,
xray_tsvdmi_100_dct_012_1_run2,False,xray,tsvdmi,100,dct,012,1,run2,,,,,,,,,,,,,,,,,,,,,,
xray_tsvdmi_100_dct_012_1_run3,False,xray,tsvdmi,100,dct,012,1,run3,,,,,,,,,,,,,,,,,,,,,,
xray_tsvdmi_100_dct_012_2_run1,False,xray,tsvdmi,100,dct,012,2,run1,,,,,,,,,,,,,,,,,,,,,,
xray_tsvdmi_100_dct_012_2_run2,False,xray,tsvdmi,100,dct,012,2,run2,,,,,,,,,,,,,,,,,,,,,,
xray_tsvdmi_100_dct_012_2_run3,False,xray,tsvdmi,100,dct,012,2,run3,,,,,,,,,,,,,,,,,,,,,,
xray_tsvdmi_100_dct_012_32_run1,True,xray,tsvdmi,100,dct,012,32,run1,tsvdmi,dct,100,None,xray,/lus/flare/projects/DFTCalc2/starM-HPC/starMData/xray/z3d_movo.npy,"(0, 1, 2)","(300, 400, 400)",0.001930674072355032,1.1456664651632309e-05,1.7118402282453637,0.09035629965364933,0.3899926240555942,,,,0.013052590191364288,0.046699779108166695,160.75213166566556,0.0022300375596522063,72084.94357858988,72084.76433671992
xray_tsvdmi_100_dct_012_32_run2,True,xray,tsvdmi,100,dct,012,32,run2,tsvdmi,dct,100,None,xray,/lus/flare/projects/DFTCalc2/starM-HPC/starMData/xray/z3d_movo.npy,"(0, 1, 2)","(300, 400, 400)",0.0019579296931624413,1.2946315109729767e-05,1.7118402282453637,0.08916974486783147,0.3926865360699594,,,,0.014391375239938498,0.045240646693855524,160.75213166566556,0.0022300375596522063,72084.94357858988,72084.76433671992
xray_tsvdmi_100_dct_012_32_run3,True,xray,tsvdmi,100,dct,012,32,run3,tsvdmi,dct,100,None,xray,/lus/flare/projects/DFTCalc2/starM-HPC/starMData/xray/z3d_movo.npy,"(0, 1, 2)","(300, 400, 400)",0.0019405451603233814,1.2662727385759354e-05,1.7118402282453637,0.08841318916529417,0.3955783969722688,,,,0.013004739303141832,0.04713653493672609,160.75213166566556,0.0022300375596522063,72084.94357858988,72084.76433671992
xray_tsvdmi_100_dct_012_4_run1,False,xray,tsvdmi,100,dct,012,4,run1,,,,,,,,,,,,,,,,,,,,,,
xray_tsvdmi_100_dct_012_4_run2,False,xray,tsvdmi,100,dct,012,4,run2,,,,,,,,,,,,,,,,,,,,,,
xray_tsvdmi_100_dct_012_4_run3,False,xray,tsvdmi,100,dct,012,4,run3,,,,,,,,,,,,,,,,,,,,,,
xray_tsvdmi_100_dct_012_64_run1,True,xray,tsvdmi,100,dct,012,64,run1,tsvdmi,dct,100,None,xray,/lus/flare/projects/DFTCalc2/starM-HPC/starMData/xray/z3d_movo.npy,"(0, 1, 2)","(300, 400, 400)",0.0019982862286269665,1.2456905096769333e-05,1.7118402282453637,0.0856959130614996,0.2813876327127218,,,,0.012194356881082058,0.04053556080907583,160.75213166566556,0.002230037559652223,72084.94357858934,72084.76433671996
xray_tsvdmi_100_dct_012_64_run2,True,xray,tsvdmi,100,dct,012,64,run2,tsvdmi,dct,100,None,xray,/lus/flare/projects/DFTCalc2/starM-HPC/starMData/xray/z3d_movo.npy,"(0, 1, 2)","(300, 400, 400)",0.001746893860399723,1.254817470908165e-05,1.7118402282453637,0.08681721705943346,0.28725325828418136,,,,0.014547321014106274,0.040034325793385506,160.75213166566556,0.002230037559652223,72084.94357858934,72084.76433671996
xray_tsvdmi_100_dct_012_64_run3,True,xray,tsvdmi,100,dct,012,64,run3,tsvdmi,dct,100,None,xray,/lus/flare/projects/DFTCalc2/starM-HPC/starMData/xray/z3d_movo.npy,"(0, 1, 2)","(300, 400, 400)",0.0017333426512777805,1.1508818715810776e-05,1.7118402282453637,0.08347382815554738,0.2888120920397341,,,,0.01339825801551342,0.039744677022099495,160.75213166566556,0.002230037559652223,72084.94357858934,72084.76433671996
xray_tsvdmi_100_dct_012_8_run1,False,xray,tsvdmi,100,dct,012,8,run1,,,,,,,,,,,,,,,,,,,,,,
xray_tsvdmi_100_dct_012_8_run2,False,xray,tsvdmi,100,dct,012,8,run2,,,,,,,,,,,,,,,,,,,,,,
xray_tsvdmi_100_dct_012_8_run3,False,xray,tsvdmi,100,dct,012,8,run3,,,,,,,,,,,,,,,,,,,,,,
xray_tsvdmi_10_dct_012_16_run1,False,xray,tsvdmi,10,dct,012,16,run1,,,,,,,,,,,,,,,,,,,,,,
xray_tsvdmi_10_dct_012_16_run2,False,xray,tsvdmi,10,dct,012,16,run2,,,,,,,,,,,,,,,,,,,,,,
xray_tsvdmi_10_dct_012_16_run3,False,xray,tsvdmi,10,dct,012,16,run3,,,,,,,,,,,,,,,,,,,,,,
xray_tsvdmi_10_dct_012_1_run1,False,xray,tsvdmi,10,dct,012,1,run1,,,,,,,,,,,,,,,,,,,,,,
xray_tsvdmi_10_dct_012_1_run2,False,xray,tsvdmi,10,dct,012,1,run2,,,,,,,,,,,,,,,,,,,,,,
xray_tsvdmi_10_dct_012_1_run3,False,xray,tsvdmi,10,dct,012,1,run3,,,,,,,,,,,,,,,,,,,,,,
xray_tsvdmi_10_dct_012_2_run1,False,xray,tsvdmi,10,dct,012,2,run1,,,,,,,,,,,,,,,,,,,,,,
xray_tsvdmi_10_dct_012_2_run2,False,xray,tsvdmi,10,dct,012,2,run2,,,,,,,,,,,,,,,,,,,,,,
xray_tsvdmi_10_dct_012_2_run3,False,xray,tsvdmi,10,dct,012,2,run3,,,,,,,,,,,,,,,,,,,,,,
xray_tsvdmi_10_dct_012_32_run1,True,xray,tsvdmi,10,dct,012,32,run1,tsvdmi,dct,10,None,xray,/lus/flare/projects/DFTCalc2/starM-HPC/starMData/xray/z3d_movo.npy,"(0, 1, 2)","(300, 400, 400)",0.0019262749701738358,1.1553056538105011e-05,17.118402282453637,0.08966185618191957,0.12760413298383355,,,,0.013077510055154562,0.045466441195458174,1949.8015690225286,0.02704866609067644,72084.94357858988,72058.56898780135
xray_tsvdmi_10_dct_012_32_run2,True,xray,tsvdmi,10,dct,012,32,run2,tsvdmi,dct,10,None,xray,/lus/flare/projects/DFTCalc2/starM-HPC/starMData/xray/z3d_movo.npy,"(0, 1, 2)","(300, 400, 400)",0.001952590886503458,1.2925826013088226e-05,17.118402282453637,0.08812924334779382,0.12887347722426057,,,,0.015453434083610773,0.048597093205899,1949.8015690225286,0.02704866609067644,72084.94357858988,72058.56898780135
xray_tsvdmi_10_dct_012_32_run3,True,xray,tsvdmi,10,dct,012,32,run3,tsvdmi,dct,10,None,xray,/lus/flare/projects/DFTCalc2/starM-HPC/starMData/xray/z3d_movo.npy,"(0, 1, 2)","(300, 400, 400)",0.0019595040939748287,1.2415926903486252e-05,17.118402282453637,0.08776210574433208,0.1248236009851098,,,,0.011322630103677511,0.046428272034972906,1949.8015690225286,0.02704866609067644,72084.94357858988,72058.56898780135
xray_tsvdmi_10_dct_012_4_run1,False,xray,tsvdmi,10,dct,012,4,run1,,,,,,,,,,,,,,,,,,,,,,
xray_tsvdmi_10_dct_012_4_run2,False,xray,tsvdmi,10,dct,012,4,run2,,,,,,,,,,,,,,,,,,,,,,
xray_tsvdmi_10_dct_012_4_run3,False,xray,tsvdmi,10,dct,012,4,run3,,,,,,,,,,,,,,,,,,,,,,
xray_tsvdmi_10_dct_012_64_run1,True,xray,tsvdmi,10,dct,012,64,run1,tsvdmi,dct,10,None,xray,/lus/flare/projects/DFTCalc2/starM-HPC/starMData/xray/z3d_movo.npy,"(0, 1, 2)","(300, 400, 400)",0.0019292812794446945,1.2215226888656616e-05,17.118402282453637,0.08189601171761751,0.11902993405237794,,,,0.025156785733997822,0.04054825706407428,1949.8015690225286,0.027048666090676642,72084.94357858934,72058.56898780135
xray_tsvdmi_10_dct_012_64_run2,True,xray,tsvdmi,10,dct,012,64,run2,tsvdmi,dct,10,None,xray,/lus/flare/projects/DFTCalc2/starM-HPC/starMData/xray/z3d_movo.npy,"(0, 1, 2)","(300, 400, 400)",0.001960886176675558,1.2862961739301682e-05,17.118402282453637,0.08582532405853271,0.11476461915299296,,,,0.011896756943315268,0.041761135682463646,1949.8015690225286,0.027048666090676642,72084.94357858934,72058.56898780135
xray_tsvdmi_10_dct_012_64_run3,True,xray,tsvdmi,10,dct,012,64,run3,tsvdmi,dct,10,None,xray,/lus/flare/projects/DFTCalc2/starM-HPC/starMData/xray/z3d_movo.npy,"(0, 1, 2)","(300, 400, 400)",0.001782356295734644,1.223105937242508e-05,17.118402282453637,0.08322750125080347,0.1087877731770277,,,,0.02672219416126609,0.04056525370106101,1949.8015690225286,0.027048666090676642,72084.94357858934,72058.56898780135
xray_tsvdmi_10_dct_012_8_run1,False,xray,tsvdmi,10,dct,012,8,run1,,,,,,,,,,,,,,,,,,,,,,
xray_tsvdmi_10_dct_012_8_run2,False,xray,tsvdmi,10,dct,012,8,run2,,,,,,,,,,,,,,,,,,,,,,
xray_tsvdmi_10_dct_012_8_run3,False,xray,tsvdmi,10,dct,012,8,run3,,,,,,,,,,,,,,,,,,,,,,
xray_tsvdmi_150_dct_012_16_run1,True,xray,tsvdmi,150,dct,012,16,run1,tsvdmi,dct,150,None,xray,/lus/flare/projects/DFTCalc2/starM-HPC/starMData/xray/z3d_movo.npy,"(0, 1, 2)","(300, 400, 400)",0.0018970019882544875,1.1110998457297683e-05,1.1412268188302426,0.10591891402145848,1.072435342008248,,,,0.024811321985907853,0.06382792198564857,7.545167348760815,0.00010467050363346262,72084.9435785906,72084.94318371027
xray_tsvdmi_150_dct_012_16_run2,True,xray,tsvdmi,150,dct,012,16,run2,tsvdmi,dct,150,None,xray,/lus/flare/projects/DFTCalc2/starM-HPC/starMData/xray/z3d_movo.npy,"(0, 1, 2)","(300, 400, 400)",0.001859870011685416,1.0449992259964347e-05,1.1412268188302426,0.10480753998854198,1.072374645009404,,,,0.025022974004969,0.06381741800578311,7.545167348760815,0.00010467050363346262,72084.9435785906,72084.94318371027
xray_tsvdmi_150_dct_012_16_run3,True,xray,tsvdmi,150,dct,012,16,run3,tsvdmi,dct,150,None,xray,/lus/flare/projects/DFTCalc2/starM-HPC/starMData/xray/z3d_movo.npy,"(0, 1, 2)","(300, 400, 400)",0.0018900260038208216,1.0652001947164536e-05,1.1412268188302426,0.10710564901819453,1.0783770459820516,,,,0.025935236015357077,0.0640189090045169,7.545167348760815,0.00010467050363346262,72084.9435785906,72084.94318371027
xray_tsvdmi_150_dct_012_1_run1,True,xray,tsvdmi,150,dct,012,1,run1,tsvdmi,dct,150,None,xray,/lus/flare/projects/DFTCalc2/starM-HPC/starMData/xray/z3d_movo.npy,"(0, 1, 2)","(300, 400, 400)",0.0020128000032855198,1.4325007214210927e-05,1.1412268188302426,0.6356869230075972,16.454275779993623,,,,0.3218667819892289,0.5781910689984215,7.545167348760838,0.0001046705036334526,72084.94357859773,72084.94318371003
xray_tsvdmi_150_dct_012_1_run2,True,xray,tsvdmi,150,dct,012,1,run2,tsvdmi,dct,150,None,xray,/lus/flare/projects/DFTCalc2/starM-HPC/starMData/xray/z3d_movo.npy,"(0, 1, 2)","(300, 400, 400)",0.0019287190079921857,1.2154996511526406e-05,1.1412268188302426,0.6764426910085604,15.82491732899507,,,,0.32046087700291537,0.5814873999916017,7.545167348760838,0.0001046705036334526,72084.94357859773,72084.94318371003
xray_tsvdmi_150_dct_012_1_run3,True,xray,tsvdmi,150,dct,012,1,run3,tsvdmi,dct,150,None,xray,/lus/flare/projects/DFTCalc2/starM-HPC/starMData/xray/z3d_movo.npy,"(0, 1, 2)","(300, 400, 400)",0.0019288180046714842,1.1632000678218901e-05,1.1412268188302426,0.6773637110018171,15.856705874000909,,,,0.32819079101318493,0.6033791530062445,7.545167348760838,0.0001046705036334526,72084.94357859773,72084.94318371003
xray_tsvdmi_150_dct_012_2_run1,True,xray,tsvdmi,150,dct,012,2,run1,tsvdmi,dct,150,None,xray,/lus/flare/projects/DFTCalc2/starM-HPC/starMData/xray/z3d_movo.npy,"(0, 1, 2)","(300, 400, 400)",0.001930790996993892,1.175800571218133e-05,1.1412268188302426,0.37234450700634625,8.117456672000117,,,,0.16420002600352746,0.3119780470005935,7.5451673487608115,0.00010467050363345681,72084.94357859457,72084.94318371025
xray_tsvdmi_150_dct_012_2_run2,True,xray,tsvdmi,150,dct,012,2,run2,tsvdmi,dct,150,None,xray,/lus/flare/projects/DFTCalc2/starM-HPC/starMData/xray/z3d_movo.npy,"(0, 1, 2)","(300, 400, 400)",0.0019356720003997907,1.2065007467754185e-05,1.1412268188302426,0.36841722700046375,8.304049941987614,,,,0.16649397400033195,0.31425298799877055,7.5451673487608115,0.00010467050363345681,72084.94357859457,72084.94318371025
xray_tsvdmi_150_dct_012_2_run3,True,xray,tsvdmi,150,dct,012,2,run3,tsvdmi,dct,150,None,xray,/lus/flare/projects/DFTCalc2/starM-HPC/starMData/xray/z3d_movo.npy,"(0, 1, 2)","(300, 400, 400)",0.001949182988028042,1.1222989996895194e-05,1.1412268188302426,0.3681213370000478,8.196951619989704,,,,0.16532882300089113,0.3123777660075575,7.5451673487608115,0.00010467050363345681,72084.94357859457,72084.94318371025
xray_tsvdmi_150_dct_012_32_run1,True,xray,tsvdmi,150,dct,012,32,run1,tsvdmi,dct,150,None,xray,/lus/flare/projects/DFTCalc2/starM-HPC/starMData/xray/z3d_movo.npy,"(0, 1, 2)","(300, 400, 400)",0.0018695369362831116,1.1561904102563858e-05,1.1412268188302426,0.08900368073955178,0.6114205811172724,,,,0.018800208810716867,0.04645222704857588,7.545167348760815,0.00010467050363346365,72084.94357858988,72084.94318371027
xray_tsvdmi_150_dct_012_32_run2,True,xray,tsvdmi,150,dct,012,32,run2,tsvdmi,dct,150,None,xray,/lus/flare/projects/DFTCalc2/starM-HPC/starMData/xray/z3d_movo.npy,"(0, 1, 2)","(300, 400, 400)",0.0017083380371332169,1.0245945304632187e-05,1.1412268188302426,0.0890720970928669,0.620659432373941,,,,0.017687371000647545,0.048303524032235146,7.545167348760815,0.00010467050363346365,72084.94357858988,72084.94318371027
xray_tsvdmi_150_dct_012_32_run3,True,xray,tsvdmi,150,dct,012,32,run3,tsvdmi,dct,150,None,xray,/lus/flare/projects/DFTCalc2/starM-HPC/starMData/xray/z3d_movo.npy,"(0, 1, 2)","(300, 400, 400)",0.0018712151795625687,1.0660849511623383e-05,1.1412268188302426,0.09058004431426525,0.6200849236920476,,,,0.0190991316922009,0.0466075437143445,7.545167348760815,0.00010467050363346365,72084.94357858988,72084.94318371027
xray_tsvdmi_150_dct_012_4_run1,True,xray,tsvdmi,150,dct,012,4,run1,tsvdmi,dct,150,None,xray,/lus/flare/projects/DFTCalc2/starM-HPC/starMData/xray/z3d_movo.npy,"(0, 1, 2)","(300, 400, 400)",0.001889790000859648,1.0746007319539785e-05,1.1412268188302426,0.21453672100324184,4.151599633012665,,,,0.08488034302718006,0.16284324298612773,7.545167348760824,0.000104670503633459,72084.94357859317,72084.94318371025
xray_tsvdmi_150_dct_012_4_run2,True,xray,tsvdmi,150,dct,012,4,run2,tsvdmi,dct,150,None,xray,/lus/flare/projects/DFTCalc2/starM-HPC/starMData/xray/z3d_movo.npy,"(0, 1, 2)","(300, 400, 400)",0.0018871030188165605,1.0424992069602013e-05,1.1412268188302426,0.21402024399139918,4.129238482011715,,,,0.08500018701306544,0.16787609001039527,7.545167348760824,0.000104670503633459,72084.94357859317,72084.94318371025
xray_tsvdmi_150_dct_012_4_run3,True,xray,tsvdmi,150,dct,012,4,run3,tsvdmi,dct,150,None,xray,/lus/flare/projects/DFTCalc2/starM-HPC/starMData/xray/z3d_movo.npy,"(0, 1, 2)","(300, 400, 400)",0.0018812100170180202,1.0588002623990178e-05,1.1412268188302426,0.21806086800643243,4.155834175995551,,,,0.08447440198506229,0.16553539599408396,7.545167348760824,0.000104670503633459,72084.94357859317,72084.94318371025
xray_tsvdmi_150_dct_012_64_run1,True,xray,tsvdmi,150,dct,012,64,run1,tsvdmi,dct,150,None,xray,/lus/flare/projects/DFTCalc2/starM-HPC/starMData/xray/z3d_movo.npy,"(0, 1, 2)","(300, 400, 400)",0.0019330312497913837,1.2001954019069672e-05,1.1412268188302426,0.08412454603239894,0.5092843933962286,,,,0.019951866939663887,0.04060516133904457,7.545167348760816,0.00010467050363346445,72084.94357858934,72084.94318371029
xray_tsvdmi_150_dct_012_64_run2,True,xray,tsvdmi,150,dct,012,64,run2,tsvdmi,dct,150,None,xray,/lus/flare/projects/DFTCalc2/starM-HPC/starMData/xray/z3d_movo.npy,"(0, 1, 2)","(300, 400, 400)",0.001935104839503765,1.1881813406944275e-05,1.1412268188302426,0.08264324069023132,0.5110625806264579,,,,0.018552903085947037,0.04017730290070176,7.545167348760816,0.00010467050363346445,72084.94357858934,72084.94318371029
xray_tsvdmi_150_dct_012_64_run3,True,xray,tsvdmi,150,dct,012,64,run3,tsvdmi,dct,150,None,xray,/lus/flare/projects/DFTCalc2/starM-HPC/starMData/xray/z3d_movo.npy,"(0, 1, 2)","(300, 400, 400)",0.0019449680112302303,1.3047829270362854e-05,1.1412268188302426,0.08508909028023481,0.5052967960946262,,,,0.02294181613251567,0.040951204020529985,7.545167348760816,0.00010467050363346445,72084.94357858934,72084.94318371029
xray_tsvdmi_150_dct_012_8_run1,True,xray,tsvdmi,150,dct,012,8,run1,tsvdmi,dct,150,None,xray,/lus/flare/projects/DFTCalc2/starM-HPC/starMData/xray/z3d_movo.npy,"(0, 1, 2)","(300, 400, 400)",0.0019388019863981754,1.1765980161726475e-05,1.1412268188302426,0.13933600398013368,2.0831706330063753,,,,0.04430879699066281,0.09166598398587666,7.545167348760813,0.00010467050363346086,72084.94357859179,72084.94318371023
xray_tsvdmi_150_dct_012_8_run2,True,xray,tsvdmi,150,dct,012,8,run2,tsvdmi,dct,150,None,xray,/lus/flare/projects/DFTCalc2/starM-HPC/starMData/xray/z3d_movo.npy,"(0, 1, 2)","(300, 400, 400)",0.0019440439937170595,1.216298551298678e-05,1.1412268188302426,0.13942855899222195,2.086696595972171,,,,0.043611567991320044,0.09166854398790747,7.545167348760813,0.00010467050363346086,72084.94357859179,72084.94318371023
xray_tsvdmi_150_dct_012_8_run3,True,xray,tsvdmi,150,dct,012,8,run3,tsvdmi,dct,150,None,xray,/lus/flare/projects/DFTCalc2/starM-HPC/starMData/xray/z3d_movo.npy,"(0, 1, 2)","(300, 400, 400)",0.0019259769760537893,1.2514996342360973e-05,1.1412268188302426,0.13897188499686308,2.0916488459915854,,,,0.04510318400571123,0.0918967170000542,7.545167348760813,0.00010467050363346086,72084.94357859179,72084.94318371023
xray_tsvdmi_200_dct_012_16_run1,False,xray,tsvdmi,200,dct,012,16,run1,,,,,,,,,,,,,,,,,,,,,,
xray_tsvdmi_200_dct_012_16_run2,False,xray,tsvdmi,200,dct,012,16,run2,,,,,,,,,,,,,,,,,,,,,,
xray_tsvdmi_200_dct_012_16_run3,False,xray,tsvdmi,200,dct,012,16,run3,,,,,,,,,,,,,,,,,,,,,,
xray_tsvdmi_200_dct_012_1_run1,False,xray,tsvdmi,200,dct,012,1,run1,,,,,,,,,,,,,,,,,,,,,,
xray_tsvdmi_200_dct_012_1_run2,False,xray,tsvdmi,200,dct,012,1,run2,,,,,,,,,,,,,,,,,,,,,,
xray_tsvdmi_200_dct_012_1_run3,False,xray,tsvdmi,200,dct,012,1,run3,,,,,,,,,,,,,,,,,,,,,,
xray_tsvdmi_200_dct_012_2_run1,False,xray,tsvdmi,200,dct,012,2,run1,,,,,,,,,,,,,,,,,,,,,,
xray_tsvdmi_200_dct_012_2_run2,False,xray,tsvdmi,200,dct,012,2,run2,,,,,,,,,,,,,,,,,,,,,,
xray_tsvdmi_200_dct_012_2_run3,False,xray,tsvdmi,200,dct,012,2,run3,,,,,,,,,,,,,,,,,,,,,,
xray_tsvdmi_200_dct_012_32_run1,True,xray,tsvdmi,200,dct,012,32,run1,tsvdmi,dct,200,None,xray,/lus/flare/projects/DFTCalc2/starM-HPC/starMData/xray/z3d_movo.npy,"(0, 1, 2)","(300, 400, 400)",0.0018925541080534458,1.2350734323263168e-05,0.8559201141226819,0.08851509261876345,0.7843002029694617,,,,0.021050328854471445,0.048285828437656164,0.00040528598774739957,5.622338974373208e-09,72084.94357858988,72084.94357858862
xray_tsvdmi_200_dct_012_32_run2,True,xray,tsvdmi,200,dct,012,32,run2,tsvdmi,dct,200,None,xray,/lus/flare/projects/DFTCalc2/starM-HPC/starMData/xray/z3d_movo.npy,"(0, 1, 2)","(300, 400, 400)",0.0018741092644631863,1.1211726814508438e-05,0.8559201141226819,0.09030297538265586,0.7899921988137066,,,,0.022412373684346676,0.046563997864723206,0.00040528598774739957,5.622338974373208e-09,72084.94357858988,72084.94357858862
xray_tsvdmi_200_dct_012_32_run3,True,xray,tsvdmi,200,dct,012,32,run3,tsvdmi,dct,200,None,xray,/lus/flare/projects/DFTCalc2/starM-HPC/starMData/xray/z3d_movo.npy,"(0, 1, 2)","(300, 400, 400)",0.0018872041255235672,1.1414289474487305e-05,0.8559201141226819,0.09015374723821878,0.7859145202673972,,,,0.020852317102253437,0.04626324074342847,0.00040528598774739957,5.622338974373208e-09,72084.94357858988,72084.94357858862
xray_tsvdmi_200_dct_012_4_run1,False,xray,tsvdmi,200,dct,012,4,run1,,,,,,,,,,,,,,,,,,,,,,
xray_tsvdmi_200_dct_012_4_run2,False,xray,tsvdmi,200,dct,012,4,run2,,,,,,,,,,,,,,,,,,,,,,
xray_tsvdmi_200_dct_012_4_run3,False,xray,tsvdmi,200,dct,012,4,run3,,,,,,,,,,,,,,,,,,,,,,
xray_tsvdmi_200_dct_012_64_run1,True,xray,tsvdmi,200,dct,012,64,run1,tsvdmi,dct,200,None,xray,/lus/flare/projects/DFTCalc2/starM-HPC/starMData/xray/z3d_movo.npy,"(0, 1, 2)","(300, 400, 400)",0.0019496669992804527,1.2409873306751251e-05,0.8559201141226819,0.08268821286037564,0.5986295100301504,,,,0.022167284041643143,0.04082741402089596,0.0004052859877474009,5.622338974373268e-09,72084.94357858934,72084.94357858851
xray_tsvdmi_200_dct_012_64_run2,True,xray,tsvdmi,200,dct,012,64,run2,tsvdmi,dct,200,None,xray,/lus/flare/projects/DFTCalc2/starM-HPC/starMData/xray/z3d_movo.npy,"(0, 1, 2)","(300, 400, 400)",0.0019252551719546318,1.1652708053588867e-05,0.8559201141226819,0.08288185903802514,0.6160398810170591,,,,0.018258982338011265,0.04119331995025277,0.0004052859877474009,5.622338974373268e-09,72084.94357858934,72084.94357858851
xray_tsvdmi_200_dct_012_64_run3,True,xray,tsvdmi,200,dct,012,64,run3,tsvdmi,dct,200,None,xray,/lus/flare/projects/DFTCalc2/starM-HPC/starMData/xray/z3d_movo.npy,"(0, 1, 2)","(300, 400, 400)",0.0019524600356817245,1.1577736586332321e-05,0.8559201141226819,0.08420918695628643,0.6065282803028822,,,,0.018234007991850376,0.04101801896467805,0.0004052859877474009,5.622338974373268e-09,72084.94357858934,72084.94357858851
xray_tsvdmi_200_dct_012_8_run1,False,xray,tsvdmi,200,dct,012,8,run1,,,,,,,,,,,,,,,,,,,,,,
xray_tsvdmi_200_dct_012_8_run2,False,xray,tsvdmi,200,dct,012,8,run2,,,,,,,,,,,,,,,,,,,,,,
xray_tsvdmi_200_dct_012_8_run3,False,xray,tsvdmi,200,dct,012,8,run3,,,,,,,,,,,,,,,,,,,,,,
xray_tsvdmi_20_dct_012_16_run1,False,xray,tsvdmi,20,dct,012,16,run1,,,,,,,,,,,,,,,,,,,,,,
xray_tsvdmi_20_dct_012_16_run2,False,xray,tsvdmi,20,dct,012,16,run2,,,,,,,,,,,,,,,,,,,,,,
xray_tsvdmi_20_dct_012_16_run3,False,xray,tsvdmi,20,dct,012,16,run3,,,,,,,,,,,,,,,,,,,,,,
xray_tsvdmi_20_dct_012_1_run1,False,xray,tsvdmi,20,dct,012,1,run1,,,,,,,,,,,,,,,,,,,,,,
xray_tsvdmi_20_dct_012_1_run2,False,xray,tsvdmi,20,dct,012,1,run2,,,,,,,,,,,,,,,,,,,,,,
xray_tsvdmi_20_dct_012_1_run3,False,xray,tsvdmi,20,dct,012,1,run3,,,,,,,,,,,,,,,,,,,,,,
xray_tsvdmi_20_dct_012_2_run1,False,xray,tsvdmi,20,dct,012,2,run1,,,,,,,,,,,,,,,,,,,,,,
xray_tsvdmi_20_dct_012_2_run2,False,xray,tsvdmi,20,dct,012,2,run2,,,,,,,,,,,,,,,,,,,,,,
xray_tsvdmi_20_dct_012_2_run3,False,xray,tsvdmi,20,dct,012,2,run3,,,,,,,,,,,,,,,,,,,,,,
xray_tsvdmi_20_dct_012_32_run1,True,xray,tsvdmi,20,dct,012,32,run1,tsvdmi,dct,20,None,xray,/lus/flare/projects/DFTCalc2/starM-HPC/starMData/xray/z3d_movo.npy,"(0, 1, 2)","(300, 400, 400)",0.001951782964169979,1.444295048713684e-05,8.559201141226819,0.0895594977773726,0.15452426811680198,,,,0.01141628809273243,0.04676475189626217,741.3980211586528,0.01028506071244061,72084.94357858988,72081.13081592515
xray_tsvdmi_20_dct_012_32_run2,True,xray,tsvdmi,20,dct,012,32,run2,tsvdmi,dct,20,None,xray,/lus/flare/projects/DFTCalc2/starM-HPC/starMData/xray/z3d_movo.npy,"(0, 1, 2)","(300, 400, 400)",0.001939923968166113,1.3100914657115936e-05,8.559201141226819,0.09319478692486882,0.1542544630356133,,,,0.011384374927729368,0.045712352730333805,741.3980211586528,0.01028506071244061,72084.94357858988,72081.13081592515
xray_tsvdmi_20_dct_012_32_run3,True,xray,tsvdmi,20,dct,012,32,run3,tsvdmi,dct,20,None,xray,/lus/flare/projects/DFTCalc2/starM-HPC/starMData/xray/z3d_movo.npy,"(0, 1, 2)","(300, 400, 400)",0.001943246927112341,1.3811048120260239e-05,8.559201141226819,0.08683385793119669,0.1532396962866187,,,,0.01489605475217104,0.04566185409203172,741.3980211586528,0.01028506071244061,72084.94357858988,72081.13081592515
xray_tsvdmi_20_dct_012_4_run1,False,xray,tsvdmi,20,dct,012,4,run1,,,,,,,,,,,,,,,,,,,,,,
xray_tsvdmi_20_dct_012_4_run2,False,xray,tsvdmi,20,dct,012,4,run2,,,,,,,,,,,,,,,,,,,,,,
xray_tsvdmi_20_dct_012_4_run3,False,xray,tsvdmi,20,dct,012,4,run3,,,,,,,,,,,,,,,,,,,,,,
xray_tsvdmi_20_dct_012_64_run1,True,xray,tsvdmi,20,dct,012,64,run1,tsvdmi,dct,20,None,xray,/lus/flare/projects/DFTCalc2/starM-HPC/starMData/xray/z3d_movo.npy,"(0, 1, 2)","(300, 400, 400)",0.0019149929285049438,1.2831296771764755e-05,8.559201141226819,0.08220690721645951,0.1405042577534914,,,,0.0277003669179976,0.0407144445925951,741.3980211586528,0.010285060712440687,72084.94357858934,72081.13081592513
xray_tsvdmi_20_dct_012_64_run2,True,xray,tsvdmi,20,dct,012,64,run2,tsvdmi,dct,20,None,xray,/lus/flare/projects/DFTCalc2/starM-HPC/starMData/xray/z3d_movo.npy,"(0, 1, 2)","(300, 400, 400)",0.001935508567839861,1.2769363820552826e-05,8.559201141226819,0.08313754992559552,0.1326354369521141,,,,0.011107739061117172,0.042001426219940186,741.3980211586528,0.010285060712440687,72084.94357858934,72081.13081592513
xray_tsvdmi_20_dct_012_64_run3,True,xray,tsvdmi,20,dct,012,64,run3,tsvdmi,dct,20,None,xray,/lus/flare/projects/DFTCalc2/starM-HPC/starMData/xray/z3d_movo.npy,"(0, 1, 2)","(300, 400, 400)",0.0019304878078401089,1.3418961316347122e-05,8.559201141226819,0.0825809151865542,0.136527128983289,,,,0.0063795410096645355,0.04104909021407366,741.3980211586528,0.010285060712440687,72084.94357858934,72081.13081592513
xray_tsvdmi_20_dct_012_8_run1,False,xray,tsvdmi,20,dct,012,8,run1,,,,,,,,,,,,,,,,,,,,,,
xray_tsvdmi_20_dct_012_8_run2,False,xray,tsvdmi,20,dct,012,8,run2,,,,,,,,,,,,,,,,,,,,,,
xray_tsvdmi_20_dct_012_8_run3,False,xray,tsvdmi,20,dct,012,8,run3,,,,,,,,,,,,,,,,,,,,,,
xray_tsvdmi_250_dct_012_16_run1,False,xray,tsvdmi,250,dct,012,16,run1,,,,,,,,,,,,,,,,,,,,,,
xray_tsvdmi_250_dct_012_16_run2,False,xray,tsvdmi,250,dct,012,16,run2,,,,,,,,,,,,,,,,,,,,,,
xray_tsvdmi_250_dct_012_16_run3,False,xray,tsvdmi,250,dct,012,16,run3,,,,,,,,,,,,,,,,,,,,,,
xray_tsvdmi_250_dct_012_1_run1,False,xray,tsvdmi,250,dct,012,1,run1,,,,,,,,,,,,,,,,,,,,,,
xray_tsvdmi_250_dct_012_1_run2,False,xray,tsvdmi,250,dct,012,1,run2,,,,,,,,,,,,,,,,,,,,,,
xray_tsvdmi_250_dct_012_1_run3,False,xray,tsvdmi,250,dct,012,1,run3,,,,,,,,,,,,,,,,,,,,,,
xray_tsvdmi_250_dct_012_2_run1,False,xray,tsvdmi,250,dct,012,2,run1,,,,,,,,,,,,,,,,,,,,,,
xray_tsvdmi_250_dct_012_2_run2,False,xray,tsvdmi,250,dct,012,2,run2,,,,,,,,,,,,,,,,,,,,,,
xray_tsvdmi_250_dct_012_2_run3,False,xray,tsvdmi,250,dct,012,2,run3,,,,,,,,,,,,,,,,,,,,,,
xray_tsvdmi_250_dct_012_32_run1,True,xray,tsvdmi,250,dct,012,32,run1,tsvdmi,dct,250,None,xray,/lus/flare/projects/DFTCalc2/starM-HPC/starMData/xray/z3d_movo.npy,"(0, 1, 2)","(300, 400, 400)",0.0018958202563226223,1.0409858077764511e-05,0.6847360912981455,0.08977806894108653,1.2044180547818542,,,,0.02252761786803603,0.0462835980579257,1.1438515867147671e-10,1.5868106846302717e-15,72084.94357858988,72084.94357858984
xray_tsvdmi_250_dct_012_32_run2,True,xray,tsvdmi,250,dct,012,32,run2,tsvdmi,dct,250,None,xray,/lus/flare/projects/DFTCalc2/starM-HPC/starMData/xray/z3d_movo.npy,"(0, 1, 2)","(300, 400, 400)",0.001876107882708311,1.1309050023555756e-05,0.6847360912981455,0.08920145593583584,1.2028251737356186,,,,0.022348151076585054,0.04639742011204362,1.1438515867147671e-10,1.5868106846302717e-15,72084.94357858988,72084.94357858984
xray_tsvdmi_250_dct_012_32_run3,True,xray,tsvdmi,250,dct,012,32,run3,tsvdmi,dct,250,None,xray,/lus/flare/projects/DFTCalc2/starM-HPC/starMData/xray/z3d_movo.npy,"(0, 1, 2)","(300, 400, 400)",0.0016879462637007236,1.117633655667305e-05,0.6847360912981455,0.0901579549536109,1.197288988623768,,,,0.022996297106146812,0.04550697514787316,1.1438515867147671e-10,1.5868106846302717e-15,72084.94357858988,72084.94357858984
xray_tsvdmi_250_dct_012_4_run1,False,xray,tsvdmi,250,dct,012,4,run1,,,,,,,,,,,,,,,,,,,,,,
xray_tsvdmi_250_dct_012_4_run2,False,xray,tsvdmi,250,dct,012,4,run2,,,,,,,,,,,,,,,,,,,,,,
xray_tsvdmi_250_dct_012_4_run3,False,xray,tsvdmi,250,dct,012,4,run3,,,,,,,,,,,,,,,,,,,,,,
xray_tsvdmi_250_dct_012_64_run1,True,xray,tsvdmi,250,dct,012,64,run1,tsvdmi,dct,250,None,xray,/lus/flare/projects/DFTCalc2/starM-HPC/starMData/xray/z3d_movo.npy,"(0, 1, 2)","(300, 400, 400)",0.0019440827891230583,1.1831987649202347e-05,0.6847360912981455,0.08594741066917777,0.8482071328908205,,,,0.021402248181402683,0.042653702199459076,1.1438515867147671e-10,1.5868106846302835e-15,72084.94357858934,72084.94357858931
xray_tsvdmi_250_dct_012_64_run2,True,xray,tsvdmi,250,dct,012,64,run2,tsvdmi,dct,250,None,xray,/lus/flare/projects/DFTCalc2/starM-HPC/starMData/xray/z3d_movo.npy,"(0, 1, 2)","(300, 400, 400)",0.0019430788233876228,1.2247823178768158e-05,0.6847360912981455,0.08235350484028459,0.8573350952938199,,,,0.020634179934859276,0.04440880008041859,1.1438515867147671e-10,1.5868106846302835e-15,72084.94357858934,72084.94357858931
xray_tsvdmi_250_dct_012_64_run3,True,xray,tsvdmi,250,dct,012,64,run3,tsvdmi,dct,250,None,xray,/lus/flare/projects/DFTCalc2/starM-HPC/starMData/xray/z3d_movo.npy,"(0, 1, 2)","(300, 400, 400)",0.0019399258308112621,1.258915290236473e-05,0.6847360912981455,0.08387643983587623,0.8593365191482008,,,,0.021246459800750017,0.04499356308951974,1.1438515867147671e-10,1.5868106846302835e-15,72084.94357858934,72084.94357858931
xray_tsvdmi_250_dct_012_8_run1,False,xray,tsvdmi,250,dct,012,8,run1,,,,,,,,,,,,,,,,,,,,,,
xray_tsvdmi_250_dct_012_8_run2,False,xray,tsvdmi,250,dct,012,8,run2,,,,,,,,,,,,,,,,,,,,,,
xray_tsvdmi_250_dct_012_8_run3,False,xray,tsvdmi,250,dct,012,8,run3,,,,,,,,,,,,,,,,,,,,,,
xray_tsvdmi_40_dct_012_16_run1,False,xray,tsvdmi,40,dct,012,16,run1,,,,,,,,,,,,,,,,,,,,,,
xray_tsvdmi_40_dct_012_16_run2,False,xray,tsvdmi,40,dct,012,16,run2,,,,,,,,,,,,,,,,,,,,,,
xray_tsvdmi_40_dct_012_16_run3,False,xray,tsvdmi,40,dct,012,16,run3,,,,,,,,,,,,,,,,,,,,,,
xray_tsvdmi_40_dct_012_1_run1,False,xray,tsvdmi,40,dct,012,1,run1,,,,,,,,,,,,,,,,,,,,,,
xray_tsvdmi_40_dct_012_1_run2,False,xray,tsvdmi,40,dct,012,1,run2,,,,,,,,,,,,,,,,,,,,,,
xray_tsvdmi_40_dct_012_1_run3,False,xray,tsvdmi,40,dct,012,1,run3,,,,,,,,,,,,,,,,,,,,,,
xray_tsvdmi_40_dct_012_2_run1,False,xray,tsvdmi,40,dct,012,2,run1,,,,,,,,,,,,,,,,,,,,,,
xray_tsvdmi_40_dct_012_2_run2,False,xray,tsvdmi,40,dct,012,2,run2,,,,,,,,,,,,,,,,,,,,,,
xray_tsvdmi_40_dct_012_2_run3,False,xray,tsvdmi,40,dct,012,2,run3,,,,,,,,,,,,,,,,,,,,,,
xray_tsvdmi_40_dct_012_32_run1,True,xray,tsvdmi,40,dct,012,32,run1,tsvdmi,dct,40,None,xray,/lus/flare/projects/DFTCalc2/starM-HPC/starMData/xray/z3d_movo.npy,"(0, 1, 2)","(300, 400, 400)",0.0019526658579707146,1.3124197721481323e-05,4.279600570613409,0.09038440277799964,0.211587306112051,,,,0.014126512687653303,0.04851443227380514,454.62395773433036,0.006306781071954106,72084.94357858988,72083.50995744685
xray_tsvdmi_40_dct_012_32_run2,True,xray,tsvdmi,40,dct,012,32,run2,tsvdmi,dct,40,None,xray,/lus/flare/projects/DFTCalc2/starM-HPC/starMData/xray/z3d_movo.npy,"(0, 1, 2)","(300, 400, 400)",0.0019366717897355556,1.2419652193784714e-05,4.279600570613409,0.08744300715625286,0.21056778822094202,,,,0.011791620403528214,0.04565521189942956,454.62395773433036,0.006306781071954106,72084.94357858988,72083.50995744685
xray_tsvdmi_40_dct_012_32_run3,True,xray,tsvdmi,40,dct,012,32,run3,tsvdmi,dct,40,None,xray,/lus/flare/projects/DFTCalc2/starM-HPC/starMData/xray/z3d_movo.npy,"(0, 1, 2)","(300, 400, 400)",0.0019400366581976414,1.3854354619979858e-05,4.279600570613409,0.08736294973641634,0.21071823639795184,,,,0.010434767231345177,0.04562401259317994,454.62395773433036,0.006306781071954106,72084.94357858988,72083.50995744685
xray_tsvdmi_40_dct_012_4_run1,False,xray,tsvdmi,40,dct,012,4,run1,,,,,,,,,,,,,,,,,,,,,,
xray_tsvdmi_40_dct_012_4_run2,False,xray,tsvdmi,40,dct,012,4,run2,,,,,,,,,,,,,,,,,,,,,,
xray_tsvdmi_40_dct_012_4_run3,False,xray,tsvdmi,40,dct,012,4,run3,,,,,,,,,,,,,,,,,,,,,,
xray_tsvdmi_40_dct_012_64_run1,True,xray,tsvdmi,40,dct,012,64,run1,tsvdmi,dct,40,None,xray,/lus/flare/projects/DFTCalc2/starM-HPC/starMData/xray/z3d_movo.npy,"(0, 1, 2)","(300, 400, 400)",0.0019271220080554485,1.2135133147239685e-05,4.279600570613409,0.0837997212074697,0.16818480100482702,,,,0.012448000255972147,0.04053728235885501,454.62395773433025,0.006306781071954152,72084.94357858934,72083.50995744686
xray_tsvdmi_40_dct_012_64_run2,True,xray,tsvdmi,40,dct,012,64,run2,tsvdmi,dct,40,None,xray,/lus/flare/projects/DFTCalc2/starM-HPC/starMData/xray/z3d_movo.npy,"(0, 1, 2)","(300, 400, 400)",0.0019349241629242897,1.1742115020751953e-05,4.279600570613409,0.08357212599366903,0.16038798494264483,,,,0.02947303792461753,0.04073636792600155,454.62395773433025,0.006306781071954152,72084.94357858934,72083.50995744686
xray_tsvdmi_40_dct_012_64_run3,True,xray,tsvdmi,40,dct,012,64,run3,tsvdmi,dct,40,None,xray,/lus/flare/projects/DFTCalc2/starM-HPC/starMData/xray/z3d_movo.npy,"(0, 1, 2)","(300, 400, 400)",0.0019699260592460632,1.3679265975952148e-05,4.279600570613409,0.08468686696141958,0.17286764597520232,,,,0.02725781686604023,0.03927020402625203,454.62395773433025,0.006306781071954152,72084.94357858934,72083.50995744686
xray_tsvdmi_40_dct_012_8_run1,False,xray,tsvdmi,40,dct,012,8,run1,,,,,,,,,,,,,,,,,,,,,,
xray_tsvdmi_40_dct_012_8_run2,False,xray,tsvdmi,40,dct,012,8,run2,,,,,,,,,,,,,,,,,,,,,,
xray_tsvdmi_40_dct_012_8_run3,False,xray,tsvdmi,40,dct,012,8,run3,,,,,,,,,,,,,,,,,,,,,,
xray_tsvdmi_5_dct_012_16_run1,False,xray,tsvdmi,5,dct,012,16,run1,,,,,,,,,,,,,,,,,,,,,,
xray_tsvdmi_5_dct_012_16_run2,False,xray,tsvdmi,5,dct,012,16,run2,,,,,,,,,,,,,,,,,,,,,,
xray_tsvdmi_5_dct_012_16_run3,False,xray,tsvdmi,5,dct,012,16,run3,,,,,,,,,,,,,,,,,,,,,,
xray_tsvdmi_5_dct_012_1_run1,False,xray,tsvdmi,5,dct,012,1,run1,,,,,,,,,,,,,,,,,,,,,,
xray_tsvdmi_5_dct_012_1_run2,False,xray,tsvdmi,5,dct,012,1,run2,,,,,,,,,,,,,,,,,,,,,,
xray_tsvdmi_5_dct_012_1_run3,False,xray,tsvdmi,5,dct,012,1,run3,,,,,,,,,,,,,,,,,,,,,,
xray_tsvdmi_5_dct_012_2_run1,False,xray,tsvdmi,5,dct,012,2,run1,,,,,,,,,,,,,,,,,,,,,,
xray_tsvdmi_5_dct_012_2_run2,False,xray,tsvdmi,5,dct,012,2,run2,,,,,,,,,,,,,,,,,,,,,,
xray_tsvdmi_5_dct_012_2_run3,False,xray,tsvdmi,5,dct,012,2,run3,,,,,,,,,,,,,,,,,,,,,,
xray_tsvdmi_5_dct_012_32_run1,True,xray,tsvdmi,5,dct,012,32,run1,tsvdmi,dct,5,None,xray,/lus/flare/projects/DFTCalc2/starM-HPC/starMData/xray/z3d_movo.npy,"(0, 1, 2)","(300, 400, 400)",0.0019395910203456879,1.2003816664218903e-05,34.236804564907274,0.09087753994390368,0.11292877793312073,,,,0.012912677135318518,0.04884177679196,7051.715506315293,0.09782508185814465,72084.94357858988,71739.19709019807
xray_tsvdmi_5_dct_012_32_run2,True,xray,tsvdmi,5,dct,012,32,run2,tsvdmi,dct,5,None,xray,/lus/flare/projects/DFTCalc2/starM-HPC/starMData/xray/z3d_movo.npy,"(0, 1, 2)","(300, 400, 400)",0.0019261748529970646,1.3088807463645935e-05,34.236804564907274,0.09050368890166283,0.11282393801957369,,,,0.01238849526271224,0.04633347690105438,7051.715506315293,0.09782508185814465,72084.94357858988,71739.19709019807
xray_tsvdmi_5_dct_012_32_run3,True,xray,tsvdmi,5,dct,012,32,run3,tsvdmi,dct,5,None,xray,/lus/flare/projects/DFTCalc2/starM-HPC/starMData/xray/z3d_movo.npy,"(0, 1, 2)","(300, 400, 400)",0.0019594780169427395,1.2771226465702057e-05,34.236804564907274,0.0886013237759471,0.1139338780194521,,,,0.01265505887567997,0.04641897091642022,7051.715506315293,0.09782508185814465,72084.94357858988,71739.19709019807
xray_tsvdmi_5_dct_012_4_run1,False,xray,tsvdmi,5,dct,012,4,run1,,,,,,,,,,,,,,,,,,,,,,
xray_tsvdmi_5_dct_012_4_run2,False,xray,tsvdmi,5,dct,012,4,run2,,,,,,,,,,,,,,,,,,,,,,
xray_tsvdmi_5_dct_012_4_run3,False,xray,tsvdmi,5,dct,012,4,run3,,,,,,,,,,,,,,,,,,,,,,
xray_tsvdmi_5_dct_012_64_run1,True,xray,tsvdmi,5,dct,012,64,run1,tsvdmi,dct,5,None,xray,/lus/flare/projects/DFTCalc2/starM-HPC/starMData/xray/z3d_movo.npy,"(0, 1, 2)","(300, 400, 400)",0.0019061448983848095,1.0984018445014954e-05,34.236804564907274,0.08634360693395138,0.10749438032507896,,,,0.028922506608068943,0.039704727940261364,7051.71550631529,0.09782508185814534,72084.94357858934,71739.19709019807
xray_tsvdmi_5_dct_012_64_run2,True,xray,tsvdmi,5,dct,012,64,run2,tsvdmi,dct,5,None,xray,/lus/flare/projects/DFTCalc2/starM-HPC/starMData/xray/z3d_movo.npy,"(0, 1, 2)","(300, 400, 400)",0.0019173710606992245,1.2231990694999695e-05,34.236804564907274,0.08348772907629609,0.1068732631392777,,,,0.010919224936515093,0.0402704500593245,7051.71550631529,0.09782508185814534,72084.94357858934,71739.19709019807
xray_tsvdmi_5_dct_012_64_run3,True,xray,tsvdmi,5,dct,012,64,run3,tsvdmi,dct,5,None,xray,/lus/flare/projects/DFTCalc2/starM-HPC/starMData/xray/z3d_movo.npy,"(0, 1, 2)","(300, 400, 400)",0.001960196066647768,1.3105105608701706e-05,34.236804564907274,0.0858777528628707,0.10902799107134342,,,,0.01199260400608182,0.04179308004677296,7051.71550631529,0.09782508185814534,72084.94357858934,71739.19709019807
xray_tsvdmi_5_dct_012_8_run1,False,xray,tsvdmi,5,dct,012,8,run1,,,,,,,,,,,,,,,,,,,,,,
xray_tsvdmi_5_dct_012_8_run2,False,xray,tsvdmi,5,dct,012,8,run2,,,,,,,,,,,,,,,,,,,,,,
xray_tsvdmi_5_dct_012_8_run3,False,xray,tsvdmi,5,dct,012,8,run3,,,,,,,,,,,,,,,,,,,,,,
xray_tsvdmi_80_dct_012_16_run1,False,xray,tsvdmi,80,dct,012,16,run1,,,,,,,,,,,,,,,,,,,,,,
xray_tsvdmi_80_dct_012_16_run2,False,xray,tsvdmi,80,dct,012,16,run2,,,,,,,,,,,,,,,,,,,,,,
xray_tsvdmi_80_dct_012_16_run3,False,xray,tsvdmi,80,dct,012,16,run3,,,,,,,,,,,,,,,,,,,,,,
xray_tsvdmi_80_dct_012_1_run1,False,xray,tsvdmi,80,dct,012,1,run1,,,,,,,,,,,,,,,,,,,,,,
xray_tsvdmi_80_dct_012_1_run2,False,xray,tsvdmi,80,dct,012,1,run2,,,,,,,,,,,,,,,,,,,,,,
xray_tsvdmi_80_dct_012_1_run3,False,xray,tsvdmi,80,dct,012,1,run3,,,,,,,,,,,,,,,,,,,,,,
xray_tsvdmi_80_dct_012_2_run1,False,xray,tsvdmi,80,dct,012,2,run1,,,,,,,,,,,,,,,,,,,,,,
xray_tsvdmi_80_dct_012_2_run2,False,xray,tsvdmi,80,dct,012,2,run2,,,,,,,,,,,,,,,,,,,,,,
xray_tsvdmi_80_dct_012_2_run3,False,xray,tsvdmi,80,dct,012,2,run3,,,,,,,,,,,,,,,,,,,,,,
xray_tsvdmi_80_dct_012_32_run1,True,xray,tsvdmi,80,dct,012,32,run1,tsvdmi,dct,80,None,xray,/lus/flare/projects/DFTCalc2/starM-HPC/starMData/xray/z3d_movo.npy,"(0, 1, 2)","(300, 400, 400)",0.001950529869645834,1.3735610991716385e-05,2.1398002853067046,0.08793635293841362,0.3288750038482249,,,,0.013412149157375097,0.04551674611866474,239.83205369537455,0.0033270755554369006,72084.94357858988,72084.5446078028
xray_tsvdmi_80_dct_012_32_run2,True,xray,tsvdmi,80,dct,012,32,run2,tsvdmi,dct,80,None,xray,/lus/flare/projects/DFTCalc2/starM-HPC/starMData/xray/z3d_movo.npy,"(0, 1, 2)","(300, 400, 400)",0.001938686240464449,1.2262258678674698e-05,2.1398002853067046,0.08816556911915541,0.3289980790577829,,,,0.011971650645136833,0.04618001636117697,239.83205369537455,0.0033270755554369006,72084.94357858988,72084.5446078028
xray_tsvdmi_80_dct_012_32_run3,True,xray,tsvdmi,80,dct,012,32,run3,tsvdmi,dct,80,None,xray,/lus/flare/projects/DFTCalc2/starM-HPC/starMData/xray/z3d_movo.npy,"(0, 1, 2)","(300, 400, 400)",0.0019249985925853252,1.1694151908159256e-05,2.1398002853067046,0.08878456708043814,0.33113287994638085,,,,0.01737688109278679,0.04638908617198467,239.83205369537455,0.0033270755554369006,72084.94357858988,72084.5446078028
xray_tsvdmi_80_dct_012_4_run1,False,xray,tsvdmi,80,dct,012,4,run1,,,,,,,,,,,,,,,,,,,,,,
xray_tsvdmi_80_dct_012_4_run2,False,xray,tsvdmi,80,dct,012,4,run2,,,,,,,,,,,,,,,,,,,,,,
xray_tsvdmi_80_dct_012_4_run3,False,xray,tsvdmi,80,dct,012,4,run3,,,,,,,,,,,,,,,,,,,,,,
xray_tsvdmi_80_dct_012_64_run1,True,xray,tsvdmi,80,dct,012,64,run1,tsvdmi,dct,80,None,xray,/lus/flare/projects/DFTCalc2/starM-HPC/starMData/xray/z3d_movo.npy,"(0, 1, 2)","(300, 400, 400)",0.0019418192096054554,1.188274472951889e-05,2.1398002853067046,0.08603286882862449,0.24183723516762257,,,,0.013644794933497906,0.03929203003644943,239.8320536953745,0.0033270755554369244,72084.94357858934,72084.54460780277
xray_tsvdmi_80_dct_012_64_run2,True,xray,tsvdmi,80,dct,012,64,run2,tsvdmi,dct,80,None,xray,/lus/flare/projects/DFTCalc2/starM-HPC/starMData/xray/z3d_movo.npy,"(0, 1, 2)","(300, 400, 400)",0.00194849306717515,1.1635944247245789e-05,2.1398002853067046,0.08402330474928021,0.23802687507122755,,,,0.016825539991259575,0.03949272492900491,239.8320536953745,0.0033270755554369244,72084.94357858934,72084.54460780277
xray_tsvdmi_80_dct_012_64_run3,True,xray,tsvdmi,80,dct,012,64,run3,tsvdmi,dct,80,None,xray,/lus/flare/projects/DFTCalc2/starM-HPC/starMData/xray/z3d_movo.npy,"(0, 1, 2)","(300, 400, 400)",0.001966876909136772,1.3046897947788239e-05,2.1398002853067046,0.08532598009333014,0.2433748017065227,,,,0.01365245832130313,0.03931424394249916,239.8320536953745,0.0033270755554369244,72084.94357858934,72084.54460780277
xray_tsvdmi_80_dct_012_8_run1,False,xray,tsvdmi,80,dct,012,8,run1,,,,,,,,,,,,,,,,,,,,,,
xray_tsvdmi_80_dct_012_8_run2,False,xray,tsvdmi,80,dct,012,8,run2,,,,,,,,,,,,,,,,,,,,,,
xray_tsvdmi_80_dct_012_8_run3,False,xray,tsvdmi,80,dct,012,8,run3,,,,,,,,,,,,,,,,,,,,,,
xray_tsvdmii_0.0001_dct_012_16_run1,True,xray,tsvdmii,0.0001,dct,012,16,run1,tsvdmii,dct,None,0.0001,xray,/lus/flare/projects/DFTCalc2/starM-HPC/starMData/xray/z3d_movo.npy,"(0, 1, 2)","(300, 400, 400)",0.0019161920063197613,1.2342003174126148e-05,1.1901002699147412,0.10459611099213362,,0.1568363929982297,0.0071490049886051565,1.0703055530029815,0.1810982370225247,0.06261868099682033,7.204458735012354,9.994401573135303e-05,72084.9435785906,72084.94321856723
xray_tsvdmii_0.0001_dct_012_16_run2,True,xray,tsvdmii,0.0001,dct,012,16,run2,tsvdmii,dct,None,0.0001,xray,/lus/flare/projects/DFTCalc2/starM-HPC/starMData/xray/z3d_movo.npy,"(0, 1, 2)","(300, 400, 400)",0.001879929011920467,1.1329975677654147e-05,1.1901002699147412,0.10497700597625226,,0.1573563819983974,0.007024745980743319,1.0694843340024818,0.18216744798701257,0.06409852698561735,7.204458735012354,9.994401573135303e-05,72084.9435785906,72084.94321856723
xray_tsvdmii_0.0001_dct_012_16_run3,True,xray,tsvdmii,0.0001,dct,012,16,run3,tsvdmii,dct,None,0.0001,xray,/lus/flare/projects/DFTCalc2/starM-HPC/starMData/xray/z3d_movo.npy,"(0, 1, 2)","(300, 400, 400)",0.0018874320085160434,1.1840020306408405e-05,1.1901002699147412,0.105277300986927,,0.15666921599768102,0.006970357004320249,1.0725072880159132,0.1807314039906487,0.06424547001370229,7.204458735012354,9.994401573135303e-05,72084.9435785906,72084.94321856723
xray_tsvdmii_0.0001_dct_012_1_run1,True,xray,tsvdmii,0.0001,dct,012,1,run1,tsvdmii,dct,None,0.0001,xray,/lus/flare/projects/DFTCalc2/starM-HPC/starMData/xray/z3d_movo.npy,"(0, 1, 2)","(300, 400, 400)",0.0019193649932276458,1.2649994459934533e-05,1.1901002699147412,0.6742762130015763,,2.314862187995459,0.007044311001664028,15.892590806004591,0.3201034490048187,0.5797912809939589,7.20445873501233,9.994401573134281e-05,72084.94357859773,72084.94321856723
xray_tsvdmii_0.0001_dct_012_1_run2,True,xray,tsvdmii,0.0001,dct,012,1,run2,tsvdmii,dct,None,0.0001,xray,/lus/flare/projects/DFTCalc2/starM-HPC/starMData/xray/z3d_movo.npy,"(0, 1, 2)","(300, 400, 400)",0.0019619869999587536,1.1797004844993353e-05,1.1901002699147412,0.6791703460039571,,2.318311861003167,0.0070896279939915985,15.888110300002154,0.3225474640057655,0.5941358629934257,7.20445873501233,9.994401573134281e-05,72084.94357859773,72084.94321856723
xray_tsvdmii_0.0001_dct_012_1_run3,True,xray,tsvdmii,0.0001,dct,012,1,run3,tsvdmii,dct,None,0.0001,xray,/lus/flare/projects/DFTCalc2/starM-HPC/starMData/xray/z3d_movo.npy,"(0, 1, 2)","(300, 400, 400)",0.0019484200020087883,1.1162002920173109e-05,1.1901002699147412,0.6761076350085204,,2.314699382011895,0.007239939994178712,15.430621674997383,0.3135611909965519,0.5823510619957233,7.20445873501233,9.994401573134281e-05,72084.94357859773,72084.94321856723
xray_tsvdmii_0.0001_dct_012_2_run1,True,xray,tsvdmii,0.0001,dct,012,2,run1,tsvdmii,dct,None,0.0001,xray,/lus/flare/projects/DFTCalc2/starM-HPC/starMData/xray/z3d_movo.npy,"(0, 1, 2)","(300, 400, 400)",0.0019214339990867302,1.2218995834700763e-05,1.1901002699147412,0.36722332300269045,,1.1923656849976396,0.007065190002322197,8.018187986002886,0.23580726199725177,0.31224790499254595,7.20445873501237,9.994401573134775e-05,72084.94357859457,72084.94321856763
xray_tsvdmii_0.0001_dct_012_2_run2,True,xray,tsvdmii,0.0001,dct,012,2,run2,tsvdmii,dct,None,0.0001,xray,/lus/flare/projects/DFTCalc2/starM-HPC/starMData/xray/z3d_movo.npy,"(0, 1, 2)","(300, 400, 400)",0.0019247750024078414,1.1962998542003334e-05,1.1901002699147412,0.3681319360039197,,1.1822253169957548,0.006974994990741834,7.841017867001938,0.23334726601024158,0.3081144430034328,7.20445873501237,9.994401573134775e-05,72084.94357859457,72084.94321856763
xray_tsvdmii_0.0001_dct_012_2_run3,True,xray,tsvdmii,0.0001,dct,012,2,run3,tsvdmii,dct,None,0.0001,xray,/lus/flare/projects/DFTCalc2/starM-HPC/starMData/xray/z3d_movo.npy,"(0, 1, 2)","(300, 400, 400)",0.001931631995830685,1.1194002581760287e-05,1.1901002699147412,0.3688609539967729,,1.1822327190020587,0.007016439994913526,7.919962735002628,0.233165233003092,0.30793499200080987,7.20445873501237,9.994401573134775e-05,72084.94357859457,72084.94321856763
xray_tsvdmii_0.0001_dct_012_32_run1,True,xray,tsvdmii,0.0001,dct,012,32,run1,tsvdmii,dct,None,0.0001,xray,/lus/flare/projects/DFTCalc2/starM-HPC/starMData/xray/z3d_movo.npy,"(0, 1, 2)","(300, 400, 400)",0.0019010258838534355,1.0978896170854568e-05,1.1901002699147412,0.09003847884014249,,0.0934624383226037,0.006857623346149921,0.5982213700190187,0.17290248442441225,0.04570315312594175,7.204458735012353,9.994401573135401e-05,72084.94357858988,72084.94321856723
xray_tsvdmii_0.0001_dct_012_32_run2,True,xray,tsvdmii,0.0001,dct,012,32,run2,tsvdmii,dct,None,0.0001,xray,/lus/flare/projects/DFTCalc2/starM-HPC/starMData/xray/z3d_movo.npy,"(0, 1, 2)","(300, 400, 400)",0.0018818113021552563,1.0948162525892258e-05,1.1901002699147412,0.08899957500398159,,0.09135009115561843,0.007022195961326361,0.6013297303579748,0.17245777789503336,0.0465664709918201,7.204458735012353,9.994401573135401e-05,72084.94357858988,72084.94321856723
xray_tsvdmii_0.0001_dct_012_32_run3,True,xray,tsvdmii,0.0001,dct,012,32,run3,tsvdmii,dct,None,0.0001,xray,/lus/flare/projects/DFTCalc2/starM-HPC/starMData/xray/z3d_movo.npy,"(0, 1, 2)","(300, 400, 400)",0.001858225092291832,1.1208001524209976e-05,1.1901002699147412,0.0881926161237061,,0.09397929580882192,0.006801988929510117,0.5972630409523845,0.17207585973665118,0.04362872475758195,7.204458735012353,9.994401573135401e-05,72084.94357858988,72084.94321856723
xray_tsvdmii_0.0001_dct_012_4_run1,True,xray,tsvdmii,0.0001,dct,012,4,run1,tsvdmii,dct,None,0.0001,xray,/lus/flare/projects/DFTCalc2/starM-HPC/starMData/xray/z3d_movo.npy,"(0, 1, 2)","(300, 400, 400)",0.0018809729954227805,1.0845018550753593e-05,1.1901002699147412,0.21558508899761364,,0.5926910569833126,0.007010544999502599,4.014165833010338,0.20160548598505557,0.1681005039718002,7.204458735012364,9.994401573134959e-05,72084.94357859317,72084.94321856741
xray_tsvdmii_0.0001_dct_012_4_run2,True,xray,tsvdmii,0.0001,dct,012,4,run2,tsvdmii,dct,None,0.0001,xray,/lus/flare/projects/DFTCalc2/starM-HPC/starMData/xray/z3d_movo.npy,"(0, 1, 2)","(300, 400, 400)",0.0018955089908558875,1.0315998224541545e-05,1.1901002699147412,0.21583514401572756,,0.5940248999977484,0.006947395013412461,3.9641181110055186,0.20239889397635125,0.16972537702531554,7.204458735012364,9.994401573134959e-05,72084.94357859317,72084.94321856741
xray_tsvdmii_0.0001_dct_012_4_run3,True,xray,tsvdmii,0.0001,dct,012,4,run3,tsvdmii,dct,None,0.0001,xray,/lus/flare/projects/DFTCalc2/starM-HPC/starMData/xray/z3d_movo.npy,"(0, 1, 2)","(300, 400, 400)",0.0018988410010933876,1.1441996321082115e-05,1.1901002699147412,0.21512544801225886,,0.5922776680090465,0.007018656993750483,4.031241537973983,0.20301082500373013,0.1704263790161349,7.204458735012364,9.994401573134959e-05,72084.94357859317,72084.94321856741
xray_tsvdmii_0.0001_dct_012_64_run1,True,xray,tsvdmii,0.0001,dct,012,64,run1,tsvdmii,dct,None,0.0001,xray,/lus/flare/projects/DFTCalc2/starM-HPC/starMData/xray/z3d_movo.npy,"(0, 1, 2)","(300, 400, 400)",0.001974700950086117,1.2349337339401245e-05,1.1901002699147412,0.08566958084702492,,0.09236186230555177,0.00787359569221735,0.4520053081214428,0.18255655001848936,0.03894274728372693,7.204458735012353,9.994401573135475e-05,72084.94357858934,72084.94321856723
xray_tsvdmii_0.0001_dct_012_64_run2,True,xray,tsvdmii,0.0001,dct,012,64,run2,tsvdmii,dct,None,0.0001,xray,/lus/flare/projects/DFTCalc2/starM-HPC/starMData/xray/z3d_movo.npy,"(0, 1, 2)","(300, 400, 400)",0.0019420823082327843,1.3067387044429779e-05,1.1901002699147412,0.08250923780724406,,0.09072526125237346,0.0077519649639725685,0.4348792862147093,0.18329350696876645,0.03802187321707606,7.204458735012353,9.994401573135475e-05,72084.94357858934,72084.94321856723
xray_tsvdmii_0.0001_dct_012_64_run3,True,xray,tsvdmii,0.0001,dct,012,64,run3,tsvdmii,dct,None,0.0001,xray,/lus/flare/projects/DFTCalc2/starM-HPC/starMData/xray/z3d_movo.npy,"(0, 1, 2)","(300, 400, 400)",0.001939423382282257,1.2157950550317764e-05,1.1901002699147412,0.08315355610102415,,0.0969512821175158,0.007715304847806692,0.43785957572981715,0.18274763505905867,0.03749006101861596,7.204458735012353,9.994401573135475e-05,72084.94357858934,72084.94321856723
xray_tsvdmii_0.0001_dct_012_8_run1,True,xray,tsvdmii,0.0001,dct,012,8,run1,tsvdmii,dct,None,0.0001,xray,/lus/flare/projects/DFTCalc2/starM-HPC/starMData/xray/z3d_movo.npy,"(0, 1, 2)","(300, 400, 400)",0.0019459239847492427,1.1455005733296275e-05,1.1901002699147412,0.13936712601571344,,0.2997535140020773,0.006794824003009126,2.0974306679854635,0.17856696498347446,0.09360431600362062,7.204458735012352,9.994401573135135e-05,72084.94357859179,72084.94321856723
xray_tsvdmii_0.0001_dct_012_8_run2,True,xray,tsvdmii,0.0001,dct,012,8,run2,tsvdmii,dct,None,0.0001,xray,/lus/flare/projects/DFTCalc2/starM-HPC/starMData/xray/z3d_movo.npy,"(0, 1, 2)","(300, 400, 400)",0.0019362489983905107,1.2886972399428487e-05,1.1901002699147412,0.14004540498717688,,0.3018872379907407,0.006827089993748814,2.0936494930065237,0.17921835099696182,0.0937286969856359,7.204458735012352,9.994401573135135e-05,72084.94357859179,72084.94321856723
xray_tsvdmii_0.0001_dct_012_8_run3,True,xray,tsvdmii,0.0001,dct,012,8,run3,tsvdmii,dct,None,0.0001,xray,/lus/flare/projects/DFTCalc2/starM-HPC/starMData/xray/z3d_movo.npy,"(0, 1, 2)","(300, 400, 400)",0.0019534919993020594,1.2759992387145758e-05,1.1901002699147412,0.13912042800802737,,0.30058117100270465,0.006799949973355979,2.094565147999674,0.17833829199662432,0.0932507420075126,7.204458735012352,9.994401573135135e-05,72084.94357859179,72084.94321856723
xray_tsvdmii_0.001_dct_012_16_run1,False,xray,tsvdmii,0.001,dct,012,16,run1,,,,,,,,,,,,,,,,,,,,,,
xray_tsvdmii_0.001_dct_012_16_run2,False,xray,tsvdmii,0.001,dct,012,16,run2,,,,,,,,,,,,,,,,,,,,,,
xray_tsvdmii_0.001_dct_012_16_run3,False,xray,tsvdmii,0.001,dct,012,16,run3,,,,,,,,,,,,,,,,,,,,,,
xray_tsvdmii_0.001_dct_012_1_run1,False,xray,tsvdmii,0.001,dct,012,1,run1,,,,,,,,,,,,,,,,,,,,,,
xray_tsvdmii_0.001_dct_012_1_run2,False,xray,tsvdmii,0.001,dct,012,1,run2,,,,,,,,,,,,,,,,,,,,,,
xray_tsvdmii_0.001_dct_012_1_run3,False,xray,tsvdmii,0.001,dct,012,1,run3,,,,,,,,,,,,,,,,,,,,,,
xray_tsvdmii_0.001_dct_012_2_run1,False,xray,tsvdmii,0.001,dct,012,2,run1,,,,,,,,,,,,,,,,,,,,,,
xray_tsvdmii_0.001_dct_012_2_run2,False,xray,tsvdmii,0.001,dct,012,2,run2,,,,,,,,,,,,,,,,,,,,,,
xray_tsvdmii_0.001_dct_012_2_run3,False,xray,tsvdmii,0.001,dct,012,2,run3,,,,,,,,,,,,,,,,,,,,,,
xray_tsvdmii_0.001_dct_012_32_run1,True,xray,tsvdmii,0.001,dct,012,32,run1,tsvdmii,dct,None,0.001,xray,/lus/flare/projects/DFTCalc2/starM-HPC/starMData/xray/z3d_movo.npy,"(0, 1, 2)","(300, 400, 400)",0.0018701544031500816,1.095794141292572e-05,1.5419205802966707,0.08965655928477645,,0.09371980419382453,0.006798003800213337,0.5077281002886593,0.15683566220104694,0.04384070821106434,72.07835483885114,0.0009999085975598836,72084.94357858988,72084.90754269615
xray_tsvdmii_0.001_dct_012_32_run2,True,xray,tsvdmii,0.001,dct,012,32,run2,tsvdmii,dct,None,0.001,xray,/lus/flare/projects/DFTCalc2/starM-HPC/starMData/xray/z3d_movo.npy,"(0, 1, 2)","(300, 400, 400)",0.0018738219514489174,1.124013215303421e-05,1.5419205802966707,0.08848534291610122,,0.09135020291432738,0.006841628346592188,0.5046573709696531,0.15754230087623,0.04675744008272886,72.07835483885114,0.0009999085975598836,72084.94357858988,72084.90754269615
xray_tsvdmii_0.001_dct_012_32_run3,True,xray,tsvdmii,0.001,dct,012,32,run3,tsvdmii,dct,None,0.001,xray,/lus/flare/projects/DFTCalc2/starM-HPC/starMData/xray/z3d_movo.npy,"(0, 1, 2)","(300, 400, 400)",0.0018692361190915108,1.077679917216301e-05,1.5419205802966707,0.08899909211322665,,0.09539988311007619,0.006905578076839447,0.5013652383349836,0.1574124228209257,0.04421708965674043,72.07835483885114,0.0009999085975598836,72084.94357858988,72084.90754269615
xray_tsvdmii_0.001_dct_012_4_run1,False,xray,tsvdmii,0.001,dct,012,4,run1,,,,,,,,,,,,,,,,,,,,,,
xray_tsvdmii_0.001_dct_012_4_run2,False,xray,tsvdmii,0.001,dct,012,4,run2,,,,,,,,,,,,,,,,,,,,,,
xray_tsvdmii_0.001_dct_012_4_run3,False,xray,tsvdmii,0.001,dct,012,4,run3,,,,,,,,,,,,,,,,,,,,,,
xray_tsvdmii_0.001_dct_012_64_run1,True,xray,tsvdmii,0.001,dct,012,64,run1,tsvdmii,dct,None,0.001,xray,/lus/flare/projects/DFTCalc2/starM-HPC/starMData/xray/z3d_movo.npy,"(0, 1, 2)","(300, 400, 400)",0.0019341451115906239,1.323409378528595e-05,1.5419205802966707,0.08426377968862653,,0.09555858001112938,0.007850284222513437,0.36465272260829806,0.16466996306553483,0.038743811659514904,72.07835483885114,0.000999908597559891,72084.94357858934,72084.90754269614
xray_tsvdmii_0.001_dct_012_64_run2,True,xray,tsvdmii,0.001,dct,012,64,run2,tsvdmii,dct,None,0.001,xray,/lus/flare/projects/DFTCalc2/starM-HPC/starMData/xray/z3d_movo.npy,"(0, 1, 2)","(300, 400, 400)",0.0019487100653350353,1.2042000889778137e-05,1.5419205802966707,0.10030568297952414,,0.09206890501081944,0.007780921645462513,0.36214896431192756,0.16706517105922103,0.03932391991838813,72.07835483885114,0.000999908597559891,72084.94357858934,72084.90754269614
xray_tsvdmii_0.001_dct_012_64_run3,True,xray,tsvdmii,0.001,dct,012,64,run3,tsvdmii,dct,None,0.001,xray,/lus/flare/projects/DFTCalc2/starM-HPC/starMData/xray/z3d_movo.npy,"(0, 1, 2)","(300, 400, 400)",0.0019545932300388813,1.2164004147052765e-05,1.5419205802966707,0.08211397286504507,,0.09831798309460282,0.007706047967076302,0.35185927897691727,0.16708977287635207,0.03889573970809579,72.07835483885114,0.000999908597559891,72084.94357858934,72084.90754269614
xray_tsvdmii_0.001_dct_012_8_run1,False,xray,tsvdmii,0.001,dct,012,8,run1,,,,,,,,,,,,,,,,,,,,,,
xray_tsvdmii_0.001_dct_012_8_run2,False,xray,tsvdmii,0.001,dct,012,8,run2,,,,,,,,,,,,,,,,,,,,,,
xray_tsvdmii_0.001_dct_012_8_run3,False,xray,tsvdmii,0.001,dct,012,8,run3,,,,,,,,,,,,,,,,,,,,,,
xray_tsvdmii_0.01_dct_012_16_run1,True,xray,tsvdmii,0.01,dct,012,16,run1,tsvdmii,dct,None,0.01,xray,/lus/flare/projects/DFTCalc2/starM-HPC/starMData/xray/z3d_movo.npy,"(0, 1, 2)","(300, 400, 400)",0.0018986929790116847,1.1532014468684793e-05,11.508169601649504,0.10520941199501976,,0.15586834598798305,0.00700272701214999,0.285117502004141,0.1140747610188555,0.0638826770009473,720.7035337653855,0.009997975970940987,72084.9435785906,72081.34070024437
xray_tsvdmii_0.01_dct_012_16_run2,True,xray,tsvdmii,0.01,dct,012,16,run2,tsvdmii,dct,None,0.01,xray,/lus/flare/projects/DFTCalc2/starM-HPC/starMData/xray/z3d_movo.npy,"(0, 1, 2)","(300, 400, 400)",0.001886607991764322,1.115200575441122e-05,11.508169601649504,0.107290779997129,,0.15568922201055102,0.0070553340192418545,0.2912157959945034,0.11274921600124799,0.06373676500516012,720.7035337653855,0.009997975970940987,72084.9435785906,72081.34070024437
xray_tsvdmii_0.01_dct_012_16_run3,True,xray,tsvdmii,0.01,dct,012,16,run3,tsvdmii,dct,None,0.01,xray,/lus/flare/projects/DFTCalc2/starM-HPC/starMData/xray/z3d_movo.npy,"(0, 1, 2)","(300, 400, 400)",0.0018777119985315949,1.0617019142955542e-05,11.508169601649504,0.10429062601178885,,0.15767688601044938,0.006961164006497711,0.2880439029831905,0.10860593398683704,0.06941621899022721,720.7035337653855,0.009997975970940987,72084.9435785906,72081.34070024437
xray_tsvdmii_0.01_dct_012_1_run1,True,xray,tsvdmii,0.01,dct,012,1,run1,tsvdmii,dct,None,0.01,xray,/lus/flare/projects/DFTCalc2/starM-HPC/starMData/xray/z3d_movo.npy,"(0, 1, 2)","(300, 400, 400)",0.001938349989359267,1.2996999430470169e-05,11.508169601649504,0.6580363050015876,,2.1402033069898607,0.007002009006100707,3.5329939479997847,0.12250809499528259,0.5811608660005732,720.7035337653837,0.009997975970939972,72084.94357859773,72081.34070024478
xray_tsvdmii_0.01_dct_012_1_run2,True,xray,tsvdmii,0.01,dct,012,1,run2,tsvdmii,dct,None,0.01,xray,/lus/flare/projects/DFTCalc2/starM-HPC/starMData/xray/z3d_movo.npy,"(0, 1, 2)","(300, 400, 400)",0.0019396959978621453,1.1088995961472392e-05,11.508169601649504,0.6738276700052666,,2.317429396993248,0.007064118006383069,3.5879471889929846,0.11884639201161917,0.5811559329886222,720.7035337653837,0.009997975970939972,72084.94357859773,72081.34070024478
xray_tsvdmii_0.01_dct_012_1_run3,True,xray,tsvdmii,0.01,dct,012,1,run3,tsvdmii,dct,None,0.01,xray,/lus/flare/projects/DFTCalc2/starM-HPC/starMData/xray/z3d_movo.npy,"(0, 1, 2)","(300, 400, 400)",0.0019450379913905635,1.1395008186809719e-05,11.508169601649504,0.6737963760097045,,2.100730268008192,0.007039511998300441,3.5757033490081085,0.1227670259977458,0.5818280189996585,720.7035337653837,0.009997975970939972,72084.94357859773,72081.34070024478
xray_tsvdmii_0.01_dct_012_2_run1,True,xray,tsvdmii,0.01,dct,012,2,run1,tsvdmii,dct,None,0.01,xray,/lus/flare/projects/DFTCalc2/starM-HPC/starMData/xray/z3d_movo.npy,"(0, 1, 2)","(300, 400, 400)",0.0019191309984307736,1.1481010005809367e-05,11.508169601649504,0.3673482710000826,,1.1828860969981179,0.006973328010644764,2.0562895589973778,0.12053016100253444,0.3124005810095696,720.703533765387,0.009997975970940456,72084.94357859457,72081.34070024418
xray_tsvdmii_0.01_dct_012_2_run2,True,xray,tsvdmii,0.01,dct,012,2,run2,tsvdmii,dct,None,0.01,xray,/lus/flare/projects/DFTCalc2/starM-HPC/starMData/xray/z3d_movo.npy,"(0, 1, 2)","(300, 400, 400)",0.001911782004754059,1.213999348692596e-05,11.508169601649504,0.3686413730029017,,1.1822613719996298,0.006978776000323705,2.071541283992701,0.11982554600399453,0.3115743270027451,720.703533765387,0.009997975970940456,72084.94357859457,72081.34070024418
xray_tsvdmii_0.01_dct_012_2_run3,True,xray,tsvdmii,0.01,dct,012,2,run3,tsvdmii,dct,None,0.01,xray,/lus/flare/projects/DFTCalc2/starM-HPC/starMData/xray/z3d_movo.npy,"(0, 1, 2)","(300, 400, 400)",0.001913598011014983,1.2019998393952847e-05,11.508169601649504,0.36719963200448547,,1.181986562005477,0.006938341990462504,2.0323818939941702,0.12253649299964309,0.3118530079955235,720.703533765387,0.009997975970940456,72084.94357859457,72081.34070024418
xray_tsvdmii_0.01_dct_012_32_run1,True,xray,tsvdmii,0.01,dct,012,32,run1,tsvdmii,dct,None,0.01,xray,/lus/flare/projects/DFTCalc2/starM-HPC/starMData/xray/z3d_movo.npy,"(0, 1, 2)","(300, 400, 400)",0.0018743658438324928,1.2349803000688553e-05,11.508169601649504,0.08827769104391336,,0.0928031736984849,0.0068428427912294865,0.15277865808457136,0.11117777321487665,0.04702423792332411,720.7035337653855,0.009997975970941085,72084.94357858988,72081.34070024436
xray_tsvdmii_0.01_dct_012_32_run2,True,xray,tsvdmii,0.01,dct,012,32,run2,tsvdmii,dct,None,0.01,xray,/lus/flare/projects/DFTCalc2/starM-HPC/starMData/xray/z3d_movo.npy,"(0, 1, 2)","(300, 400, 400)",0.0016981340013444424,1.0596122592687607e-05,11.508169601649504,0.08816340891644359,,0.0965823195874691,0.007030840031802654,0.1505531519651413,0.11094537284225225,0.04591096192598343,720.7035337653855,0.009997975970941085,72084.94357858988,72081.34070024436
xray_tsvdmii_0.01_dct_012_32_run3,True,xray,tsvdmii,0.01,dct,012,32,run3,tsvdmii,dct,None,0.01,xray,/lus/flare/projects/DFTCalc2/starM-HPC/starMData/xray/z3d_movo.npy,"(0, 1, 2)","(300, 400, 400)",0.0019416408613324165,1.2625940144062042e-05,11.508169601649504,0.08948715589940548,,0.09706994239240885,0.007048388943076134,0.14980949880555272,0.11135138431563973,0.04574868781492114,720.7035337653855,0.009997975970941085,72084.94357858988,72081.34070024436
xray_tsvdmii_0.01_dct_012_4_run1,True,xray,tsvdmii,0.01,dct,012,4,run1,tsvdmii,dct,None,0.01,xray,/lus/flare/projects/DFTCalc2/starM-HPC/starMData/xray/z3d_movo.npy,"(0, 1, 2)","(300, 400, 400)",0.0018685950199142098,1.135998172685504e-05,11.508169601649504,0.21334679398569278,,0.5922633950249292,0.007033378002233803,1.0701480959833134,0.1179611409897916,0.16880798200145364,720.7035337653866,0.009997975970940645,72084.94357859317,72081.34070024439
xray_tsvdmii_0.01_dct_012_4_run2,True,xray,tsvdmii,0.01,dct,012,4,run2,tsvdmii,dct,None,0.01,xray,/lus/flare/projects/DFTCalc2/starM-HPC/starMData/xray/z3d_movo.npy,"(0, 1, 2)","(300, 400, 400)",0.0018774839991237968,1.0809017112478614e-05,11.508169601649504,0.21397223300300539,,0.5959379919804633,0.0069777620083186775,1.0817195790004916,0.11898132201167755,0.16459524701349437,720.7035337653866,0.009997975970940645,72084.94357859317,72081.34070024439
xray_tsvdmii_0.01_dct_012_4_run3,True,xray,tsvdmii,0.01,dct,012,4,run3,tsvdmii,dct,None,0.01,xray,/lus/flare/projects/DFTCalc2/starM-HPC/starMData/xray/z3d_movo.npy,"(0, 1, 2)","(300, 400, 400)",0.0018665700044948608,1.098698703572154e-05,11.508169601649504,0.21589399100048468,,0.5920223690045532,0.006946811015950516,1.069300897011999,0.11780043199541979,0.16638752399012446,720.7035337653866,0.009997975970940645,72084.94357859317,72081.34070024439
xray_tsvdmii_0.01_dct_012_64_run1,True,xray,tsvdmii,0.01,dct,012,64,run1,tsvdmii,dct,None,0.01,xray,/lus/flare/projects/DFTCalc2/starM-HPC/starMData/xray/z3d_movo.npy,"(0, 1, 2)","(300, 400, 400)",0.0019320030696690083,1.1467840522527695e-05,11.508169601649504,0.0823948122560978,,0.09177997102960944,0.0077865538187325,0.09373563900589943,0.12982070306316018,0.05485739791765809,720.7035337653854,0.009997975970941158,72084.94357858934,72081.34070024436
xray_tsvdmii_0.01_dct_012_64_run2,True,xray,tsvdmii,0.01,dct,012,64,run2,tsvdmii,dct,None,0.01,xray,/lus/flare/projects/DFTCalc2/starM-HPC/starMData/xray/z3d_movo.npy,"(0, 1, 2)","(300, 400, 400)",0.0019515380263328552,1.1487863957881927e-05,11.508169601649504,0.08475524699315429,,0.09663769789040089,0.007809214759618044,0.09288452565670013,0.12844292307272553,0.039987457916140556,720.7035337653854,0.009997975970941158,72084.94357858934,72081.34070024436
xray_tsvdmii_0.01_dct_012_64_run3,True,xray,tsvdmii,0.01,dct,012,64,run3,tsvdmii,dct,None,0.01,xray,/lus/flare/projects/DFTCalc2/starM-HPC/starMData/xray/z3d_movo.npy,"(0, 1, 2)","(300, 400, 400)",0.0019474760629236698,1.2042000889778137e-05,11.508169601649504,0.08241653675213456,,0.09680812293663621,0.0075875273905694485,0.09247378865256906,0.12730703176930547,0.03842384973540902,720.7035337653854,0.009997975970941158,72084.94357858934,72081.34070024436
xray_tsvdmii_0.01_dct_012_8_run1,True,xray,tsvdmii,0.01,dct,012,8,run1,tsvdmii,dct,None,0.01,xray,/lus/flare/projects/DFTCalc2/starM-HPC/starMData/xray/z3d_movo.npy,"(0, 1, 2)","(300, 400, 400)",0.0017616440018173307,1.2390984920784831e-05,11.508169601649504,0.13983836499392055,,0.29858823100221343,0.006803479016525671,0.5542492640088312,0.10459341597743332,0.09361722701578401,720.7035337653854,0.009997975970940818,72084.94357859179,72081.34070024443
xray_tsvdmii_0.01_dct_012_8_run2,True,xray,tsvdmii,0.01,dct,012,8,run2,tsvdmii,dct,None,0.01,xray,/lus/flare/projects/DFTCalc2/starM-HPC/starMData/xray/z3d_movo.npy,"(0, 1, 2)","(300, 400, 400)",0.001939667999977246,1.1943018762394786e-05,11.508169601649504,0.13947287100018002,,0.2991658829851076,0.006924887013155967,0.5539019099960569,0.10381669198977761,0.0931833420181647,720.7035337653854,0.009997975970940818,72084.94357859179,72081.34070024443
xray_tsvdmii_0.01_dct_012_8_run3,True,xray,tsvdmii,0.01,dct,012,8,run3,tsvdmii,dct,None,0.01,xray,/lus/flare/projects/DFTCalc2/starM-HPC/starMData/xray/z3d_movo.npy,"(0, 1, 2)","(300, 400, 400)",0.0019487660028971732,1.209098263643682e-05,11.508169601649504,0.1391097480081953,,0.29985645998385735,0.006823754985816777,0.5614023730158806,0.10731298101018183,0.09282711800187826,720.7035337653854,0.009997975970940818,72084.94357859179,72081.34070024443
xray_tsvdmii_0.025_dct_012_16_run1,False,xray,tsvdmii,0.025,dct,012,16,run1,,,,,,,,,,,,,,,,,,,,,,
xray_tsvdmii_0.025_dct_012_16_run2,False,xray,tsvdmii,0.025,dct,012,16,run2,,,,,,,,,,,,,,,,,,,,,,
xray_tsvdmii_0.025_dct_012_16_run3,False,xray,tsvdmii,0.025,dct,012,16,run3,,,,,,,,,,,,,,,,,,,,,,
xray_tsvdmii_0.025_dct_012_1_run1,False,xray,tsvdmii,0.025,dct,012,1,run1,,,,,,,,,,,,,,,,,,,,,,
xray_tsvdmii_0.025_dct_012_1_run2,False,xray,tsvdmii,0.025,dct,012,1,run2,,,,,,,,,,,,,,,,,,,,,,
xray_tsvdmii_0.025_dct_012_1_run3,False,xray,tsvdmii,0.025,dct,012,1,run3,,,,,,,,,,,,,,,,,,,,,,
xray_tsvdmii_0.025_dct_012_2_run1,False,xray,tsvdmii,0.025,dct,012,2,run1,,,,,,,,,,,,,,,,,,,,,,
xray_tsvdmii_0.025_dct_012_2_run2,False,xray,tsvdmii,0.025,dct,012,2,run2,,,,,,,,,,,,,,,,,,,,,,
xray_tsvdmii_0.025_dct_012_2_run3,False,xray,tsvdmii,0.025,dct,012,2,run3,,,,,,,,,,,,,,,,,,,,,,
xray_tsvdmii_0.025_dct_012_32_run1,True,xray,tsvdmii,0.025,dct,012,32,run1,tsvdmii,dct,None,0.025,xray,/lus/flare/projects/DFTCalc2/starM-HPC/starMData/xray/z3d_movo.npy,"(0, 1, 2)","(300, 400, 400)",0.0018687183037400246,1.0379590094089508e-05,21.925587297411,0.08783130999654531,,0.0934847379103303,0.006825248245149851,0.11466232780367136,0.11223471583798528,0.0461249053478241,1800.0314618831608,0.024970976913101066,72084.94357858988,72062.46580200069
xray_tsvdmii_0.025_dct_012_32_run2,True,xray,tsvdmii,0.025,dct,012,32,run2,tsvdmii,dct,None,0.025,xray,/lus/flare/projects/DFTCalc2/starM-HPC/starMData/xray/z3d_movo.npy,"(0, 1, 2)","(300, 400, 400)",0.0018674759194254875,1.1712312698364258e-05,21.925587297411,0.09094504686072469,,0.09661545092239976,0.00689835986122489,0.11604374879971147,0.11112224403768778,0.046296526212245226,1800.0314618831608,0.024970976913101066,72084.94357858988,72062.46580200069
xray_tsvdmii_0.025_dct_012_32_run3,True,xray,tsvdmii,0.025,dct,012,32,run3,tsvdmii,dct,None,0.025,xray,/lus/flare/projects/DFTCalc2/starM-HPC/starMData/xray/z3d_movo.npy,"(0, 1, 2)","(300, 400, 400)",0.0018753590993583202,1.0042916983366013e-05,21.925587297411,0.08898656768724322,,0.09202411118894815,0.006812485866248608,0.11638842104002833,0.11365030379965901,0.0471048578619957,1800.0314618831608,0.024970976913101066,72084.94357858988,72062.46580200069
xray_tsvdmii_0.025_dct_012_4_run1,False,xray,tsvdmii,0.025,dct,012,4,run1,,,,,,,,,,,,,,,,,,,,,,
xray_tsvdmii_0.025_dct_012_4_run2,False,xray,tsvdmii,0.025,dct,012,4,run2,,,,,,,,,,,,,,,,,,,,,,
xray_tsvdmii_0.025_dct_012_4_run3,False,xray,tsvdmii,0.025,dct,012,4,run3,,,,,,,,,,,,,,,,,,,,,,
xray_tsvdmii_0.025_dct_012_64_run1,True,xray,tsvdmii,0.025,dct,012,64,run1,tsvdmii,dct,None,0.025,xray,/lus/flare/projects/DFTCalc2/starM-HPC/starMData/xray/z3d_movo.npy,"(0, 1, 2)","(300, 400, 400)",0.0019439160823822021,1.1276919394731522e-05,21.925587297411,0.08263475401327014,,0.09708023304119706,0.0077713062055408955,0.07029133103787899,0.14623688673600554,0.03945196606218815,1800.0314618831605,0.024970976913101246,72084.94357858934,72062.46580200068
xray_tsvdmii_0.025_dct_012_64_run2,True,xray,tsvdmii,0.025,dct,012,64,run2,tsvdmii,dct,None,0.025,xray,/lus/flare/projects/DFTCalc2/starM-HPC/starMData/xray/z3d_movo.npy,"(0, 1, 2)","(300, 400, 400)",0.0017740670591592789,1.3248994946479797e-05,21.925587297411,0.08190218778327107,,0.09577017184346914,0.008191244211047888,0.07027380028739572,0.1467835740186274,0.0383191742002964,1800.0314618831605,0.024970976913101246,72084.94357858934,72062.46580200068
xray_tsvdmii_0.025_dct_012_64_run3,True,xray,tsvdmii,0.025,dct,012,64,run3,tsvdmii,dct,None,0.025,xray,/lus/flare/projects/DFTCalc2/starM-HPC/starMData/xray/z3d_movo.npy,"(0, 1, 2)","(300, 400, 400)",0.0017603961750864983,1.3035256415605545e-05,21.925587297411,0.08283201698213816,,0.09106158372014761,0.007764228153973818,0.07055721618235111,0.1481500077061355,0.03973359474912286,1800.0314618831605,0.024970976913101246,72084.94357858934,72062.46580200068
xray_tsvdmii_0.025_dct_012_8_run1,False,xray,tsvdmii,0.025,dct,012,8,run1,,,,,,,,,,,,,,,,,,,,,,
xray_tsvdmii_0.025_dct_012_8_run2,False,xray,tsvdmii,0.025,dct,012,8,run2,,,,,,,,,,,,,,,,,,,,,,
xray_tsvdmii_0.025_dct_012_8_run3,False,xray,tsvdmii,0.025,dct,012,8,run3,,,,,,,,,,,,,,,,,,,,,,
xray_tsvdmii_0.050_dct_012_16_run1,True,xray,tsvdmii,0.050,dct,012,16,run1,tsvdmii,dct,None,0.05,xray,/lus/flare/projects/DFTCalc2/starM-HPC/starMData/xray/z3d_movo.npy,"(0, 1, 2)","(300, 400, 400)",0.0018642209761310369,1.052400330081582e-05,30.85786801704126,0.1069689349969849,,0.15622681699460372,0.006986446009250358,0.19472335200407542,0.1097613169986289,0.06212220902671106,3600.9896455621083,0.049954809795143,72084.9435785906,71994.94401901317
xray_tsvdmii_0.050_dct_012_16_run2,True,xray,tsvdmii,0.050,dct,012,16,run2,tsvdmii,dct,None,0.05,xray,/lus/flare/projects/DFTCalc2/starM-HPC/starMData/xray/z3d_movo.npy,"(0, 1, 2)","(300, 400, 400)",0.0018850690103136003,1.0720017598941922e-05,30.85786801704126,0.10515225399285555,,0.15753325299010612,0.006946176989004016,0.1946752030053176,0.10987498497706838,0.06274706200929359,3600.9896455621083,0.049954809795143,72084.9435785906,71994.94401901317
xray_tsvdmii_0.050_dct_012_16_run3,True,xray,tsvdmii,0.050,dct,012,16,run3,tsvdmii,dct,None,0.05,xray,/lus/flare/projects/DFTCalc2/starM-HPC/starMData/xray/z3d_movo.npy,"(0, 1, 2)","(300, 400, 400)",0.001865315978648141,1.0468997061252594e-05,30.85786801704126,0.10994534500059672,,0.15485962500679307,0.007019369979389012,0.19469165999908,0.10923727601766586,0.062126822012942284,3600.9896455621083,0.049954809795143,72084.9435785906,71994.94401901317
xray_tsvdmii_0.050_dct_012_1_run1,True,xray,tsvdmii,0.050,dct,012,1,run1,tsvdmii,dct,None,0.05,xray,/lus/flare/projects/DFTCalc2/starM-HPC/starMData/xray/z3d_movo.npy,"(0, 1, 2)","(300, 400, 400)",0.0019236240041209385,1.1612006346695125e-05,30.85786801704126,0.6752503489988158,,2.3176213209953858,0.007196145001216792,2.659511329999077,0.10385037599189673,0.5832493560010334,3600.9896455621,0.04995480979513795,72084.94357859773,71994.94401901332
xray_tsvdmii_0.050_dct_012_1_run2,True,xray,tsvdmii,0.050,dct,012,1,run2,tsvdmii,dct,None,0.05,xray,/lus/flare/projects/DFTCalc2/starM-HPC/starMData/xray/z3d_movo.npy,"(0, 1, 2)","(300, 400, 400)",0.001907908997964114,1.1939002433791757e-05,30.85786801704126,0.6576629150076769,,2.096915987000102,0.006916109996382147,2.654194554008427,0.10348242499458138,0.5831087170081446,3600.9896455621,0.04995480979513795,72084.94357859773,71994.94401901332
xray_tsvdmii_0.050_dct_012_1_run3,True,xray,tsvdmii,0.050,dct,012,1,run3,tsvdmii,dct,None,0.05,xray,/lus/flare/projects/DFTCalc2/starM-HPC/starMData/xray/z3d_movo.npy,"(0, 1, 2)","(300, 400, 400)",0.0019279109983472154,1.284400059375912e-05,30.85786801704126,0.6744829209928866,,2.2488161739893258,0.007085139994160272,2.6115909649961395,0.10291802100255154,0.5827438940032152,3600.9896455621,0.04995480979513795,72084.94357859773,71994.94401901332
xray_tsvdmii_0.050_dct_012_2_run1,True,xray,tsvdmii,0.050,dct,012,2,run1,tsvdmii,dct,None,0.05,xray,/lus/flare/projects/DFTCalc2/starM-HPC/starMData/xray/z3d_movo.npy,"(0, 1, 2)","(300, 400, 400)",0.0019421110046096146,1.0873001883737743e-05,30.85786801704126,0.36765256099170074,,1.1816984960023547,0.007015552997472696,1.5474951740034157,0.11400312799378298,0.31227455800399184,3600.989645562096,0.04995480979514008,72084.94357859457,71994.94401901324
xray_tsvdmii_0.050_dct_012_2_run2,True,xray,tsvdmii,0.050,dct,012,2,run2,tsvdmii,dct,None,0.05,xray,/lus/flare/projects/DFTCalc2/starM-HPC/starMData/xray/z3d_movo.npy,"(0, 1, 2)","(300, 400, 400)",0.0019321879954077303,1.1144002201035619e-05,30.85786801704126,0.37389720301143825,,1.1808772569929715,0.007011100999079645,1.5347460509947268,0.11344065300363582,0.3122363230068004,3600.989645562096,0.04995480979514008,72084.94357859457,71994.94401901324
xray_tsvdmii_0.050_dct_012_2_run3,True,xray,tsvdmii,0.050,dct,012,2,run3,tsvdmii,dct,None,0.05,xray,/lus/flare/projects/DFTCalc2/starM-HPC/starMData/xray/z3d_movo.npy,"(0, 1, 2)","(300, 400, 400)",0.0019279380067018792,1.153800985775888e-05,30.85786801704126,0.3676330739981495,,1.1817719990067417,0.00713216899021063,1.5106973650108557,0.1142265660018893,0.31226529300329275,3600.989645562096,0.04995480979514008,72084.94357859457,71994.94401901324
xray_tsvdmii_0.050_dct_012_32_run1,True,xray,tsvdmii,0.050,dct,012,32,run1,tsvdmii,dct,None,0.05,xray,/lus/flare/projects/DFTCalc2/starM-HPC/starMData/xray/z3d_movo.npy,"(0, 1, 2)","(300, 400, 400)",0.0018599368631839752,1.0746996849775314e-05,30.85786801704126,0.08723680023103952,,0.0980577259324491,0.006922722328454256,0.1032550809904933,0.1135525950230658,0.04618845880031586,3600.989645562108,0.049954809795143496,72084.94357858988,71994.9440190132
xray_tsvdmii_0.050_dct_012_32_run2,True,xray,tsvdmii,0.050,dct,012,32,run2,tsvdmii,dct,None,0.05,xray,/lus/flare/projects/DFTCalc2/starM-HPC/starMData/xray/z3d_movo.npy,"(0, 1, 2)","(300, 400, 400)",0.0018572709523141384,1.168297603726387e-05,30.85786801704126,0.08795342082157731,,0.09507948393002152,0.006913494784384966,0.10324272606521845,0.11642298987135291,0.04670023173093796,3600.989645562108,0.049954809795143496,72084.94357858988,71994.9440190132
xray_tsvdmii_0.050_dct_012_32_run3,True,xray,tsvdmii,0.050,dct,012,32,run3,tsvdmii,dct,None,0.05,xray,/lus/flare/projects/DFTCalc2/starM-HPC/starMData/xray/z3d_movo.npy,"(0, 1, 2)","(300, 400, 400)",0.0019558770582079887,1.3669021427631378e-05,30.85786801704126,0.09118756791576743,,0.09550558496266603,0.0070199002511799335,0.10424819774925709,0.11455133697018027,0.04712334368377924,3600.989645562108,0.049954809795143496,72084.94357858988,71994.9440190132
xray_tsvdmii_0.050_dct_012_4_run1,True,xray,tsvdmii,0.050,dct,012,4,run1,tsvdmii,dct,None,0.05,xray,/lus/flare/projects/DFTCalc2/starM-HPC/starMData/xray/z3d_movo.npy,"(0, 1, 2)","(300, 400, 400)",0.0018892470106948167,1.1474010534584522e-05,30.85786801704126,0.2180435820191633,,0.5949361160164699,0.007017388998065144,0.7624630419886671,0.11619892899761908,0.16607389101409353,3600.9896455621038,0.04995480979514116,72084.94357859317,71994.94401901326
xray_tsvdmii_0.050_dct_012_4_run2,True,xray,tsvdmii,0.050,dct,012,4,run2,tsvdmii,dct,None,0.05,xray,/lus/flare/projects/DFTCalc2/starM-HPC/starMData/xray/z3d_movo.npy,"(0, 1, 2)","(300, 400, 400)",0.001878882001619786,1.1672003893181682e-05,30.85786801704126,0.21426106401486322,,0.592458068014821,0.007015253999270499,0.7740444800001569,0.1153005700034555,0.16741432598792017,3600.9896455621038,0.04995480979514116,72084.94357859317,71994.94401901326
xray_tsvdmii_0.050_dct_012_4_run3,True,xray,tsvdmii,0.050,dct,012,4,run3,tsvdmii,dct,None,0.05,xray,/lus/flare/projects/DFTCalc2/starM-HPC/starMData/xray/z3d_movo.npy,"(0, 1, 2)","(300, 400, 400)",0.0018792830232996494,1.0953983291983604e-05,30.85786801704126,0.21641277099843137,,0.5917363190092146,0.006968738016439602,0.763121099997079,0.11600431500119157,0.16784512001322582,3600.9896455621038,0.04995480979514116,72084.94357859317,71994.94401901326
xray_tsvdmii_0.050_dct_012_64_run1,True,xray,tsvdmii,0.050,dct,012,64,run1,tsvdmii,dct,None,0.05,xray,/lus/flare/projects/DFTCalc2/starM-HPC/starMData/xray/z3d_movo.npy,"(0, 1, 2)","(300, 400, 400)",0.0019303420558571815,1.2331176549196243e-05,30.85786801704126,0.0823080618865788,,0.09758000494912267,0.007717764005064964,0.0625832611694932,0.16670198924839497,0.038257366977632046,3600.98964556211,0.0499548097951439,72084.94357858934,71994.94401901317
xray_tsvdmii_0.050_dct_012_64_run2,True,xray,tsvdmii,0.050,dct,012,64,run2,tsvdmii,dct,None,0.05,xray,/lus/flare/projects/DFTCalc2/starM-HPC/starMData/xray/z3d_movo.npy,"(0, 1, 2)","(300, 400, 400)",0.0019434187561273575,1.190975308418274e-05,30.85786801704126,0.08176200091838837,,0.09151621721684933,0.007717673201113939,0.06255677994340658,0.16694082925096154,0.039364604745060205,3600.98964556211,0.0499548097951439,72084.94357858934,71994.94401901317
xray_tsvdmii_0.050_dct_012_64_run3,True,xray,tsvdmii,0.050,dct,012,64,run3,tsvdmii,dct,None,0.05,xray,/lus/flare/projects/DFTCalc2/starM-HPC/starMData/xray/z3d_movo.npy,"(0, 1, 2)","(300, 400, 400)",0.0019299001432955265,1.2218952178955078e-05,30.85786801704126,0.08455314487218857,,0.0889221471734345,0.00792140606790781,0.06344162998721004,0.16740648308768868,0.03923762822523713,3600.98964556211,0.0499548097951439,72084.94357858934,71994.94401901317
xray_tsvdmii_0.050_dct_012_8_run1,True,xray,tsvdmii,0.050,dct,012,8,run1,tsvdmii,dct,None,0.05,xray,/lus/flare/projects/DFTCalc2/starM-HPC/starMData/xray/z3d_movo.npy,"(0, 1, 2)","(300, 400, 400)",0.001957846980076283,1.1038006050512195e-05,30.85786801704126,0.13928345800377429,,0.3006828789948486,0.006884534988785163,0.3876959490007721,0.10800016901339404,0.09314226001151837,3600.9896455621083,0.04995480979514218,72084.94357859179,71994.94401901319
xray_tsvdmii_0.050_dct_012_8_run2,True,xray,tsvdmii,0.050,dct,012,8,run2,tsvdmii,dct,None,0.05,xray,/lus/flare/projects/DFTCalc2/starM-HPC/starMData/xray/z3d_movo.npy,"(0, 1, 2)","(300, 400, 400)",0.0019426560029387474,1.2366013834252954e-05,30.85786801704126,0.13875260899658315,,0.3000655430078041,0.006847032986115664,0.387079211010132,0.1079237980011385,0.09332069699303247,3600.9896455621083,0.04995480979514218,72084.94357859179,71994.94401901319
xray_tsvdmii_0.050_dct_012_8_run3,True,xray,tsvdmii,0.050,dct,012,8,run3,tsvdmii,dct,None,0.05,xray,/lus/flare/projects/DFTCalc2/starM-HPC/starMData/xray/z3d_movo.npy,"(0, 1, 2)","(300, 400, 400)",0.00196072700782679,1.0813993867486715e-05,30.85786801704126,0.13949533499544486,,0.30213065299903974,0.006867449003038928,0.38836727300076745,0.10800624600960873,0.09307412299676798,3600.9896455621083,0.04995480979514218,72084.94357859179,71994.94401901319
xray_tsvdmii_0.1_dct_012_16_run1,False,xray,tsvdmii,0.1,dct,012,16,run1,,,,,,,,,,,,,,,,,,,,,,
xray_tsvdmii_0.1_dct_012_16_run2,False,xray,tsvdmii,0.1,dct,012,16,run2,,,,,,,,,,,,,,,,,,,,,,
xray_tsvdmii_0.1_dct_012_16_run3,False,xray,tsvdmii,0.1,dct,012,16,run3,,,,,,,,,,,,,,,,,,,,,,
xray_tsvdmii_0.1_dct_012_1_run1,False,xray,tsvdmii,0.1,dct,012,1,run1,,,,,,,,,,,,,,,,,,,,,,
xray_tsvdmii_0.1_dct_012_1_run2,False,xray,tsvdmii,0.1,dct,012,1,run2,,,,,,,,,,,,,,,,,,,,,,
xray_tsvdmii_0.1_dct_012_1_run3,False,xray,tsvdmii,0.1,dct,012,1,run3,,,,,,,,,,,,,,,,,,,,,,
xray_tsvdmii_0.1_dct_012_2_run1,False,xray,tsvdmii,0.1,dct,012,2,run1,,,,,,,,,,,,,,,,,,,,,,
xray_tsvdmii_0.1_dct_012_2_run2,False,xray,tsvdmii,0.1,dct,012,2,run2,,,,,,,,,,,,,,,,,,,,,,
xray_tsvdmii_0.1_dct_012_2_run3,False,xray,tsvdmii,0.1,dct,012,2,run3,,,,,,,,,,,,,,,,,,,,,,
xray_tsvdmii_0.1_dct_012_32_run1,True,xray,tsvdmii,0.1,dct,012,32,run1,tsvdmii,dct,None,0.1,xray,/lus/flare/projects/DFTCalc2/starM-HPC/starMData/xray/z3d_movo.npy,"(0, 1, 2)","(300, 400, 400)",0.0018526101484894753,1.2050848454236984e-05,51.17609053050415,0.08723909314721823,,0.09429510589689016,0.006884358823299408,0.09698668587952852,0.1270965631119907,0.04698974406346679,7197.334266281242,0.09984518137874965,72084.94357858988,71724.73401963722
xray_tsvdmii_0.1_dct_012_32_run2,True,xray,tsvdmii,0.1,dct,012,32,run2,tsvdmii,dct,None,0.1,xray,/lus/flare/projects/DFTCalc2/starM-HPC/starMData/xray/z3d_movo.npy,"(0, 1, 2)","(300, 400, 400)",0.001867068000137806,1.048203557729721e-05,51.17609053050415,0.08854254800826311,,0.09406799077987671,0.006828947924077511,0.09827197901904583,0.12632227409631014,0.04821571707725525,7197.334266281242,0.09984518137874965,72084.94357858988,71724.73401963722
xray_tsvdmii_0.1_dct_012_32_run3,True,xray,tsvdmii,0.1,dct,012,32,run3,tsvdmii,dct,None,0.1,xray,/lus/flare/projects/DFTCalc2/starM-HPC/starMData/xray/z3d_movo.npy,"(0, 1, 2)","(300, 400, 400)",0.0018621687777340412,1.1464115232229233e-05,51.17609053050415,0.08865624340251088,,0.0946862818673253,0.006858449894934893,0.09848797135055065,0.12980722822248936,0.047869536094367504,7197.334266281242,0.09984518137874965,72084.94357858988,71724.73401963722
xray_tsvdmii_0.1_dct_012_4_run1,False,xray,tsvdmii,0.1,dct,012,4,run1,,,,,,,,,,,,,,,,,,,,,,
xray_tsvdmii_0.1_dct_012_4_run2,False,xray,tsvdmii,0.1,dct,012,4,run2,,,,,,,,,,,,,,,,,,,,,,
xray_tsvdmii_0.1_dct_012_4_run3,False,xray,tsvdmii,0.1,dct,012,4,run3,,,,,,,,,,,,,,,,,,,,,,
xray_tsvdmii_0.1_dct_012_64_run1,True,xray,tsvdmii,0.1,dct,012,64,run1,tsvdmii,dct,None,0.1,xray,/lus/flare/projects/DFTCalc2/starM-HPC/starMData/xray/z3d_movo.npy,"(0, 1, 2)","(300, 400, 400)",0.00178590789437294,1.310231164097786e-05,51.17609053050415,0.08382721059024334,,0.09534202003851533,0.007748696021735668,0.060481779742985964,0.24050032533705235,0.039303510915488005,7197.334266281242,0.0998451813787504,72084.94357858934,71724.7340196372
xray_tsvdmii_0.1_dct_012_64_run2,True,xray,tsvdmii,0.1,dct,012,64,run2,tsvdmii,dct,None,0.1,xray,/lus/flare/projects/DFTCalc2/starM-HPC/starMData/xray/z3d_movo.npy,"(0, 1, 2)","(300, 400, 400)",0.0019437805749475956,1.3282988220453262e-05,51.17609053050415,0.08278765296563506,,0.09433647710829973,0.007895928341895342,0.06024970579892397,0.24108812678605318,0.03976419800892472,7197.334266281242,0.0998451813787504,72084.94357858934,71724.7340196372
xray_tsvdmii_0.1_dct_012_64_run3,True,xray,tsvdmii,0.1,dct,012,64,run3,tsvdmii,dct,None,0.1,xray,/lus/flare/projects/DFTCalc2/starM-HPC/starMData/xray/z3d_movo.npy,"(0, 1, 2)","(300, 400, 400)",0.001946029718965292,1.3057142496109009e-05,51.17609053050415,0.08252217387780547,,0.09544895309954882,0.007746865041553974,0.059843625873327255,0.2341021317988634,0.040056704077869654,7197.334266281242,0.0998451813787504,72084.94357858934,71724.7340196372
xray_tsvdmii_0.1_dct_012_8_run1,False,xray,tsvdmii,0.1,dct,012,8,run1,,,,,,,,,,,,,,,,,,,,,,
xray_tsvdmii_0.1_dct_012_8_run2,False,xray,tsvdmii,0.1,dct,012,8,run2,,,,,,,,,,,,,,,,,,,,,,
xray_tsvdmii_0.1_dct_012_8_run3,False,xray,tsvdmii,0.1,dct,012,8,run3,,,,,,,,,,,,,,,,,,,,,,
xray_tsvdmii_0.25_dct_012_16_run1,False,xray,tsvdmii,0.25,dct,012,16,run1,,,,,,,,,,,,,,,,,,,,,,
xray_tsvdmii_0.25_dct_012_16_run2,False,xray,tsvdmii,0.25,dct,012,16,run2,,,,,,,,,,,,,,,,,,,,,,
xray_tsvdmii_0.25_dct_012_16_run3,False,xray,tsvdmii,0.25,dct,012,16,run3,,,,,,,,,,,,,,,,,,,,,,
xray_tsvdmii_0.25_dct_012_1_run1,False,xray,tsvdmii,0.25,dct,012,1,run1,,,,,,,,,,,,,,,,,,,,,,
xray_tsvdmii_0.25_dct_012_1_run2,False,xray,tsvdmii,0.25,dct,012,1,run2,,,,,,,,,,,,,,,,,,,,,,
xray_tsvdmii_0.25_dct_012_1_run3,False,xray,tsvdmii,0.25,dct,012,1,run3,,,,,,,,,,,,,,,,,,,,,,
xray_tsvdmii_0.25_dct_012_2_run1,False,xray,tsvdmii,0.25,dct,012,2,run1,,,,,,,,,,,,,,,,,,,,,,
xray_tsvdmii_0.25_dct_012_2_run2,False,xray,tsvdmii,0.25,dct,012,2,run2,,,,,,,,,,,,,,,,,,,,,,
xray_tsvdmii_0.25_dct_012_2_run3,False,xray,tsvdmii,0.25,dct,012,2,run3,,,,,,,,,,,,,,,,,,,,,,
xray_tsvdmii_0.25_dct_012_32_run1,True,xray,tsvdmii,0.25,dct,012,32,run1,tsvdmii,dct,None,0.25,xray,/lus/flare/projects/DFTCalc2/starM-HPC/starMData/xray/z3d_movo.npy,"(0, 1, 2)","(300, 400, 400)",0.0019440320320427418,1.2853182852268219e-05,209.39941629912707,0.0897554811090231,,0.09362108772620559,0.006974979303777218,0.0705213937908411,0.10081326588988304,0.04517358401790261,17990.471493012654,0.2495732201468497,72084.94357858988,69803.8826010945
xray_tsvdmii_0.25_dct_012_32_run2,True,xray,tsvdmii,0.25,dct,012,32,run2,tsvdmii,dct,None,0.25,xray,/lus/flare/projects/DFTCalc2/starM-HPC/starMData/xray/z3d_movo.npy,"(0, 1, 2)","(300, 400, 400)",0.0017769481055438519,1.3201963156461716e-05,209.39941629912707,0.08763584168627858,,0.09815971227362752,0.007042029406875372,0.07045674230903387,0.10071849077939987,0.04497165931388736,17990.471493012654,0.2495732201468497,72084.94357858988,69803.8826010945
xray_tsvdmii_0.25_dct_012_32_run3,True,xray,tsvdmii,0.25,dct,012,32,run3,tsvdmii,dct,None,0.25,xray,/lus/flare/projects/DFTCalc2/starM-HPC/starMData/xray/z3d_movo.npy,"(0, 1, 2)","(300, 400, 400)",0.0019116257317364216,1.2565404176712036e-05,209.39941629912707,0.08762022573500872,,0.09432023391127586,0.007024259772151709,0.07057800004258752,0.10124964592978358,0.04625842813402414,17990.471493012654,0.2495732201468497,72084.94357858988,69803.8826010945
xray_tsvdmii_0.25_dct_012_4_run1,False,xray,tsvdmii,0.25,dct,012,4,run1,,,,,,,,,,,,,,,,,,,,,,
xray_tsvdmii_0.25_dct_012_4_run2,False,xray,tsvdmii,0.25,dct,012,4,run2,,,,,,,,,,,,,,,,,,,,,,
xray_tsvdmii_0.25_dct_012_4_run3,False,xray,tsvdmii,0.25,dct,012,4,run3,,,,,,,,,,,,,,,,,,,,,,
xray_tsvdmii_0.25_dct_012_64_run1,True,xray,tsvdmii,0.25,dct,012,64,run1,tsvdmii,dct,None,0.25,xray,/lus/flare/projects/DFTCalc2/starM-HPC/starMData/xray/z3d_movo.npy,"(0, 1, 2)","(300, 400, 400)",0.0017827833071351051,1.209275797009468e-05,209.39941629912707,0.08492037607356906,,0.09607933415099978,0.007698699366301298,0.04299013735726476,0.19857611879706383,0.05486330529674888,17990.47149301266,0.24957322014685168,72084.94357858934,69803.88260109452
xray_tsvdmii_0.25_dct_012_64_run2,True,xray,tsvdmii,0.25,dct,012,64,run2,tsvdmii,dct,None,0.25,xray,/lus/flare/projects/DFTCalc2/starM-HPC/starMData/xray/z3d_movo.npy,"(0, 1, 2)","(300, 400, 400)",0.0019450481049716473,1.2009870260953903e-05,209.39941629912707,0.08335037901997566,,0.09515221836045384,0.007685236632823944,0.04353906912729144,0.20357898296788335,0.038816782645881176,17990.47149301266,0.24957322014685168,72084.94357858934,69803.88260109452
xray_tsvdmii_0.25_dct_012_64_run3,True,xray,tsvdmii,0.25,dct,012,64,run3,tsvdmii,dct,None,0.25,xray,/lus/flare/projects/DFTCalc2/starM-HPC/starMData/xray/z3d_movo.npy,"(0, 1, 2)","(300, 400, 400)",0.001912801992148161,1.1719297617673874e-05,209.39941629912707,0.08344138879328966,,0.09412879589945078,0.008012250997126102,0.04359304811805487,0.20101208239793777,0.03754035569727421,17990.47149301266,0.24957322014685168,72084.94357858934,69803.88260109452
xray_tsvdmii_0.25_dct_012_8_run1,False,xray,tsvdmii,0.25,dct,012,8,run1,,,,,,,,,,,,,,,,,,,,,,
xray_tsvdmii_0.25_dct_012_8_run2,False,xray,tsvdmii,0.25,dct,012,8,run2,,,,,,,,,,,,,,,,,,,,,,
xray_tsvdmii_0.25_dct_012_8_run3,False,xray,tsvdmii,0.25,dct,012,8,run3,,,,,,,,,,,,,,,,,,,,,,
