filename,complete,dname_f,alg_f,k_or_tol_f,mtype_f,perm_mode_f,omp_threads_f,run_id,alg,mtype,k,tol,dname,dfile,perm_mode,tensor_shape,time_transform_matrix,time_data_to_pystarm,compression_ratio,time_compress_ttm_total,time_slicewise_svd,time_slicewise_svdvals,time_thresholds,time_slicewise_svdks,time_reconstruct_matmul,time_reconstruct_ttm_total,absolute_err,relative_err,norm_original,norm_reconstructed
cfd_tsvdmi_10_dct_01234_16_run1,True,cfd,tsvdmi,10,dct,01234,16,run1,tsvdmi,dct,10,None,cfd,/global/cfs/cdirs/m4293/starMData/,"(0, 1, 2, 3, 4)","(253, 253, 253, 4, 6)",0.0027044271118938923,1.8865801393985748e-05,12.625049309664695,0.6969005160499364,2.36640307912603,,,,0.03658237587660551,0.5700225862674415,791.9388172375633,0.18474909801225992,4286.563916999532,4212.773804071412
cfd_tsvdmi_10_dct_01234_32_run1,True,cfd,tsvdmi,10,dct,01234,32,run1,tsvdmi,dct,10,None,cfd,/global/cfs/cdirs/m4293/starMData/,"(0, 1, 2, 3, 4)","(253, 253, 253, 4, 6)",0.0014381660148501396,8.67689959704876e-06,12.625049309664695,0.42946104472503066,1.3154287729412317,,,,0.03969442006200552,0.39554045582190156,791.938817237563,0.18474909801226727,4286.563916999359,4212.773804071407
cfd_tsvdmi_10_dct_01234_64_run1,True,cfd,tsvdmi,10,dct,01234,64,run1,tsvdmi,dct,10,None,cfd,/global/cfs/cdirs/m4293/starMData/,"(0, 1, 2, 3, 4)","(253, 253, 253, 4, 6)",0.0012191589921712875,8.827075362205505e-06,12.625049309664695,0.44369791680946946,0.6687424110714346,,,,0.030259271850809455,0.3230418348684907,791.9388172375637,0.18474909801227138,4286.563916999268,4212.773804071406
cfd_tsvdmi_10_dct_01234_8_run1,True,cfd,tsvdmi,10,dct,01234,8,run1,tsvdmi,dct,10,None,cfd,/global/cfs/cdirs/m4293/starMData/,"(0, 1, 2, 3, 4)","(253, 253, 253, 4, 6)",0.0019522551447153091,2.0551029592752457e-05,12.625049309664695,0.9908300191164017,4.676054083043709,,,,0.07894619088619947,0.8650830120313913,791.9388172375652,0.1847490980122504,4286.563916999763,4212.7738040714175
cfd_tsvdmi_20_dct_01234_16_run1,True,cfd,tsvdmi,20,dct,01234,16,run1,tsvdmi,dct,20,None,cfd,/global/cfs/cdirs/m4293/starMData/,"(0, 1, 2, 3, 4)","(253, 253, 253, 4, 6)",0.002581831067800522,1.564016565680504e-05,6.312524654832347,1.6533296178095043,3.424608654109761,,,,0.060819737147539854,0.6849779919721186,423.1523310617572,0.09871597373916013,4286.563916999532,4265.626837785377
cfd_tsvdmi_20_dct_01234_32_run1,True,cfd,tsvdmi,20,dct,01234,32,run1,tsvdmi,dct,20,None,cfd,/global/cfs/cdirs/m4293/starMData/,"(0, 1, 2, 3, 4)","(253, 253, 253, 4, 6)",0.0014251701068133116,7.844995707273483e-06,6.312524654832347,0.4573001409880817,1.7151616299524903,,,,0.03890069713816047,0.3704387159086764,423.15233106175657,0.09871597373916396,4286.563916999359,4265.62683778538
cfd_tsvdmi_20_dct_01234_64_run1,True,cfd,tsvdmi,20,dct,01234,64,run1,tsvdmi,dct,20,None,cfd,/global/cfs/cdirs/m4293/starMData/,"(0, 1, 2, 3, 4)","(253, 253, 253, 4, 6)",0.0014181151054799557,9.6180010586977e-06,6.312524654832347,0.4438779659103602,0.8692265211138874,,,,0.03313727304339409,0.3231878459919244,423.15233106175646,0.09871597373916603,4286.563916999268,4265.62683778538
cfd_tsvdmi_20_dct_01234_8_run1,True,cfd,tsvdmi,20,dct,01234,8,run1,tsvdmi,dct,20,None,cfd,/global/cfs/cdirs/m4293/starMData/,"(0, 1, 2, 3, 4)","(253, 253, 253, 4, 6)",0.0019112259615212679,2.5910092517733574e-05,6.312524654832347,1.0546239116229117,6.067017411114648,,,,0.11332545103505254,0.8775045908987522,423.152331061756,0.09871597373915453,4286.563916999763,4265.626837785374
cfd_tsvdmi_40_dct_01234_16_run1,True,cfd,tsvdmi,40,dct,01234,16,run1,tsvdmi,dct,40,None,cfd,/global/cfs/cdirs/m4293/starMData/,"(0, 1, 2, 3, 4)","(253, 253, 253, 4, 6)",0.0026661339215934277,1.81649811565876e-05,3.1562623274161736,0.7685264651663601,4.718450956977904,,,,0.0850324418861419,0.6741608928423375,197.8341488666139,0.046152151862718975,4286.563916999532,4281.996247553248
cfd_tsvdmi_40_dct_01234_32_run1,True,cfd,tsvdmi,40,dct,01234,32,run1,tsvdmi,dct,40,None,cfd,/global/cfs/cdirs/m4293/starMData/,"(0, 1, 2, 3, 4)","(253, 253, 253, 4, 6)",0.0022314980160444975,1.556985080242157e-05,3.1562623274161736,1.7602585731074214,2.8476151160430163,,,,0.10274811601266265,0.6313172630034387,197.83414886661396,0.04615215186272085,4286.563916999359,4281.996247553251
cfd_tsvdmi_40_dct_01234_64_run1,True,cfd,tsvdmi,40,dct,01234,64,run1,tsvdmi,dct,40,None,cfd,/global/cfs/cdirs/m4293/starMData/,"(0, 1, 2, 3, 4)","(253, 253, 253, 4, 6)",0.0014752449933439493,1.3556098565459251e-05,3.1562623274161736,0.4444692686665803,1.2562106328550726,,,,0.05111796082928777,0.3276093730237335,197.83414886661404,0.04615215186272185,4286.563916999268,4281.996247553249
cfd_tsvdmi_40_dct_01234_8_run1,True,cfd,tsvdmi,40,dct,01234,8,run1,tsvdmi,dct,40,None,cfd,/global/cfs/cdirs/m4293/starMData/,"(0, 1, 2, 3, 4)","(253, 253, 253, 4, 6)",0.001822042977437377,2.6170862838625908e-05,3.1562623274161736,0.9914381608832628,8.739174694055691,,,,0.16421088809147477,0.8727451518643647,197.83414886661416,0.046152151862716546,4286.563916999763,4281.996247553261
cfd_tsvdmi_5_dct_01234_16_run1,True,cfd,tsvdmi,5,dct,01234,16,run1,tsvdmi,dct,5,None,cfd,/global/cfs/cdirs/m4293/starMData/,"(0, 1, 2, 3, 4)","(253, 253, 253, 4, 6)",0.0020868838764727116,1.2194039300084114e-05,25.25009861932939,0.7005368371028453,2.214463450945914,,,,0.04046520101837814,0.642765301046893,1341.5928727940284,0.31297629028079527,4286.563916999532,4071.21097195738
cfd_tsvdmi_5_dct_01234_32_run1,True,cfd,tsvdmi,5,dct,01234,32,run1,tsvdmi,dct,5,None,cfd,/global/cfs/cdirs/m4293/starMData/,"(0, 1, 2, 3, 4)","(253, 253, 253, 4, 6)",0.002520398935303092,1.7534010112285614e-05,25.25009861932939,1.793059361167252,1.638420076109469,,,,0.1362301290500909,0.986559082288295,1341.5928727940275,0.3129762902808077,4286.563916999359,4071.210971957376
cfd_tsvdmi_5_dct_01234_64_run1,True,cfd,tsvdmi,5,dct,01234,64,run1,tsvdmi,dct,5,None,cfd,/global/cfs/cdirs/m4293/starMData/,"(0, 1, 2, 3, 4)","(253, 253, 253, 4, 6)",0.0025441229809075594,1.8595950677990913e-05,25.25009861932939,0.6799175199121237,0.6396827299613506,,,,0.05429771519266069,0.4269756160210818,1341.5928727940272,0.31297629028081425,4286.563916999268,4071.2109719573787
cfd_tsvdmi_5_dct_01234_8_run1,True,cfd,tsvdmi,5,dct,01234,8,run1,tsvdmi,dct,5,None,cfd,/global/cfs/cdirs/m4293/starMData/,"(0, 1, 2, 3, 4)","(253, 253, 253, 4, 6)",0.0018094491679221392,1.9588042050600052e-05,25.25009861932939,1.214965279912576,3.9271902930922806,,,,0.07093107886612415,0.9220769938547164,1341.5928727940275,0.3129762902807782,4286.563916999763,4071.2109719573737
cfd_tsvdmi_80_dct_01234_16_run1,True,cfd,tsvdmi,80,dct,01234,16,run1,tsvdmi,dct,80,None,cfd,/global/cfs/cdirs/m4293/starMData/,"(0, 1, 2, 3, 4)","(253, 253, 253, 4, 6)",0.0023372680880129337,1.4176825061440468e-05,1.5781311637080868,0.7899491479620337,7.6792525770142674,,,,0.14675945485942066,0.629143581725657,72.76510640681457,0.016975159548710986,4286.563916999532,4285.946272855909
cfd_tsvdmi_80_dct_01234_32_run1,True,cfd,tsvdmi,80,dct,01234,32,run1,tsvdmi,dct,80,None,cfd,/global/cfs/cdirs/m4293/starMData/,"(0, 1, 2, 3, 4)","(253, 253, 253, 4, 6)",0.0015416969545185566,9.778887033462524e-06,1.5781311637080868,0.6284163328818977,4.047602626960725,,,,0.08556399284861982,0.37810677313245833,72.76510640681458,0.016975159548711673,4286.563916999359,4285.946272855915
cfd_tsvdmi_80_dct_01234_64_run1,True,cfd,tsvdmi,80,dct,01234,64,run1,tsvdmi,dct,80,None,cfd,/global/cfs/cdirs/m4293/starMData/,"(0, 1, 2, 3, 4)","(253, 253, 253, 4, 6)",0.0012090299278497696,7.414026185870171e-06,1.5781311637080868,0.43617449584417045,2.070361590012908,,,,0.060892018023878336,0.3267906568944454,72.76510640681457,0.01697515954871203,4286.563916999268,4285.946272855915
cfd_tsvdmi_80_dct_01234_8_run1,True,cfd,tsvdmi,80,dct,01234,8,run1,tsvdmi,dct,80,None,cfd,/global/cfs/cdirs/m4293/starMData/,"(0, 1, 2, 3, 4)","(253, 253, 253, 4, 6)",0.0018806068692356348,2.674199640750885e-05,1.5781311637080868,1.4699880790431052,14.304032935993746,,,,0.28903556312434375,0.9576265369541943,72.7651064068149,0.016975159548710147,4286.563916999763,4285.946272855925
cfd_tsvdmii_0.0001_dct_01234_16_run1,True,cfd,tsvdmii,0.0001,dct,01234,16,run1,tsvdmii,dct,None,0.0001,cfd,/global/cfs/cdirs/m4293/starMData/,"(0, 1, 2, 3, 4)","(253, 253, 253, 4, 6)",0.0020906617864966393,1.9238097593188286e-05,0.7093131222117524,0.7180475268978626,,1.6468069329857826,0.15178646217100322,15.504357496043667,1.776413660030812,0.6586313729640096,0.42863385021279476,9.999474136217378e-05,4286.563916999532,4286.563895568422
cfd_tsvdmii_0.0001_dct_01234_32_run1,True,cfd,tsvdmii,0.0001,dct,01234,32,run1,tsvdmii,dct,None,0.0001,cfd,/global/cfs/cdirs/m4293/starMData/,"(0, 1, 2, 3, 4)","(253, 253, 253, 4, 6)",0.002287557115778327,2.0590145140886307e-05,0.7093131222117524,1.8300990310963243,,1.3177473908290267,0.15056487498804927,8.593763371929526,2.1363213069271296,0.3788457589689642,0.4286338502127945,9.999474136217775e-05,4286.563916999359,4286.563895568435
cfd_tsvdmii_0.0001_dct_01234_64_run1,True,cfd,tsvdmii,0.0001,dct,01234,64,run1,tsvdmii,dct,None,0.0001,cfd,/global/cfs/cdirs/m4293/starMData/,"(0, 1, 2, 3, 4)","(253, 253, 253, 4, 6)",0.0013116789050400257,7.785158231854439e-06,0.7093131222117524,0.4434334246907383,,0.46152187301777303,0.15464996406808496,4.400119095109403,2.109758337959647,0.33353482093662024,0.4286338502127943,9.999474136217984e-05,4286.563916999268,4286.563895568442
cfd_tsvdmii_0.0001_dct_01234_8_run1,True,cfd,tsvdmii,0.0001,dct,01234,8,run1,tsvdmii,dct,None,0.0001,cfd,/global/cfs/cdirs/m4293/starMData/,"(0, 1, 2, 3, 4)","(253, 253, 253, 4, 6)",0.0019611830357462168,2.719205804169178e-05,0.7093131222117524,0.9625691813416779,,3.2364450730383396,0.136499613057822,29.551989847095683,1.995008156169206,0.8883163398131728,0.4286338502127947,9.999474136216838e-05,4286.563916999763,4286.563895568382
cfd_tsvdmii_0.001_dct_01234_16_run1,True,cfd,tsvdmii,0.001,dct,01234,16,run1,tsvdmii,dct,None,0.001,cfd,/global/cfs/cdirs/m4293/starMData/,"(0, 1, 2, 3, 4)","(253, 253, 253, 4, 6)",0.00222617294639349,1.3757031410932541e-05,0.8340392457705689,1.651113204890862,,1.8240658240392804,0.13814060389995575,13.85239898506552,1.806810679845512,0.6428009408991784,4.286494794563433,0.0009999838746283882,4286.563916999532,4286.561773785631
cfd_tsvdmii_0.001_dct_01234_32_run1,True,cfd,tsvdmii,0.001,dct,01234,32,run1,tsvdmii,dct,None,0.001,cfd,/global/cfs/cdirs/m4293/starMData/,"(0, 1, 2, 3, 4)","(253, 253, 253, 4, 6)",0.002795032924041152,1.8807128071784973e-05,0.8340392457705689,0.4147708227392286,,0.9099688229616731,0.15420164517126977,7.383273201994598,1.7213876689784229,0.35328511288389564,4.286494794563431,0.0009999838746284281,4286.563916999359,4286.561773785638
cfd_tsvdmii_0.001_dct_01234_64_run1,True,cfd,tsvdmii,0.001,dct,01234,64,run1,tsvdmii,dct,None,0.001,cfd,/global/cfs/cdirs/m4293/starMData/,"(0, 1, 2, 3, 4)","(253, 253, 253, 4, 6)",0.0013067990075796843,7.976079359650612e-06,0.8340392457705689,0.44351304904557765,,0.4627938938792795,0.15585565706714988,3.836310551967472,2.034492630045861,0.32828330574557185,4.286494794563432,0.0009999838746284496,4286.563916999268,4286.561773785637
cfd_tsvdmii_0.001_dct_01234_8_run1,True,cfd,tsvdmii,0.001,dct,01234,8,run1,tsvdmii,dct,None,0.001,cfd,/global/cfs/cdirs/m4293/starMData/,"(0, 1, 2, 3, 4)","(253, 253, 253, 4, 6)",0.0019201941322535276,2.3274915292859077e-05,0.8340392457705689,0.9591520873364061,,3.2635435247793794,0.1373890209943056,25.14737300411798,1.79915764904581,0.8949335040524602,4.2864947945634295,0.0009999838746283336,4286.563916999763,4286.561773785624
cfd_tsvdmii_0.01_dct_01234_16_run1,True,cfd,tsvdmii,0.01,dct,01234,16,run1,tsvdmii,dct,None,0.01,cfd,/global/cfs/cdirs/m4293/starMData/,"(0, 1, 2, 3, 4)","(253, 253, 253, 4, 6)",0.0024771280586719513,1.9988976418972015e-05,1.5066449310601253,0.6676571588031948,,1.7112609958276153,0.14112397097051144,8.050230758963153,1.4447851318400353,0.7115830217953771,42.86529494982475,0.009999919697879878,4286.563916999532,4286.349586887049
cfd_tsvdmii_0.01_dct_01234_32_run1,True,cfd,tsvdmii,0.01,dct,01234,32,run1,tsvdmii,dct,None,0.01,cfd,/global/cfs/cdirs/m4293/starMData/,"(0, 1, 2, 3, 4)","(253, 253, 253, 4, 6)",0.002292226068675518,1.6792910173535347e-05,1.5066449310601253,1.82542893034406,,1.3829957561101764,0.15017250296659768,4.67292671604082,1.3398466100916266,0.5152141000144184,42.86529494982479,0.009999919697880291,4286.563916999359,4286.349586887044
cfd_tsvdmii_0.01_dct_01234_64_run1,True,cfd,tsvdmii,0.01,dct,01234,64,run1,tsvdmii,dct,None,0.01,cfd,/global/cfs/cdirs/m4293/starMData/,"(0, 1, 2, 3, 4)","(253, 253, 253, 4, 6)",0.002091669011861086,1.7323996871709824e-05,1.5066449310601253,0.651982523035258,,0.7201204739976674,0.1446396498940885,2.5910560530610383,1.7773591740988195,0.34795717406086624,42.86529494982479,0.009999919697880505,4286.563916999268,4286.349586887048
cfd_tsvdmii_0.01_dct_01234_8_run1,True,cfd,tsvdmii,0.01,dct,01234,8,run1,tsvdmii,dct,None,0.01,cfd,/global/cfs/cdirs/m4293/starMData/,"(0, 1, 2, 3, 4)","(253, 253, 253, 4, 6)",0.0030539631843566895,2.5338958948850632e-05,1.5066449310601253,1.114403990097344,,3.1842713709920645,0.1372230399865657,15.30023096408695,1.3877738930750638,0.9057367811910808,42.865294949824815,0.009999919697879354,4286.563916999763,4286.349586887061
cfd_tsvdmii_0.025_dct_01234_16_run1,True,cfd,tsvdmii,0.025,dct,01234,16,run1,tsvdmii,dct,None,0.025,cfd,/global/cfs/cdirs/m4293/starMData/,"(0, 1, 2, 3, 4)","(253, 253, 253, 4, 6)",0.0024694630410522223,1.2434786185622215e-05,2.642048430240944,0.7625976759009063,,1.7966333760414273,0.14289703918620944,5.812750570941716,1.0690992712043226,0.7087319097481668,107.16347321795025,0.02499985426391624,4286.563916999532,4285.224172027147
cfd_tsvdmii_0.025_dct_01234_32_run1,True,cfd,tsvdmii,0.025,dct,01234,32,run1,tsvdmii,dct,None,0.025,cfd,/global/cfs/cdirs/m4293/starMData/,"(0, 1, 2, 3, 4)","(253, 253, 253, 4, 6)",0.002280934015288949,2.0249979570508003e-05,2.642048430240944,1.863729550037533,,1.3992345961742103,0.13733053393661976,3.2557135708630085,1.1427113488316536,0.5575804659165442,107.16347321795021,0.02499985426391724,4286.563916999359,4285.224172027151
cfd_tsvdmii_0.025_dct_01234_64_run1,True,cfd,tsvdmii,0.025,dct,01234,64,run1,tsvdmii,dct,None,0.025,cfd,/global/cfs/cdirs/m4293/starMData/,"(0, 1, 2, 3, 4)","(253, 253, 253, 4, 6)",0.0012288789730519056,1.0020099580287933e-05,2.642048430240944,0.4417672192212194,,0.46150167495943606,0.15511113009415567,1.8730796750169247,1.386572535149753,0.36623425479047,107.16347321795023,0.02499985426391777,4286.563916999268,4285.22417202715
cfd_tsvdmii_0.025_dct_01234_8_run1,True,cfd,tsvdmii,0.025,dct,01234,8,run1,tsvdmii,dct,None,0.025,cfd,/global/cfs/cdirs/m4293/starMData/,"(0, 1, 2, 3, 4)","(253, 253, 253, 4, 6)",0.001990001183003187,1.99789647012949e-05,2.642048430240944,0.9922937040682882,,3.1963450729381293,0.13699401100166142,10.194839646108449,1.1599823341239244,0.888988982886076,107.1634732179504,0.024999854263914927,4286.563916999763,4285.224172027141
cfd_tsvdmii_0.050_dct_01234_16_run1,True,cfd,tsvdmii,0.050,dct,01234,16,run1,tsvdmii,dct,None,0.05,cfd,/global/cfs/cdirs/m4293/starMData/,"(0, 1, 2, 3, 4)","(253, 253, 253, 4, 6)",0.0030291748698800802,4.462595097720623e-05,5.400976454760175,0.7119696282315999,,1.741236740956083,0.15778041910380125,4.054126670118421,0.9200672330334783,0.6993326989468187,214.32610342301132,0.049999511863813115,4286.563916999532,4281.202463783907
cfd_tsvdmii_0.050_dct_01234_32_run1,True,cfd,tsvdmii,0.050,dct,01234,32,run1,tsvdmii,dct,None,0.05,cfd,/global/cfs/cdirs/m4293/starMData/,"(0, 1, 2, 3, 4)","(253, 253, 253, 4, 6)",0.001902539050206542,1.202407293021679e-05,5.400976454760175,0.46905110916122794,,0.9169112960807979,0.1529877099674195,2.178534765029326,1.1084029148332775,0.5227213928010315,214.32610342301135,0.049999511863815134,4286.563916999359,4281.202463783904
cfd_tsvdmii_0.050_dct_01234_64_run1,True,cfd,tsvdmii,0.050,dct,01234,64,run1,tsvdmii,dct,None,0.05,cfd,/global/cfs/cdirs/m4293/starMData/,"(0, 1, 2, 3, 4)","(253, 253, 253, 4, 6)",0.0013662648852914572,7.944880053400993e-06,5.400976454760175,0.4275036449544132,,0.4579110948834568,0.15435125911608338,1.3793757760431617,1.167243359144777,0.31983103789389133,214.32610342301132,0.04999951186381619,4286.563916999268,4281.202463783909
cfd_tsvdmii_0.050_dct_01234_8_run1,True,cfd,tsvdmii,0.050,dct,01234,8,run1,tsvdmii,dct,None,0.05,cfd,/global/cfs/cdirs/m4293/starMData/,"(0, 1, 2, 3, 4)","(253, 253, 253, 4, 6)",0.001954799983650446,2.404698170721531e-05,5.400976454760175,0.9720729298423976,,3.2050573178566992,0.1353193260729313,6.401753585087135,0.8752314648590982,0.9223330998793244,214.32610342301177,0.04999951186381053,4286.563916999763,4281.202463783896
cfd_tsvdmii_0.1_dct_01234_16_run1,True,cfd,tsvdmii,0.1,dct,01234,16,run1,tsvdmii,dct,None,0.1,cfd,/global/cfs/cdirs/m4293/starMData/,"(0, 1, 2, 3, 4)","(253, 253, 253, 4, 6)",0.002287783194333315,1.6872072592377663e-05,16.123185842822533,0.7732911170460284,,1.6909587099216878,0.14200340094976127,2.0363706219941378,0.4968660711310804,0.6873006317764521,428.6465161049674,0.09999769615123512,4286.563916999532,4265.078238291642
cfd_tsvdmii_0.1_dct_01234_32_run1,True,cfd,tsvdmii,0.1,dct,01234,32,run1,tsvdmii,dct,None,0.1,cfd,/global/cfs/cdirs/m4293/starMData/,"(0, 1, 2, 3, 4)","(253, 253, 253, 4, 6)",0.00205869204364717,1.4077173545956612e-05,16.123185842822533,0.6071374828461558,,0.9153790168929845,0.14863184210844338,1.1377867758274078,0.5591637040488422,0.4703314888756722,428.64651610496725,0.0999976961512391,4286.563916999359,4265.078238291643
cfd_tsvdmii_0.1_dct_01234_64_run1,True,cfd,tsvdmii,0.1,dct,01234,64,run1,tsvdmii,dct,None,0.1,cfd,/global/cfs/cdirs/m4293/starMData/,"(0, 1, 2, 3, 4)","(253, 253, 253, 4, 6)",0.0013871751725673676,7.885042577981949e-06,16.123185842822533,0.43828271701931953,,0.46016762289218605,0.15681639011017978,0.8738086780067533,0.6789746088907123,0.3194527439773083,428.6465161049675,0.09999769615124128,4286.563916999268,4265.078238291646
cfd_tsvdmii_0.1_dct_01234_8_run1,True,cfd,tsvdmii,0.1,dct,01234,8,run1,tsvdmii,dct,None,0.1,cfd,/global/cfs/cdirs/m4293/starMData/,"(0, 1, 2, 3, 4)","(253, 253, 253, 4, 6)",0.00268403603695333,2.9316870495676994e-05,16.123185842822533,0.9976029479876161,,3.184547323966399,0.13589832792058587,2.8005557828582823,0.5103297990281135,0.8818738779518753,428.6465161049678,0.09999769615122982,4286.563916999763,4265.078238291659
cfd_tsvdmii_0.25_dct_01234_16_run1,True,cfd,tsvdmii,0.25,dct,01234,16,run1,tsvdmii,dct,None,0.25,cfd,/global/cfs/cdirs/m4293/starMData/,"(0, 1, 2, 3, 4)","(253, 253, 253, 4, 6)",0.0022274660877883434,1.8265796825289726e-05,116.11526720430783,1.639658564934507,,1.8211755768861622,0.1377389868721366,0.6061309759970754,0.18841359508223832,0.7399006409104913,1071.5385142949788,0.24997609624937636,4286.563916999532,4150.474120736138
cfd_tsvdmii_0.25_dct_01234_32_run1,True,cfd,tsvdmii,0.25,dct,01234,32,run1,tsvdmii,dct,None,0.25,cfd,/global/cfs/cdirs/m4293/starMData/,"(0, 1, 2, 3, 4)","(253, 253, 253, 4, 6)",0.0021000111009925604,1.340615563094616e-05,116.11526720430783,0.6567918418440968,,0.9175316570326686,0.15119949309155345,0.33844148786738515,0.24661454698070884,0.5007476697210222,1071.538514294978,0.24997609624938627,4286.563916999359,4150.474120736138
cfd_tsvdmii_0.25_dct_01234_64_run1,True,cfd,tsvdmii,0.25,dct,01234,64,run1,tsvdmii,dct,None,0.25,cfd,/global/cfs/cdirs/m4293/starMData/,"(0, 1, 2, 3, 4)","(253, 253, 253, 4, 6)",0.0014037969522178173,8.116010576486588e-06,116.11526720430783,0.43230875208973885,,0.454716504085809,0.15539319184608757,0.33902717800810933,0.28857633494772017,0.3182079032994807,1071.5385142949779,0.24997609624939154,4286.563916999268,4150.474120736138
cfd_tsvdmii_0.25_dct_01234_8_run1,True,cfd,tsvdmii,0.25,dct,01234,8,run1,tsvdmii,dct,None,0.25,cfd,/global/cfs/cdirs/m4293/starMData/,"(0, 1, 2, 3, 4)","(253, 253, 253, 4, 6)",0.0018558190204203129,2.857600338757038e-05,116.11526720430783,0.9860077579505742,,3.2110153399407864,0.13744959700852633,0.8090931281913072,0.19371857307851315,0.8570111861918122,1071.538514294979,0.24997609624936296,4286.563916999763,4150.474120736127
cfd_tsvdmii_0.5_dct_01234_64_run1,True,cfd,tsvdmii,0.5,dct,01234,64,run1,tsvdmii,dct,None,0.5,cfd,/global/cfs/cdirs/m4293/starMData/,"(0, 1, 2, 3, 4)","(253, 253, 253, 4, 6)",0.003357567999046296,3.024796023964882e-05,1892.8222076119512,0.985824802017305,,0.8692261620308273,0.15217566501814872,0.10317301499890164,0.14306517702061683,0.7344868940417655,2141.4270169769343,0.4995672660996973,4286.563916999268,3713.3435803166885
dcmall_hosvd-proportional_0.125_eye_021_1_run1,True,dcmall,hosvd-proportional,0.125,eye,021,1,run1,hosvd-proportional,eye,None,0.125,dcmall,/global/cfs/cdirs/m4293/HSI/Hyperspectral_Project/dc.tif,"(0, 2, 1)","(1280, 191, 307)",,,339.06775449724,,,,,,,,5100728.25861814,0.194357472223138,26244055.3495268,25743601.3879325
dcmall_hosvd-proportional_0.175_eye_021_1_run1,True,dcmall,hosvd-proportional,0.175,eye,021,1,run1,hosvd-proportional,eye,None,0.175,dcmall,/global/cfs/cdirs/m4293/HSI/Hyperspectral_Project/dc.tif,"(0, 2, 1)","(1280, 191, 307)",,,242.275842255958,,,,,,,,4321777.29629439,0.164676428194331,26244055.3495268,25885762.1520066
dcmall_hosvd-proportional_0.225_eye_021_1_run1,True,dcmall,hosvd-proportional,0.225,eye,021,1,run1,hosvd-proportional,eye,None,0.225,dcmall,/global/cfs/cdirs/m4293/HSI/Hyperspectral_Project/dc.tif,"(0, 2, 1)","(1280, 191, 307)",,,188.418452392907,,,,,,,,3687424.12837967,0.140505119322047,26244055.3495268,25983713.0619638
dcmall_hosvd-proportional_0.275_eye_021_1_run1,True,dcmall,hosvd-proportional,0.275,eye,021,1,run1,hosvd-proportional,eye,None,0.275,dcmall,/global/cfs/cdirs/m4293/HSI/Hyperspectral_Project/dc.tif,"(0, 2, 1)","(1280, 191, 307)",,,154.187752553007,,,,,,,,3203881.01175003,0.122080256617345,26244055.3495268,26047755.9043303
dcmall_hosvd-proportional_0.325_eye_021_1_run1,True,dcmall,hosvd-proportional,0.325,eye,021,1,run1,hosvd-proportional,eye,None,0.325,dcmall,/global/cfs/cdirs/m4293/HSI/Hyperspectral_Project/dc.tif,"(0, 2, 1)","(1280, 191, 307)",,,130.482498687445,,,,,,,,2804624.74936592,0.106867049014073,26244055.3495268,26093764.0290602
dcmall_hosvd-proportional_0.375_eye_021_1_run1,True,dcmall,hosvd-proportional,0.375,eye,021,1,run1,hosvd-proportional,eye,None,0.375,dcmall,/global/cfs/cdirs/m4293/HSI/Hyperspectral_Project/dc.tif,"(0, 2, 1)","(1280, 191, 307)",,,113.075199807161,,,,,,,,2440406.72339717,0.0929889337183239,26244055.3495268,26130343.5915684
dcmall_hosvd-proportional_0.425_eye_021_1_run1,True,dcmall,hosvd-proportional,0.425,eye,021,1,run1,hosvd-proportional,eye,None,0.425,dcmall,/global/cfs/cdirs/m4293/HSI/Hyperspectral_Project/dc.tif,"(0, 2, 1)","(1280, 191, 307)",,,99.7811220420101,,,,,,,,2148918.06413298,0.0818820885535027,26244055.3495268,26155928.435876
dcmall_hosvd-proportional_0.475_eye_021_1_run1,True,dcmall,hosvd-proportional,0.475,eye,021,1,run1,hosvd-proportional,eye,None,0.475,dcmall,/global/cfs/cdirs/m4293/HSI/Hyperspectral_Project/dc.tif,"(0, 2, 1)","(1280, 191, 307)",,,89.304415285254,,,,,,,,1891870.40263452,0.0720875785940083,26244055.3495268,26175776.3508298
dcmall_hosvd_0.0001_eye_021_1_run1,True,dcmall,hosvd,0.0001,eye,021,1,run1,hosvd,eye,None,0.0001,dcmall,/global/cfs/cdirs/m4293/HSI/Hyperspectral_Project/dc.tif,"(0, 2, 1)","(1280, 191, 307)",,,42.4662500876989,,,,,,,,1485.94928060287,5.66204140637761e-05,26244055.3495268,26244055.3074592
dcmall_hosvd_0.001_eye_021_1_run1,True,dcmall,hosvd,0.001,eye,021,1,run1,hosvd,eye,None,0.001,dcmall,/global/cfs/cdirs/m4293/HSI/Hyperspectral_Project/dc.tif,"(0, 2, 1)","(1280, 191, 307)",,,43.2554099980002,,,,,,,,21060.6962528714,0.000802493973297122,26244055.3495268,26244046.8989845
dcmall_hosvd_0.01_eye_021_1_run1,True,dcmall,hosvd,0.01,eye,021,1,run1,hosvd,eye,None,0.01,dcmall,/global/cfs/cdirs/m4293/HSI/Hyperspectral_Project/dc.tif,"(0, 2, 1)","(1280, 191, 307)",,,59.6148228164304,,,,,,,,251635.998229554,0.00958830466092929,26244055.3495268,26242848.9404909
dcmall_hosvd_0.025_eye_021_1_run1,True,dcmall,hosvd,0.025,eye,021,1,run1,hosvd,eye,None,0.025,dcmall,/global/cfs/cdirs/m4293/HSI/Hyperspectral_Project/dc.tif,"(0, 2, 1)","(1280, 191, 307)",,,82.5617959235756,,,,,,,,641075.967025129,0.024427473516843,26244055.3495268,26236224.2480417
dcmall_hosvd_0.050_eye_021_1_run1,True,dcmall,hosvd,0.050,eye,021,1,run1,hosvd,eye,None,0.05,dcmall,/global/cfs/cdirs/m4293/HSI/Hyperspectral_Project/dc.tif,"(0, 2, 1)","(1280, 191, 307)",,,113.165900972961,,,,,,,,1209781.98012594,0.0460973719196089,26244055.3495268,26216156.6357387
dcmall_hosvd_0.1_eye_021_1_run1,True,dcmall,hosvd,0.1,eye,021,1,run1,hosvd,eye,None,0.1,dcmall,/global/cfs/cdirs/m4293/HSI/Hyperspectral_Project/dc.tif,"(0, 2, 1)","(1280, 191, 307)",,,182.382146536809,,,,,,,,2451991.34160624,0.0934303524722007,26244055.3495268,26129259.0719621
dcmall_hosvd_0.25_eye_021_1_run1,True,dcmall,hosvd,0.25,eye,021,1,run1,hosvd,eye,None,0.25,dcmall,/global/cfs/cdirs/m4293/HSI/Hyperspectral_Project/dc.tif,"(0, 2, 1)","(1280, 191, 307)",,,565.482490506901,,,,,,,,5964961.00986214,0.227288082212099,26244055.3495268,25557184.5346832
dcmall_hosvd_0.5_eye_021_1_run1,True,dcmall,hosvd,0.5,eye,021,1,run1,hosvd,eye,None,0.5,dcmall,/global/cfs/cdirs/m4293/HSI/Hyperspectral_Project/dc.tif,"(0, 2, 1)","(1280, 191, 307)",,,3810.11015787603,,,,,,,,11032699.9245519,0.420388532854958,26244055.3495268,23812391.1769443
dcmall_tsvdmi_10_dct_021_64_run1,True,dcmall,tsvdmi,10,dct,021,64,run1,tsvdmi,dct,10,None,dcmall,/global/cfs/cdirs/m4293/HSI/Hyperspectral_Project/dc.tif,"(0, 2, 1)","(191, 307, 1280)",0.020805198000743985,2.125196624547243e-05,11.750901803607215,0.194895840017125,0.13066484197042882,,,,0.007376690045930445,0.10906333196908236,263500.6251569328,0.010040392829825539,26244055.349526737,26242732.491292983
dcmall_tsvdmi_120_dct_021_64_run1,True,dcmall,tsvdmi,120,dct,021,64,run1,tsvdmi,dct,120,None,dcmall,/global/cfs/cdirs/m4293/HSI/Hyperspectral_Project/dc.tif,"(0, 2, 1)","(191, 307, 1280)",0.022288389038294554,2.8845970518887043e-05,0.9792418169672679,0.16810598806478083,0.5453091219533235,,,,0.019412311958149076,0.12521681608632207,5725.510855402262,0.00021816410532397049,26244055.349526737,26244054.72497625
dcmall_tsvdmi_160_dct_021_64_run1,True,dcmall,tsvdmi,160,dct,021,64,run1,tsvdmi,dct,160,None,dcmall,/global/cfs/cdirs/m4293/HSI/Hyperspectral_Project/dc.tif,"(0, 2, 1)","(191, 307, 1280)",0.021506857010535896,2.4468055926263332e-05,0.734431362725451,0.18104807403869927,0.7260500609409064,,,,0.024986181990243495,0.1199561309767887,1843.073159271518,7.022821491285852e-05,26244055.349526737,26244055.284808874
dcmall_tsvdmi_200_dct_021_64_run1,False,dcmall,tsvdmi,200,dct,021,64,run1,tsvdmi,dct,200,None,dcmall,/global/cfs/cdirs/m4293/HSI/Hyperspectral_Project/dc.tif,"(0, 2, 1)","(191, 307, 1280)",0.022779199993237853,2.266408409923315e-05,0.5875450901803607,0.19633284397423267,0.054826943087391555,,,,0.02959936310071498,0.10565665806643665,nan,nan,26244055.349526737,nan
dcmall_tsvdmi_20_dct_021_64_run1,True,dcmall,tsvdmi,20,dct,021,64,run1,tsvdmi,dct,20,None,dcmall,/global/cfs/cdirs/m4293/HSI/Hyperspectral_Project/dc.tif,"(0, 2, 1)","(191, 307, 1280)",0.023129036999307573,2.189201768487692e-05,5.875450901803608,0.16739506204612553,0.17091781203635037,,,,0.008443546947091818,0.10975379997398704,161940.29670802035,0.0061705515611534725,26244055.349526737,26243555.714295365
dcmall_tsvdmi_250_dct_021_64_run1,True,dcmall,tsvdmi,250,dct,021,64,run1,tsvdmi,dct,250,None,dcmall,/global/cfs/cdirs/m4293/HSI/Hyperspectral_Project/dc.tif,"(0, 2, 1)","(191, 307, 1280)",0.022408913006074727,2.8555048629641533e-05,0.47003607214428855,0.18059180001728237,0.05563771293964237,,,,0.03579225204885006,0.10210614406969398,26244055.349526737,1.0,26244055.349526737,0.0
dcmall_tsvdmi_40_dct_021_64_run1,True,dcmall,tsvdmi,40,dct,021,64,run1,tsvdmi,dct,40,None,dcmall,/global/cfs/cdirs/m4293/HSI/Hyperspectral_Project/dc.tif,"(0, 2, 1)","(191, 307, 1280)",0.02168196497950703,2.276396844536066e-05,2.937725450901804,0.17780805099755526,0.23515331908129156,,,,0.012044218019582331,0.13398975902236998,93572.86340189347,0.0035654879612034077,26244055.349526737,26243888.532537583
dcmall_tsvdmi_5_dct_021_64_run1,True,dcmall,tsvdmi,5,dct,021,64,run1,tsvdmi,dct,5,None,dcmall,/global/cfs/cdirs/m4293/HSI/Hyperspectral_Project/dc.tif,"(0, 2, 1)","(191, 307, 1280)",0.021952519076876342,1.6391975805163383e-05,23.50180360721443,0.17885141004808247,0.11711027007550001,,,,0.006240541930310428,0.10639301303308457,489283.27131252986,0.018643584796484328,26244055.349526737,26239493.95604718
dcmall_tsvdmi_80_dct_021_64_run1,True,dcmall,tsvdmi,80,dct,021,64,run1,tsvdmi,dct,80,None,dcmall,/global/cfs/cdirs/m4293/HSI/Hyperspectral_Project/dc.tif,"(0, 2, 1)","(191, 307, 1280)",0.022730024997144938,5.028792656958103e-05,1.468862725450902,0.1954657461028546,0.3824036009609699,,,,0.014596057939343154,0.11580275103915483,29624.75710592089,0.0011288178107906298,26244055.349526737,26244038.629044674
dcmall_tsvdmii_0.0001_dct_021_64_run1,True,dcmall,tsvdmii,0.0001,dct,021,64,run1,tsvdmii,dct,None,0.0001,dcmall,/global/cfs/cdirs/m4293/HSI/Hyperspectral_Project/dc.tif,"(0, 2, 1)","(191, 307, 1280)",0.021983958955388516,2.4586974177509546e-05,0.8108788685559072,0.164843252976425,,0.09067856101319194,0.02275951101910323,0.7536373499897309,0.365089391998481,0.12428882298991084,2624.306792142978,9.999623751709175e-05,26244055.349526737,26244055.21831633
dcmall_tsvdmii_0.001_dct_021_64_run1,True,dcmall,tsvdmii,0.001,dct,021,64,run1,tsvdmii,dct,None,0.001,dcmall,/global/cfs/cdirs/m4293/HSI/Hyperspectral_Project/dc.tif,"(0, 2, 1)","(191, 307, 1280)",0.0225228329654783,3.250298323109746e-05,1.5430781542567054,0.16608986799838021,,0.08976539195282385,0.02253329398809001,0.4817290339851752,0.29800374602200463,0.12067790201399475,26242.73422766271,0.0009999496601479294,26244055.349526737,26244042.22881688
dcmall_tsvdmii_0.01_dct_021_64_run1,True,dcmall,tsvdmii,0.01,dct,021,64,run1,tsvdmii,dct,None,0.01,dcmall,/global/cfs/cdirs/m4293/HSI/Hyperspectral_Project/dc.tif,"(0, 2, 1)","(191, 307, 1280)",0.021639432990923524,4.5598018914461136e-05,15.854489626454342,0.17594525101594627,,0.09004728897707537,0.022393273015040904,0.15981608896981925,0.21907807496609166,0.11379350104834884,262409.43473893806,0.009998814255041195,26244055.349526737,26242743.425137218
dcmall_tsvdmii_0.025_dct_021_64_run1,True,dcmall,tsvdmii,0.025,dct,021,64,run1,tsvdmii,dct,None,0.025,dcmall,/global/cfs/cdirs/m4293/HSI/Hyperspectral_Project/dc.tif,"(0, 2, 1)","(191, 307, 1280)",0.021832477010320872,2.571998629719019e-05,39.6236941744395,0.18181334499968216,,0.08902204304467887,0.02220172103261575,0.11263139999937266,0.2078225800069049,0.11055218405090272,655866.4607132121,0.024991048524253302,26244055.349526737,26235858.67424077
dcmall_tsvdmii_0.050_dct_021_64_run1,True,dcmall,tsvdmii,0.050,dct,021,64,run1,tsvdmii,dct,None,0.05,dcmall,/global/cfs/cdirs/m4293/HSI/Hyperspectral_Project/dc.tif,"(0, 2, 1)","(191, 307, 1280)",0.02225854102289304,2.5449029635638e-05,64.8885000371753,0.19064920500386506,,0.08941508497809991,0.02208084799349308,0.10181825200561434,0.16596559702884406,0.11189146799733862,1311110.4237461155,0.04995837747955973,26244055.349526737,26211284.414270263
dcmall_tsvdmii_0.1_dct_021_64_run1,True,dcmall,tsvdmii,0.1,dct,021,64,run1,tsvdmii,dct,None,0.1,dcmall,/global/cfs/cdirs/m4293/HSI/Hyperspectral_Project/dc.tif,"(0, 2, 1)","(191, 307, 1280)",0.022151064011268318,2.6401015929877758e-05,129.55343935070832,0.18362229695776477,,0.08955168799730018,0.022048685001209378,0.09325573098612949,0.09729600499849766,0.10949877399252728,2622708.9676568527,0.09993535422505304,26244055.349526737,26112675.827268157
dcmall_tsvdmii_0.25_dct_021_64_run1,True,dcmall,tsvdmii,0.25,dct,021,64,run1,tsvdmii,dct,None,0.25,dcmall,/global/cfs/cdirs/m4293/HSI/Hyperspectral_Project/dc.tif,"(0, 2, 1)","(191, 307, 1280)",0.0203161200042814,2.441700780764222e-05,906.093633049231,0.1946003459743224,,0.08795265201479197,0.022118289954960346,0.08843747002538294,0.03222978999838233,0.1082700349506922,6538736.488343163,0.249151146850522,26244055.349526737,25416438.899362605
dcmall_tsvdmii_0.5_dct_021_64_run1,True,dcmall,tsvdmii,0.5,dct,021,64,run1,tsvdmii,dct,None,0.5,dcmall,/global/cfs/cdirs/m4293/HSI/Hyperspectral_Project/dc.tif,"(0, 2, 1)","(191, 307, 1280)",0.022613468987401575,2.644100459292531e-05,75205.77154308617,0.18138127803103998,,0.08750074700219557,0.020990055985748768,0.008363063971046358,0.016878623981028795,0.10959425999317318,11224497.720936596,0.4276967706189131,26244055.349526737,23722586.11748963
ncep-air-6_tsvdmi_10_dct_012345_16_run1,True,ncep-air-6,tsvdmi,10,dct,012345,16,run1,tsvdmi,dct,10,None,ncep-air-6,/global/cfs/cdirs/m4293/taufique/NCEP-NCAR/pressure,"(0, 1, 2, 3, 4, 5)","(73, 144, 17, 4, 365, 10)",0.003339407005114481,1.6862002667039633e-05,4.822018348623853,7.340256753988797,18.600871271977667,,,,0.3391506399784703,4.508370160008781,35875.47171954641,0.0029491423401010724,12164713.527634239,12164660.626434682
ncep-air-6_tsvdmi_10_dct_012345_32_run1,True,ncep-air-6,tsvdmi,10,dct,012345,32,run1,tsvdmi,dct,10,None,ncep-air-6,/global/cfs/cdirs/m4293/taufique/NCEP-NCAR/pressure,"(0, 1, 2, 3, 4, 5)","(73, 144, 17, 4, 365, 10)",0.003133991005597636,1.777498982846737e-05,4.822018348623853,8.62621786899399,9.93652295001084,,,,0.27566444099647924,3.2005742960318457,35875.47171954637,0.0029491423401391474,12164713.527477171,12164660.626434669
ncep-air-6_tsvdmi_10_dct_012345_64_run1,True,ncep-air-6,tsvdmi,10,dct,012345,64,run1,tsvdmi,dct,10,None,ncep-air-6,/global/cfs/cdirs/m4293/taufique/NCEP-NCAR/pressure,"(0, 1, 2, 3, 4, 5)","(73, 144, 17, 4, 365, 10)",0.0030935329850763083,1.7283018678426743e-05,4.822018348623853,6.682254320010543,5.018589986022562,,,,0.20927987503819168,2.6048831392545253,35875.47171954639,0.0029491423401276206,12164713.527524725,12164660.626434678
ncep-air-6_tsvdmi_10_dct_012345_8_run1,True,ncep-air-6,tsvdmi,10,dct,012345,8,run1,tsvdmi,dct,10,None,ncep-air-6,/global/cfs/cdirs/m4293/taufique/NCEP-NCAR/pressure,"(0, 1, 2, 3, 4, 5)","(73, 144, 17, 4, 365, 10)",0.0032203029841184616,2.3575033992528915e-05,4.822018348623853,13.142441522912122,35.39654840604635,,,,0.5643152699922211,11.735213571053464,35875.47171954634,0.0029491423401535794,12164713.527417632,12164660.626434691
ncep-air-6_tsvdmi_10_eye_012345_16_run1,True,ncep-air-6,tsvdmi,10,eye,012345,16,run1,tsvdmi,eye,10,None,ncep-air-6,/global/cfs/cdirs/m4293/taufique/NCEP-NCAR/pressure,"(0, 1, 2, 3, 4, 5)","(73, 144, 17, 4, 365, 10)",4.4389162212610245e-06,6.247102282941341e-05,4.822018348623853,,20.128591872984543,,,,0.41113409982062876,,36315.78164531982,0.002985338007575951,12164713.527634239,12164659.31992358
ncep-air-6_tsvdmi_10_eye_012345_32_run1,True,ncep-air-6,tsvdmi,10,eye,012345,32,run1,tsvdmi,eye,10,None,ncep-air-6,/global/cfs/cdirs/m4293/taufique/NCEP-NCAR/pressure,"(0, 1, 2, 3, 4, 5)","(73, 144, 17, 4, 365, 10)",7.224036380648613e-06,9.176810272037983e-05,4.822018348623853,,10.958564394153655,,,,0.3291953809093684,,36315.78164531988,0.0029853380076145025,12164713.527477171,12164659.319923589
ncep-air-6_tsvdmi_1_dct_012345_64_run1,True,ncep-air-6,tsvdmi,1,dct,012345,64,run1,tsvdmi,dct,1,None,ncep-air-6,/global/cfs/cdirs/m4293/taufique/NCEP-NCAR/pressure,"(0, 1, 2, 3, 4, 5)","(73, 144, 17, 4, 365, 10)",0.0035870829597115517,1.6963109374046326e-05,48.22018348623853,7.0200222136918455,3.066007253015414,,,,0.2789103069808334,3.092147719115019,180065.67617653828,0.014802294831613518,12164713.527524725,12163380.761863211
ncep-air-6_tsvdmi_20_dct_012345_16_run1,True,ncep-air-6,tsvdmi,20,dct,012345,16,run1,tsvdmi,dct,20,None,ncep-air-6,/global/cfs/cdirs/m4293/taufique/NCEP-NCAR/pressure,"(0, 1, 2, 3, 4, 5)","(73, 144, 17, 4, 365, 10)",0.0030476249812636524,1.2364005669951439e-05,2.4110091743119266,7.4138715770386625,28.535243721998995,,,,0.47776173800230026,4.87740655001835,11128.232678151322,0.0009147961152452648,12164713.527634239,12164708.437452933
ncep-air-6_tsvdmi_20_dct_012345_32_run1,True,ncep-air-6,tsvdmi,20,dct,012345,32,run1,tsvdmi,dct,20,None,ncep-air-6,/global/cfs/cdirs/m4293/taufique/NCEP-NCAR/pressure,"(0, 1, 2, 3, 4, 5)","(73, 144, 17, 4, 365, 10)",0.0034130409767385572,3.600900527089834e-05,2.4110091743119266,8.065864522010088,14.822968503984157,,,,0.40361509600188583,3.2717635400476865,11128.232678151338,0.0009147961152570777,12164713.527477171,12164708.437452933
ncep-air-6_tsvdmi_20_dct_012345_64_run1,True,ncep-air-6,tsvdmi,20,dct,012345,64,run1,tsvdmi,dct,20,None,ncep-air-6,/global/cfs/cdirs/m4293/taufique/NCEP-NCAR/pressure,"(0, 1, 2, 3, 4, 5)","(73, 144, 17, 4, 365, 10)",0.0033213819842785597,1.3296026736497879e-05,2.4110091743119266,6.1464575389400125,7.5287973480299115,,,,0.3187317450065166,2.7402097347658128,11128.232678151335,0.0009147961152535014,12164713.527524725,12164708.437452933
ncep-air-6_tsvdmi_20_dct_012345_8_run1,True,ncep-air-6,tsvdmi,20,dct,012345,8,run1,tsvdmi,dct,20,None,ncep-air-6,/global/cfs/cdirs/m4293/taufique/NCEP-NCAR/pressure,"(0, 1, 2, 3, 4, 5)","(73, 144, 17, 4, 365, 10)",0.0034812549711205065,1.745304325595498e-05,2.4110091743119266,13.356780143047217,52.7949456400238,,,,0.8041125130257569,11.55401481006993,11128.23267815132,0.0009147961152615536,12164713.527417632,12164708.437452925
ncep-air-6_tsvdmi_20_eye_012345_16_run1,True,ncep-air-6,tsvdmi,20,eye,012345,16,run1,tsvdmi,eye,20,None,ncep-air-6,/global/cfs/cdirs/m4293/taufique/NCEP-NCAR/pressure,"(0, 1, 2, 3, 4, 5)","(73, 144, 17, 4, 365, 10)",4.468951374292374e-06,6.839307025074959e-05,2.4110091743119266,,28.755529673071578,,,,0.5087485699914396,,11038.238638911342,0.0009073981572879693,12164713.527634239,12164708.519446252
ncep-air-6_tsvdmi_20_eye_012345_32_run1,True,ncep-air-6,tsvdmi,20,eye,012345,32,run1,tsvdmi,eye,20,None,ncep-air-6,/global/cfs/cdirs/m4293/taufique/NCEP-NCAR/pressure,"(0, 1, 2, 3, 4, 5)","(73, 144, 17, 4, 365, 10)",5.780952051281929e-06,6.924406625330448e-05,2.4110091743119266,,16.1395147559233,,,,0.38133216416463256,,11038.23863891133,0.0009073981572996846,12164713.527477171,12164708.519446258
ncep-air-6_tsvdmi_2_dct_012345_64_run1,True,ncep-air-6,tsvdmi,2,dct,012345,64,run1,tsvdmi,dct,2,None,ncep-air-6,/global/cfs/cdirs/m4293/taufique/NCEP-NCAR/pressure,"(0, 1, 2, 3, 4, 5)","(73, 144, 17, 4, 365, 10)",0.003334746928885579,1.5168916434049606e-05,24.110091743119266,6.708254460943863,3.031892122933641,,,,0.17322156205773354,2.5582503511104733,133685.40866985635,0.010989605991737534,12164713.527524725,12163978.930321686
ncep-air-6_tsvdmi_3_dct_012345_64_run1,True,ncep-air-6,tsvdmi,3,dct,012345,64,run1,tsvdmi,dct,3,None,ncep-air-6,/global/cfs/cdirs/m4293/taufique/NCEP-NCAR/pressure,"(0, 1, 2, 3, 4, 5)","(73, 144, 17, 4, 365, 10)",0.0033855049405246973,1.6020843759179115e-05,16.073394495412845,6.468065033201128,3.4706947540398687,,,,0.19676931388676167,2.476231693988666,104205.77309424398,0.008566233216956633,12164713.527524725,12164267.193820389
ncep-air-6_tsvdmi_40_dct_012345_16_run1,True,ncep-air-6,tsvdmi,40,dct,012345,16,run1,tsvdmi,dct,40,None,ncep-air-6,/global/cfs/cdirs/m4293/taufique/NCEP-NCAR/pressure,"(0, 1, 2, 3, 4, 5)","(73, 144, 17, 4, 365, 10)",0.00315838199458085,1.558999065309763e-05,1.2055045871559633,7.470501523028361,45.894002368004294,,,,1.3248797210108023,5.051122016040608,781.7224358666849,6.426147513386715e-05,12164713.527634239,12164713.502368703
ncep-air-6_tsvdmi_40_dct_012345_32_run1,True,ncep-air-6,tsvdmi,40,dct,012345,32,run1,tsvdmi,dct,40,None,ncep-air-6,/global/cfs/cdirs/m4293/taufique/NCEP-NCAR/pressure,"(0, 1, 2, 3, 4, 5)","(73, 144, 17, 4, 365, 10)",0.003225758991902694,2.0620005670934916e-05,1.2055045871559633,10.50430201398558,24.31965499999933,,,,0.5149513749929611,3.2163779539696407,781.7224358666838,6.426147513469678e-05,12164713.527477171,12164713.502368683
ncep-air-6_tsvdmi_40_dct_012345_64_run1,True,ncep-air-6,tsvdmi,40,dct,012345,64,run1,tsvdmi,dct,40,None,ncep-air-6,/global/cfs/cdirs/m4293/taufique/NCEP-NCAR/pressure,"(0, 1, 2, 3, 4, 5)","(73, 144, 17, 4, 365, 10)",0.0028832468669861555,1.4567980542778969e-05,1.2055045871559633,6.594272810965776,12.70729343383573,,,,0.4733314688783139,3.544946369016543,781.7224358666846,6.426147513444564e-05,12164713.527524725,12164713.502368696
ncep-air-6_tsvdmi_40_dct_012345_8_run1,True,ncep-air-6,tsvdmi,40,dct,012345,8,run1,tsvdmi,dct,40,None,ncep-air-6,/global/cfs/cdirs/m4293/taufique/NCEP-NCAR/pressure,"(0, 1, 2, 3, 4, 5)","(73, 144, 17, 4, 365, 10)",0.0032428059494122863,1.738301943987608e-05,1.2055045871559633,13.45670710603008,86.87195124902064,,,,1.3833023440092802,11.951717870950233,781.7224358666831,6.426147513501125e-05,12164713.527417632,12164713.502368703
ncep-air-6_tsvdmi_40_eye_012345_16_run1,True,ncep-air-6,tsvdmi,40,eye,012345,16,run1,tsvdmi,eye,40,None,ncep-air-6,/global/cfs/cdirs/m4293/taufique/NCEP-NCAR/pressure,"(0, 1, 2, 3, 4, 5)","(73, 144, 17, 4, 365, 10)",6.322050467133522e-06,8.071702904999256e-05,1.2055045871559633,,49.21455830708146,,,,0.7494617309421301,,778.9796014118253,6.403600048963251e-05,12164713.527634239,12164713.502544634
ncep-air-6_tsvdmi_40_eye_012345_32_run1,True,ncep-air-6,tsvdmi,40,eye,012345,32,run1,tsvdmi,eye,40,None,ncep-air-6,/global/cfs/cdirs/m4293/taufique/NCEP-NCAR/pressure,"(0, 1, 2, 3, 4, 5)","(73, 144, 17, 4, 365, 10)",6.58305361866951e-06,6.331317126750946e-05,1.2055045871559633,,26.103228284046054,,,,0.4654679549857974,,778.9796014118266,6.403600049045943e-05,12164713.527477171,12164713.502544617
ncep-air-6_tsvdmi_4_dct_012345_64_run1,True,ncep-air-6,tsvdmi,4,dct,012345,64,run1,tsvdmi,dct,4,None,ncep-air-6,/global/cfs/cdirs/m4293/taufique/NCEP-NCAR/pressure,"(0, 1, 2, 3, 4, 5)","(73, 144, 17, 4, 365, 10)",0.003268288914114237,1.5188939869403839e-05,12.055045871559633,6.255738158943132,3.7110206400975585,,,,0.19729866017587483,2.589488611323759,86513.95249395841,0.007111877505229033,12164713.527524725,12164405.885279601
ncep-air-6_tsvdmi_5_dct_012345_16_run1,True,ncep-air-6,tsvdmi,5,dct,012345,16,run1,tsvdmi,dct,5,None,ncep-air-6,/global/cfs/cdirs/m4293/taufique/NCEP-NCAR/pressure,"(0, 1, 2, 3, 4, 5)","(73, 144, 17, 4, 365, 10)",0.0032366389932576567,1.6562000382691622e-05,9.644036697247707,8.105671532975975,14.178102951002074,,,,0.3641951020108536,4.7320975890615955,73282.59102877349,0.006024193735618967,12164713.527634239,12164492.791220408
ncep-air-6_tsvdmi_5_dct_012345_32_run1,True,ncep-air-6,tsvdmi,5,dct,012345,32,run1,tsvdmi,dct,5,None,ncep-air-6,/global/cfs/cdirs/m4293/taufique/NCEP-NCAR/pressure,"(0, 1, 2, 3, 4, 5)","(73, 144, 17, 4, 365, 10)",0.0039439120155293494,3.0758994398638606e-05,9.644036697247707,8.75180201602052,7.524024100013776,,,,0.28793617300107144,3.2554314540466294,73282.59102877355,0.006024193735696755,12164713.527477171,12164492.791220412
ncep-air-6_tsvdmi_5_dct_012345_64_run1,True,ncep-air-6,tsvdmi,5,dct,012345,64,run1,tsvdmi,dct,5,None,ncep-air-6,/global/cfs/cdirs/m4293/taufique/NCEP-NCAR/pressure,"(0, 1, 2, 3, 4, 5)","(73, 144, 17, 4, 365, 10)",0.003548409091308713,1.7835060134530067e-05,9.644036697247707,6.383821928175166,3.823916622903198,,,,0.184619597857818,2.4800092480145395,73282.59102877358,0.006024193735673208,12164713.527524725,12164492.791220412
ncep-air-6_tsvdmi_5_dct_012345_8_run1,True,ncep-air-6,tsvdmi,5,dct,012345,8,run1,tsvdmi,dct,5,None,ncep-air-6,/global/cfs/cdirs/m4293/taufique/NCEP-NCAR/pressure,"(0, 1, 2, 3, 4, 5)","(73, 144, 17, 4, 365, 10)",0.003222747996915132,1.9618018995970488e-05,9.644036697247707,13.431732586934231,27.442690390977077,,,,0.6015858270111494,11.757093624968547,73282.59102877366,0.00602419373572625,12164713.527417632,12164492.791220423
ncep-air-6_tsvdmi_5_eye_012345_16_run1,True,ncep-air-6,tsvdmi,5,eye,012345,16,run1,tsvdmi,eye,5,None,ncep-air-6,/global/cfs/cdirs/m4293/taufique/NCEP-NCAR/pressure,"(0, 1, 2, 3, 4, 5)","(73, 144, 17, 4, 365, 10)",6.492016837000847e-06,0.0028229281306266785,9.644036697247707,,15.058538003824651,,,,0.350715892855078,,74498.8201218375,0.006124173820665864,12164713.527634239,12164485.403485043
ncep-air-6_tsvdmi_5_eye_012345_32_run1,True,ncep-air-6,tsvdmi,5,eye,012345,32,run1,tsvdmi,eye,5,None,ncep-air-6,/global/cfs/cdirs/m4293/taufique/NCEP-NCAR/pressure,"(0, 1, 2, 3, 4, 5)","(73, 144, 17, 4, 365, 10)",4.417961463332176e-06,0.004199875984340906,9.644036697247707,,8.89500906295143,,,,0.2705403598956764,,74498.82012183746,0.006124173820744935,12164713.527477171,12164485.40348506
ncep-air-6_tsvdmii_0.0001_dct_012345_16_run1,True,ncep-air-6,tsvdmii,0.0001,dct,012345,16,run1,tsvdmii,dct,None,0.0001,ncep-air-6,/global/cfs/cdirs/m4293/taufique/NCEP-NCAR/pressure,"(0, 1, 2, 3, 4, 5)","(73, 144, 17, 4, 365, 10)",0.0033766929991543293,2.0480016246438026e-05,1.4782800063443673,8.037100531975739,,7.430442759010475,1.960448844009079,39.5466235440108,12.493467123014852,4.654987442016136,1216.469803301377,9.999987262650753e-05,12164713.527634239,12164713.466662608
ncep-air-6_tsvdmii_0.0001_dct_012345_32_run1,True,ncep-air-6,tsvdmii,0.0001,dct,012345,32,run1,tsvdmii,dct,None,0.0001,ncep-air-6,/global/cfs/cdirs/m4293/taufique/NCEP-NCAR/pressure,"(0, 1, 2, 3, 4, 5)","(73, 144, 17, 4, 365, 10)",0.0033065570169128478,1.7844955436885357e-05,1.4782800063443673,9.011978753027506,,3.9213235810166225,1.8926889110007323,21.580209948006086,14.733023122011218,3.289187826041598,1216.4698033013765,9.999987262779866e-05,12164713.527477171,12164713.4666626
ncep-air-6_tsvdmii_0.0001_dct_012345_64_run1,True,ncep-air-6,tsvdmii,0.0001,dct,012345,64,run1,tsvdmii,dct,None,0.0001,ncep-air-6,/global/cfs/cdirs/m4293/taufique/NCEP-NCAR/pressure,"(0, 1, 2, 3, 4, 5)","(73, 144, 17, 4, 365, 10)",0.0031388590577989817,1.8805963918566704e-05,1.4782800063443673,6.268948243232444,,2.205882720882073,1.897473149932921,10.832644910085946,20.020194107899442,3.271299803862348,1216.4698033013767,9.999987262740777e-05,12164713.527524725,12164713.466662604
ncep-air-6_tsvdmii_0.0001_dct_012345_8_run1,True,ncep-air-6,tsvdmii,0.0001,dct,012345,8,run1,tsvdmii,dct,None,0.0001,ncep-air-6,/global/cfs/cdirs/m4293/taufique/NCEP-NCAR/pressure,"(0, 1, 2, 3, 4, 5)","(73, 144, 17, 4, 365, 10)",0.003268916974775493,1.6350997611880302e-05,1.4782800063443673,14.07486366602825,,14.58021069096867,1.8725388830062002,76.94929509697249,10.248708084982354,11.37350233696634,1216.4698033013785,9.999987262828828e-05,12164713.527417632,12164713.466662575
ncep-air-6_tsvdmii_0.0001_eye_012345_16_run1,True,ncep-air-6,tsvdmii,0.0001,eye,012345,16,run1,tsvdmii,eye,None,0.0001,ncep-air-6,/global/cfs/cdirs/m4293/taufique/NCEP-NCAR/pressure,"(0, 1, 2, 3, 4, 5)","(73, 144, 17, 4, 365, 10)",5.801208317279816e-06,7.349299266934395e-05,1.4910913932611005,,,7.572268927935511,1.8996132919564843,41.40003618504852,11.84707532194443,,1216.4702213675637,9.999990699362894e-05,12164713.527634239,12164713.466662537
ncep-air-6_tsvdmii_0.0001_eye_012345_32_run1,True,ncep-air-6,tsvdmii,0.0001,eye,012345,32,run1,tsvdmii,eye,None,0.0001,ncep-air-6,/global/cfs/cdirs/m4293/taufique/NCEP-NCAR/pressure,"(0, 1, 2, 3, 4, 5)","(73, 144, 17, 4, 365, 10)",5.851034075021744e-06,5.908403545618057e-05,1.4910913932611005,,,5.510954269906506,1.9209869711194187,22.259007130982354,14.77730995696038,,1216.4702213675678,9.999990699492044e-05,12164713.527477171,12164713.46666253
ncep-air-6_tsvdmii_0.001_dct_012345_16_run1,True,ncep-air-6,tsvdmii,0.001,dct,012345,16,run1,tsvdmii,dct,None,0.001,ncep-air-6,/global/cfs/cdirs/m4293/taufique/NCEP-NCAR/pressure,"(0, 1, 2, 3, 4, 5)","(73, 144, 17, 4, 365, 10)",0.00312251498689875,1.2303004041314125e-05,3.2093257127607195,8.643466112960596,,7.896134420996532,1.9413884059758857,23.695411172986496,11.035681826004293,4.77681232203031,12164.707661068369,0.0009999995177390854,12164713.527634239,12164707.445133615
ncep-air-6_tsvdmii_0.001_dct_012345_32_run1,True,ncep-air-6,tsvdmii,0.001,dct,012345,32,run1,tsvdmii,dct,None,0.001,ncep-air-6,/global/cfs/cdirs/m4293/taufique/NCEP-NCAR/pressure,"(0, 1, 2, 3, 4, 5)","(73, 144, 17, 4, 365, 10)",0.0033615330467000604,1.7323007341474295e-05,3.2093257127607195,8.405929706990719,,3.9282655849820003,1.9037819069926627,13.184691114991438,13.302913859020919,3.0276851109811105,12164.707661068394,0.0009999995177519994,12164713.527477171,12164707.445133585
ncep-air-6_tsvdmii_0.001_dct_012345_64_run1,True,ncep-air-6,tsvdmii,0.001,dct,012345,64,run1,tsvdmii,dct,None,0.001,ncep-air-6,/global/cfs/cdirs/m4293/taufique/NCEP-NCAR/pressure,"(0, 1, 2, 3, 4, 5)","(73, 144, 17, 4, 365, 10)",0.0031883760821074247,1.945788972079754e-05,3.2093257127607195,5.774926770944148,,2.002458106027916,1.918186412891373,6.879957403987646,18.523277967004105,2.670695239212364,12164.707661068394,0.0009999995177480902,12164713.527524725,12164707.445133597
ncep-air-6_tsvdmii_0.001_dct_012345_8_run1,True,ncep-air-6,tsvdmii,0.001,dct,012345,8,run1,tsvdmii,dct,None,0.001,ncep-air-6,/global/cfs/cdirs/m4293/taufique/NCEP-NCAR/pressure,"(0, 1, 2, 3, 4, 5)","(73, 144, 17, 4, 365, 10)",0.00359568401472643,1.4718039892613888e-05,3.2093257127607195,13.24379266006872,,14.001538267999422,1.9100407880032435,45.183890762971714,8.942170089983847,11.557062939042225,12164.707661068422,0.000999999517756896,12164713.527417632,12164707.445133643
ncep-air-6_tsvdmii_0.001_eye_012345_16_run1,True,ncep-air-6,tsvdmii,0.001,eye,012345,16,run1,tsvdmii,eye,None,0.001,ncep-air-6,/global/cfs/cdirs/m4293/taufique/NCEP-NCAR/pressure,"(0, 1, 2, 3, 4, 5)","(73, 144, 17, 4, 365, 10)",5.972106009721756e-06,7.437402382493019e-05,2.637960388942134,,,7.559399073012173,1.9079439609777182,28.234587820945308,11.164940448012203,,12164.706701423245,0.0009999994388514798,12164713.527634239,12164707.445134526
ncep-air-6_tsvdmii_0.001_eye_012345_32_run1,True,ncep-air-6,tsvdmii,0.001,eye,012345,32,run1,tsvdmii,eye,None,0.001,ncep-air-6,/global/cfs/cdirs/m4293/taufique/NCEP-NCAR/pressure,"(0, 1, 2, 3, 4, 5)","(73, 144, 17, 4, 365, 10)",5.691079422831535e-06,9.011384099721909e-05,2.637960388942134,,,5.366131891962141,1.914519767044112,15.149282739963382,13.810702423099428,,12164.706701423213,0.000999999438864389,12164713.527477171,12164707.44513452
ncep-air-6_tsvdmii_0.002_dct_012345_16_run1,False,ncep-air-6,tsvdmii,0.002,dct,012345,16,run1,tsvdmii,dct,None,0.002,ncep-air-6,/global/cfs/cdirs/m4293/taufique/NCEP-NCAR/pressure,"(0, 1, 2, 3, 4, 5)",,,,,,,,,,,,,,,
ncep-air-6_tsvdmii_0.002_dct_012345_64_run1,True,ncep-air-6,tsvdmii,0.002,dct,012345,64,run1,tsvdmii,dct,None,0.002,ncep-air-6,/global/cfs/cdirs/m4293/taufique/NCEP-NCAR/pressure,"(0, 1, 2, 3, 4, 5)","(73, 144, 17, 4, 365, 10)",0.0036146969068795443,3.604905214160681e-05,6.591447566526853,5.992469687946141,,2.1783960689790547,1.88278301700484,4.833550231996924,16.24406022799667,2.7602613910567015,24329.41471333561,0.0019999989854496934,12164713.527524725,12164689.198059311
ncep-air-6_tsvdmii_0.003_dct_012345_64_run1,True,ncep-air-6,tsvdmii,0.003,dct,012345,64,run1,tsvdmii,dct,None,0.003,ncep-air-6,/global/cfs/cdirs/m4293/taufique/NCEP-NCAR/pressure,"(0, 1, 2, 3, 4, 5)","(73, 144, 17, 4, 365, 10)",0.00364749098662287,1.6442034393548965e-05,13.427255078067184,6.026720179012045,,1.9815886509604752,1.9126394540071487,3.225158890010789,13.404642487992533,2.9053671211004257,36494.1076728023,0.0029999972946529486,12164713.527524725,12164658.786250707
ncep-air-6_tsvdmii_0.005_dct_012345_64_run1,True,ncep-air-6,tsvdmii,0.005,dct,012345,64,run1,tsvdmii,dct,None,0.005,ncep-air-6,/global/cfs/cdirs/m4293/taufique/NCEP-NCAR/pressure,"(0, 1, 2, 3, 4, 5)","(73, 144, 17, 4, 365, 10)",0.0026515930658206344,4.0329061448574066e-05,48.93208419546424,7.012128794915043,,2.2884725159965456,1.8774798579979688,1.6475960270036012,9.242367475060746,2.7082386278780177,60823.47174142035,0.004999992116854782,12164713.527524725,12164561.46809602
ncep-air-6_tsvdmii_0.007_dct_012345_64_run1,True,ncep-air-6,tsvdmii,0.007,dct,012345,64,run1,tsvdmii,dct,None,0.007,ncep-air-6,/global/cfs/cdirs/m4293/taufique/NCEP-NCAR/pressure,"(0, 1, 2, 3, 4, 5)","(73, 144, 17, 4, 365, 10)",0.0030289740534499288,1.9827974028885365e-05,170.48545663572318,7.122979584964924,,2.983966685947962,1.8639431920601055,0.9450342380441725,5.670541130006313,3.708625557948835,85152.70578923951,0.006999976250699788,12164713.527524725,12164415.490375927
ncep-air-6_tsvdmii_0.0082_dct_012345_64_run1,True,ncep-air-6,tsvdmii,0.0082,dct,012345,64,run1,tsvdmii,dct,None,0.0082,ncep-air-6,/global/cfs/cdirs/m4293/taufique/NCEP-NCAR/pressure,"(0, 1, 2, 3, 4, 5)","(73, 144, 17, 4, 365, 10)",0.0031572149600833654,1.963716931641102e-05,349.28497129095007,6.585763352923095,,2.2952301220502704,1.8724840821232647,0.6715532320085913,4.589681182987988,2.667765802703798,99749.73905513386,0.008199925039700538,12164713.527524725,12164304.550419627
ncep-air-6_tsvdmii_0.0085_dct_012345_64_run1,True,ncep-air-6,tsvdmii,0.0085,dct,012345,64,run1,tsvdmii,dct,None,0.0085,ncep-air-6,/global/cfs/cdirs/m4293/taufique/NCEP-NCAR/pressure,"(0, 1, 2, 3, 4, 5)","(73, 144, 17, 4, 365, 10)",0.003008187049999833,1.1041061952710152e-05,416.40280917418426,6.255975197069347,,2.18583852914162,1.8987746459897608,0.6274075889959931,4.72925043082796,2.7090357881970704,103399.1039280951,0.00849992099642438,12164713.527524725,12164274.077441206
ncep-air-6_tsvdmii_0.0088_dct_012345_64_run1,True,ncep-air-6,tsvdmii,0.0088,dct,012345,64,run1,tsvdmii,dct,None,0.0088,ncep-air-6,/global/cfs/cdirs/m4293/taufique/NCEP-NCAR/pressure,"(0, 1, 2, 3, 4, 5)","(73, 144, 17, 4, 365, 10)",0.0030072960071265697,3.9014965295791626e-05,496.29896501283037,6.21194746112451,,1.9923928859643638,1.9064816790632904,0.5803762839641422,4.37411267706193,2.562628318089992,107047.86345284016,0.008799867190511823,12164713.527524725,12164242.514876595
ncep-air-6_tsvdmii_0.008_dct_012345_64_run1,True,ncep-air-6,tsvdmii,0.008,dct,012345,64,run1,tsvdmii,dct,None,0.008,ncep-air-6,/global/cfs/cdirs/m4293/taufique/NCEP-NCAR/pressure,"(0, 1, 2, 3, 4, 5)","(73, 144, 17, 4, 365, 10)",0.0034420930314809084,1.5569967217743397e-05,310.52487004525983,6.289558584918268,,2.245383523986675,1.8745913389138877,0.720207536011003,4.386393069988117,2.6244248950388283,97316.7587685006,0.007999921950344737,12164713.527524725,12164324.258020418
ncep-air-6_tsvdmii_0.0092_dct_012345_64_run1,True,ncep-air-6,tsvdmii,0.0092,dct,012345,64,run1,tsvdmii,dct,None,0.0092,ncep-air-6,/global/cfs/cdirs/m4293/taufique/NCEP-NCAR/pressure,"(0, 1, 2, 3, 4, 5)","(73, 144, 17, 4, 365, 10)",0.003273427952080965,1.2394040822982788e-05,628.2875500700511,6.593054864322767,,2.4608142299111933,1.90357744297944,0.517759945942089,4.190204381942749,2.52137057390064,111913.33342688598,0.0091998330395256,12164713.527524725,12164198.72460173
ncep-air-6_tsvdmii_0.0095_dct_012345_64_run1,True,ncep-air-6,tsvdmii,0.0095,dct,012345,64,run1,tsvdmii,dct,None,0.0095,ncep-air-6,/global/cfs/cdirs/m4293/taufique/NCEP-NCAR/pressure,"(0, 1, 2, 3, 4, 5)","(73, 144, 17, 4, 365, 10)",0.0031959800980985165,1.663179136812687e-05,751.0196750303968,6.629513718886301,,2.441823816858232,1.888085309881717,0.5008261029142886,4.123265230096877,2.5454502173233777,115562.2249400062,0.009499790083714432,12164713.527524725,12164164.606661985
ncep-air-6_tsvdmii_0.0098_dct_012345_64_run1,True,ncep-air-6,tsvdmii,0.0098,dct,012345,64,run1,tsvdmii,dct,None,0.0098,ncep-air-6,/global/cfs/cdirs/m4293/taufique/NCEP-NCAR/pressure,"(0, 1, 2, 3, 4, 5)","(73, 144, 17, 4, 365, 10)",0.003332363208755851,1.7374055460095406e-05,899.3950207623359,6.405746768694371,,2.4048388490919024,1.9430753258056939,0.45299787912517786,4.221701723057777,2.5479584804270416,119211.84385750993,0.009799806924164135,12164713.527524725,12164129.386934571
ncep-air-6_tsvdmii_0.009_dct_012345_64_run1,True,ncep-air-6,tsvdmii,0.009,dct,012345,64,run1,tsvdmii,dct,None,0.009,ncep-air-6,/global/cfs/cdirs/m4293/taufique/NCEP-NCAR/pressure,"(0, 1, 2, 3, 4, 5)","(73, 144, 17, 4, 365, 10)",0.00344568002037704,1.6761943697929382e-05,558.2466318990813,6.130533344577998,,2.183572916081175,1.8800316888373345,0.5596347937826067,4.136270534945652,2.7003654669970274,109481.18242104315,0.008999898121178393,12164713.527524725,12164220.857765485
ncep-air-6_tsvdmii_0.01_dct_012345_16_run1,True,ncep-air-6,tsvdmii,0.01,dct,012345,16,run1,tsvdmii,dct,None,0.01,ncep-air-6,/global/cfs/cdirs/m4293/taufique/NCEP-NCAR/pressure,"(0, 1, 2, 3, 4, 5)","(73, 144, 17, 4, 365, 10)",0.003295478003565222,1.8085003830492496e-05,1015.1187057917222,7.601735397998709,,7.659658303018659,1.9464364260202274,0.5157357699936256,1.7217560969875194,4.934439960052259,121644.73385737231,0.009999802591407958,12164713.527634239,12164105.300618125
ncep-air-6_tsvdmii_0.01_dct_012345_32_run1,True,ncep-air-6,tsvdmii,0.01,dct,012345,32,run1,tsvdmii,dct,None,0.01,ncep-air-6,/global/cfs/cdirs/m4293/taufique/NCEP-NCAR/pressure,"(0, 1, 2, 3, 4, 5)","(73, 144, 17, 4, 365, 10)",0.003315143985673785,1.6622012481093407e-05,1015.1187057917222,8.396581309032626,,3.9093349789618514,1.890228244010359,0.4960460599977523,2.565201738034375,3.163702004996594,121644.73385737225,0.009999802591537068,12164713.527477171,12164105.300618129
ncep-air-6_tsvdmii_0.01_dct_012345_64_run1,True,ncep-air-6,tsvdmii,0.01,dct,012345,64,run1,tsvdmii,dct,None,0.01,ncep-air-6,/global/cfs/cdirs/m4293/taufique/NCEP-NCAR/pressure,"(0, 1, 2, 3, 4, 5)","(73, 144, 17, 4, 365, 10)",0.003267859108746052,2.012890763580799e-05,1015.1187057917222,6.141478857956827,,1.9934423209633678,1.8946347129531205,0.4264041599817574,3.7659388459287584,2.4022931098006666,121644.73385737227,0.00999980259149798,12164713.527524725,12164105.300618123
ncep-air-6_tsvdmii_0.01_dct_012345_8_run1,True,ncep-air-6,tsvdmii,0.01,dct,012345,8,run1,tsvdmii,dct,None,0.01,ncep-air-6,/global/cfs/cdirs/m4293/taufique/NCEP-NCAR/pressure,"(0, 1, 2, 3, 4, 5)","(73, 144, 17, 4, 365, 10)",0.003358710033353418,1.5910016372799873e-05,1015.1187057917222,13.309795421955641,,13.864637534017675,1.8811345100402832,0.77489893801976,1.4144117130199447,11.571332593099214,121644.73385737216,0.009999802591586004,12164713.527417632,12164105.30061814
ncep-air-6_tsvdmii_0.01_eye_012345_16_run1,True,ncep-air-6,tsvdmii,0.01,eye,012345,16,run1,tsvdmii,eye,None,0.01,ncep-air-6,/global/cfs/cdirs/m4293/taufique/NCEP-NCAR/pressure,"(0, 1, 2, 3, 4, 5)","(73, 144, 17, 4, 365, 10)",6.763031706213951e-06,7.769092917442322e-05,23.01210290872531,,,7.716400706907734,1.9035995409358293,12.772115479921922,8.84589310712181,,121647.00949902248,0.009999989660478265,12164713.527634239,12164105.277860781
ncep-air-6_tsvdmii_0.01_eye_012345_32_run1,True,ncep-air-6,tsvdmii,0.01,eye,012345,32,run1,tsvdmii,eye,None,0.01,ncep-air-6,/global/cfs/cdirs/m4293/taufique/NCEP-NCAR/pressure,"(0, 1, 2, 3, 4, 5)","(73, 144, 17, 4, 365, 10)",6.5229833126068115e-06,7.855193689465523e-05,23.01210290872531,,,5.420644199941307,1.853478454053402,6.750288637122139,10.970136957941577,,121647.00949902245,0.00999998966060738,12164713.527477171,12164105.277860768
ncep-air-6_tsvdmii_0.025_dct_012345_16_run1,True,ncep-air-6,tsvdmii,0.025,dct,012345,16,run1,tsvdmii,dct,None,0.025,ncep-air-6,/global/cfs/cdirs/m4293/taufique/NCEP-NCAR/pressure,"(0, 1, 2, 3, 4, 5)","(73, 144, 17, 4, 365, 10)",0.003336906956974417,1.5869969502091408e-05,1496031.1926605504,7.986959568923339,,7.534771717968397,1.9407615359523334,0.01782412501052022,1.293176167004276,4.788734580040909,284763.2778508356,0.0234089588056428,12164713.527634239,12161380.064835977
ncep-air-6_tsvdmii_0.025_dct_012345_32_run1,True,ncep-air-6,tsvdmii,0.025,dct,012345,32,run1,tsvdmii,dct,None,0.025,ncep-air-6,/global/cfs/cdirs/m4293/taufique/NCEP-NCAR/pressure,"(0, 1, 2, 3, 4, 5)","(73, 144, 17, 4, 365, 10)",0.0034256179933436215,1.694302773103118e-05,1496031.1926605504,7.841695680050179,,3.915558982989751,1.8908957520034164,0.01951339398510754,2.3774467319599353,3.1925868899561465,284763.2778508356,0.023408958805945047,12164713.527477171,12161380.064835913
ncep-air-6_tsvdmii_0.025_dct_012345_64_run1,True,ncep-air-6,tsvdmii,0.025,dct,012345,64,run1,tsvdmii,dct,None,0.025,ncep-air-6,/global/cfs/cdirs/m4293/taufique/NCEP-NCAR/pressure,"(0, 1, 2, 3, 4, 5)","(73, 144, 17, 4, 365, 10)",0.003114872146397829,1.1313008144497871e-05,1496031.1926605504,6.095243175281212,,2.015227642841637,1.9550508030224591,0.018777377903461456,3.2701905260328203,2.4828121352475137,284763.2778508356,0.02340895880585354,12164713.527524725,12161380.064835923
ncep-air-6_tsvdmii_0.025_dct_012345_8_run1,True,ncep-air-6,tsvdmii,0.025,dct,012345,8,run1,tsvdmii,dct,None,0.025,ncep-air-6,/global/cfs/cdirs/m4293/taufique/NCEP-NCAR/pressure,"(0, 1, 2, 3, 4, 5)","(73, 144, 17, 4, 365, 10)",0.003419005952309817,1.7393031157553196e-05,1496031.1926605504,13.309989187982865,,13.883329141011927,1.9101445190026425,0.018372479011304677,0.8369975970126688,12.010029863973614,284763.2778508344,0.023408958806059525,12164713.527417632,12161380.064835962
ncep-air-6_tsvdmii_0.025_eye_012345_16_run1,True,ncep-air-6,tsvdmii,0.025,eye,012345,16,run1,tsvdmii,eye,None,0.025,ncep-air-6,/global/cfs/cdirs/m4293/taufique/NCEP-NCAR/pressure,"(0, 1, 2, 3, 4, 5)","(73, 144, 17, 4, 365, 10)",5.09992241859436e-06,6.798189133405685e-05,48.244675142434936,,,7.721814723918214,1.8408651628997177,9.88339719409123,3.121651388006285,,302993.9487346547,0.024907610692709848,12164713.527634239,12160939.514397336
ncep-air-6_tsvdmii_0.025_eye_012345_32_run1,True,ncep-air-6,tsvdmii,0.025,eye,012345,32,run1,tsvdmii,eye,None,0.025,ncep-air-6,/global/cfs/cdirs/m4293/taufique/NCEP-NCAR/pressure,"(0, 1, 2, 3, 4, 5)","(73, 144, 17, 4, 365, 10)",4.47896309196949e-06,6.812205538153648e-05,48.244675142434936,,,5.2948071111459285,1.9144279148895293,5.570272724144161,3.9683648261707276,,302993.948734655,0.024907610693031473,12164713.527477171,12160939.51439734
ncep-air-6_tsvdmii_0.050_dct_012345_16_run1,True,ncep-air-6,tsvdmii,0.050,dct,012345,16,run1,tsvdmii,dct,None,0.05,ncep-air-6,/global/cfs/cdirs/m4293/taufique/NCEP-NCAR/pressure,"(0, 1, 2, 3, 4, 5)","(73, 144, 17, 4, 365, 10)",0.0034633399918675423,1.6622012481093407e-05,2992062.3853211007,8.173940022068564,,7.691467690980062,1.9410339769674465,0.016331530001480132,1.3646756450179964,4.621392973000184,393778.13006724976,0.032370522262831346,12164713.527634239,12158338.45515422
ncep-air-6_tsvdmii_0.050_dct_012345_32_run1,True,ncep-air-6,tsvdmii,0.050,dct,012345,32,run1,tsvdmii,dct,None,0.05,ncep-air-6,/global/cfs/cdirs/m4293/taufique/NCEP-NCAR/pressure,"(0, 1, 2, 3, 4, 5)","(73, 144, 17, 4, 365, 10)",0.0033229300170205534,2.3886037524789572e-05,2992062.3853211007,9.025880426052026,,3.9518937889952213,1.8889342130278237,0.015781714988406748,1.8153697869856842,3.5660203939769417,393778.1300672503,0.032370522263249345,12164713.527477171,12158338.455154235
ncep-air-6_tsvdmii_0.050_dct_012345_64_run1,True,ncep-air-6,tsvdmii,0.050,dct,012345,64,run1,tsvdmii,dct,None,0.05,ncep-air-6,/global/cfs/cdirs/m4293/taufique/NCEP-NCAR/pressure,"(0, 1, 2, 3, 4, 5)","(73, 144, 17, 4, 365, 10)",0.0031250719912350178,1.192302443087101e-05,2992062.3853211007,6.190656691091135,,2.4800315499305725,1.881958147045225,0.0172634101472795,3.070093751884997,3.2514978307299316,393778.1300672502,0.0323705222631228,12164713.527524725,12158338.455154205
ncep-air-6_tsvdmii_0.050_dct_012345_8_run1,True,ncep-air-6,tsvdmii,0.050,dct,012345,8,run1,tsvdmii,dct,None,0.05,ncep-air-6,/global/cfs/cdirs/m4293/taufique/NCEP-NCAR/pressure,"(0, 1, 2, 3, 4, 5)","(73, 144, 17, 4, 365, 10)",0.003354731947183609,1.6000005416572094e-05,2992062.3853211007,14.638742138980888,,13.955313766025938,1.8759243430104107,0.016316009045112878,1.0387842580094002,11.79374763002852,393778.1300672497,0.03237052226340774,12164713.527417632,12158338.455154285
ncep-air-6_tsvdmii_0.050_eye_012345_16_run1,True,ncep-air-6,tsvdmii,0.050,eye,012345,16,run1,tsvdmii,eye,None,0.05,ncep-air-6,/global/cfs/cdirs/m4293/taufique/NCEP-NCAR/pressure,"(0, 1, 2, 3, 4, 5)","(73, 144, 17, 4, 365, 10)",5.570007488131523e-06,7.92541541159153e-05,48.36555295644606,,,7.643668651115149,1.848475187085569,10.604740467155352,3.4069482779596,,607732.4062367248,0.04995862868913075,12164713.527634239,12149523.304566724
ncep-air-6_tsvdmii_0.050_eye_012345_32_run1,True,ncep-air-6,tsvdmii,0.050,eye,012345,32,run1,tsvdmii,eye,None,0.05,ncep-air-6,/global/cfs/cdirs/m4293/taufique/NCEP-NCAR/pressure,"(0, 1, 2, 3, 4, 5)","(73, 144, 17, 4, 365, 10)",5.7818833738565445e-06,7.258006371557713e-05,48.36555295644606,,,5.567024261225015,1.8513734391890466,5.514893918065354,3.9533453800249845,,607732.406236737,0.04995862868977681,12164713.527477171,12149523.304566732
ncep-air-6_tsvdmii_0.1_dct_012345_16_run1,True,ncep-air-6,tsvdmii,0.1,dct,012345,16,run1,tsvdmii,dct,None,0.1,ncep-air-6,/global/cfs/cdirs/m4293/taufique/NCEP-NCAR/pressure,"(0, 1, 2, 3, 4, 5)","(73, 144, 17, 4, 365, 10)",0.0031085689552128315,1.8314982298761606e-05,3989416.5137614678,8.606146262958646,,7.654394240002148,1.8884142000460997,0.015896034019533545,1.5300842289580032,4.595863016904332,480139.08223730105,0.03946982237983513,12164713.527634239,12155234.332067821
ncep-air-6_tsvdmii_0.1_dct_012345_32_run1,True,ncep-air-6,tsvdmii,0.1,dct,012345,32,run1,tsvdmii,dct,None,0.1,ncep-air-6,/global/cfs/cdirs/m4293/taufique/NCEP-NCAR/pressure,"(0, 1, 2, 3, 4, 5)","(73, 144, 17, 4, 365, 10)",0.002720392949413508,1.2424017768353224e-05,3989416.5137614678,7.604626166983508,,3.920056618982926,1.9444239270524122,0.015696730988565832,1.7636889620334841,3.6374740030732937,480139.0822373037,0.03946982238034497,12164713.527477171,12155234.332068395
ncep-air-6_tsvdmii_0.1_dct_012345_64_run1,True,ncep-air-6,tsvdmii,0.1,dct,012345,64,run1,tsvdmii,dct,None,0.1,ncep-air-6,/global/cfs/cdirs/m4293/taufique/NCEP-NCAR/pressure,"(0, 1, 2, 3, 4, 5)","(73, 144, 17, 4, 365, 10)",0.0031691978219896555,1.4647841453552246e-05,3989416.5137614678,5.360331223346293,,2.019164415076375,1.9265222430694848,0.01583568984642625,2.9919681940227747,2.4890671621542424,480139.08223730366,0.03946982238019068,12164713.527524725,12155234.332068948
ncep-air-6_tsvdmii_0.1_dct_012345_8_run1,True,ncep-air-6,tsvdmii,0.1,dct,012345,8,run1,tsvdmii,dct,None,0.1,ncep-air-6,/global/cfs/cdirs/m4293/taufique/NCEP-NCAR/pressure,"(0, 1, 2, 3, 4, 5)","(73, 144, 17, 4, 365, 10)",0.003237064986024052,1.6000994946807623e-05,3989416.5137614678,13.49204201210523,,13.962212679965887,1.8795803870307282,0.015721035946626216,0.8245638190419413,11.752064653963316,480139.0822372961,0.039469822380537534,12164713.527417632,12155234.332068697
ncep-air-6_tsvdmii_0.1_eye_012345_16_run1,True,ncep-air-6,tsvdmii,0.1,eye,012345,16,run1,tsvdmii,eye,None,0.1,ncep-air-6,/global/cfs/cdirs/m4293/taufique/NCEP-NCAR/pressure,"(0, 1, 2, 3, 4, 5)","(73, 144, 17, 4, 365, 10)",5.900859832763672e-06,6.802217103540897e-05,48.85179268334104,,,7.624339246889576,1.8563556410372257,10.438156449934468,3.2907965080812573,,1216180.7711270782,0.09997611274316608,12164713.527634239,12103766.33687799
ncep-air-6_tsvdmii_0.1_eye_012345_32_run1,True,ncep-air-6,tsvdmii,0.1,eye,012345,32,run1,tsvdmii,eye,None,0.1,ncep-air-6,/global/cfs/cdirs/m4293/taufique/NCEP-NCAR/pressure,"(0, 1, 2, 3, 4, 5)","(73, 144, 17, 4, 365, 10)",5.9318263083696365e-06,6.056693382561207e-05,48.85179268334104,,,5.422433397965506,1.8943513419944793,5.488296743948013,4.00591114605777,,1216180.7711269674,0.09997611274444783,12164713.527477171,12103766.336877996
ncep-air-6_tsvdmii_0.25_dct_012345_16_run1,True,ncep-air-6,tsvdmii,0.25,dct,012345,16,run1,tsvdmii,dct,None,0.25,ncep-air-6,/global/cfs/cdirs/m4293/taufique/NCEP-NCAR/pressure,"(0, 1, 2, 3, 4, 5)","(73, 144, 17, 4, 365, 10)",0.003471886971965432,1.6973004676401615e-05,5984124.770642201,8.810225415043533,,7.205644575005863,1.9129790660226718,0.023847220989409834,1.5655388309969567,4.665583746042103,701511.1050499472,0.05766770450091932,12164713.527634239,12144469.4151395
ncep-air-6_tsvdmii_0.25_dct_012345_32_run1,True,ncep-air-6,tsvdmii,0.25,dct,012345,32,run1,tsvdmii,dct,None,0.25,ncep-air-6,/global/cfs/cdirs/m4293/taufique/NCEP-NCAR/pressure,"(0, 1, 2, 3, 4, 5)","(73, 144, 17, 4, 365, 10)",0.0030956800328567624,1.2725009582936764e-05,5984124.770642201,10.299589792033657,,3.911990548018366,1.9440169929875992,0.018147533002775162,2.366987535962835,3.0104199160123244,701511.1050499479,0.05766770450166397,12164713.527477171,12144469.41514075
ncep-air-6_tsvdmii_0.25_dct_012345_64_run1,True,ncep-air-6,tsvdmii,0.25,dct,012345,64,run1,tsvdmii,dct,None,0.25,ncep-air-6,/global/cfs/cdirs/m4293/taufique/NCEP-NCAR/pressure,"(0, 1, 2, 3, 4, 5)","(73, 144, 17, 4, 365, 10)",0.00334956799633801,1.7583835870027542e-05,5984124.770642201,6.091098367469385,,2.0362432040274143,1.9236285730730742,0.02404086897149682,3.322086292086169,2.364307925105095,701511.1050499494,0.05766770450143866,12164713.527524725,12144469.415141113
ncep-air-6_tsvdmii_0.25_dct_012345_8_run1,True,ncep-air-6,tsvdmii,0.25,dct,012345,8,run1,tsvdmii,dct,None,0.25,ncep-air-6,/global/cfs/cdirs/m4293/taufique/NCEP-NCAR/pressure,"(0, 1, 2, 3, 4, 5)","(73, 144, 17, 4, 365, 10)",0.003124438982922584,3.494700649753213e-05,5984124.770642201,13.296577681030612,,14.363747134979349,1.9305032470147125,0.022573963971808553,0.7399718989618123,11.364998882054351,701511.1050499477,0.057667704501946214,12164713.527417632,12144469.415138062
ncep-air-6_tsvdmii_0.25_eye_012345_16_run1,True,ncep-air-6,tsvdmii,0.25,eye,012345,16,run1,tsvdmii,eye,None,0.25,ncep-air-6,/global/cfs/cdirs/m4293/taufique/NCEP-NCAR/pressure,"(0, 1, 2, 3, 4, 5)","(73, 144, 17, 4, 365, 10)",6.593065336346626e-06,0.00017602182924747467,52.461719879563255,,,7.649678724817932,1.8792169021908194,10.204522597137839,3.047633996931836,,3041051.264099568,0.24998955028339115,12164713.527634239,11778466.0467707
ncep-air-6_tsvdmii_0.25_eye_012345_32_run1,True,ncep-air-6,tsvdmii,0.25,eye,012345,32,run1,tsvdmii,eye,None,0.25,ncep-air-6,/global/cfs/cdirs/m4293/taufique/NCEP-NCAR/pressure,"(0, 1, 2, 3, 4, 5)","(73, 144, 17, 4, 365, 10)",5.701091140508652e-06,7.085595279932022e-05,52.461719879563255,,,5.407344531966373,1.8558892158325762,5.400034652091563,3.9702383801341057,,3041051.2640980324,0.2499895502864927,12164713.527477171,11778466.046770705
ncep-air_eof_0.0001_none_none_64_run1,True,ncep-air,eof,0.0001,none,none,64,run1,eof,None,None,0.0001,ncep-air,/global/cfs/cdirs/m4293/taufique/NCEP-NCAR/pressure,default (identity),"(73, 144, 17, 14612)",7.634997018612921e-06,7.915300375316292e-05,13.507466223870637,,,,,,,,45246.18555833695,0.003717936495576903,12169703.708539596,12169619.596987912
ncep-air_eof_0.001_none_none_64_run1,True,ncep-air,eof,0.001,none,none,64,run1,eof,None,None,0.001,ncep-air,/global/cfs/cdirs/m4293/taufique/NCEP-NCAR/pressure,default (identity),"(73, 144, 17, 14612)",4.978996003046632e-06,7.712900696787983e-05,14.524157229968427,,,,,,,,46844.74254445501,0.0038492919520779797,12169703.708539596,12169613.548621649
ncep-air_eof_0.01_none_none_64_run1,True,ncep-air,eof,0.01,none,none,64,run1,eof,None,None,0.01,ncep-air,/global/cfs/cdirs/m4293/taufique/NCEP-NCAR/pressure,default (identity),"(73, 144, 17, 14612)",8.026006980799139e-06,6.380399281624705e-05,321.6063386635866,,,,,,,,129537.62795757609,0.0106442713035551,12169703.708539596,12169014.272143947
ncep-air_eof_0.025_none_none_64_run1,True,ncep-air,eof,0.025,none,none,64,run1,eof,None,None,0.025,ncep-air,/global/cfs/cdirs/m4293/taufique/NCEP-NCAR/pressure,default (identity),"(73, 144, 17, 14612)",7.21399555914104e-06,9.4292001449503e-05,6753.733111935318,,,,,,,,210173.11675590626,0.01727019176386569,12169703.708539596,12167888.708140496
ncep-air_eof_0.050_none_none_64_run1,True,ncep-air,eof,0.050,none,none,64,run1,eof,None,None,0.05,ncep-air,/global/cfs/cdirs/m4293/taufique/NCEP-NCAR/pressure,default (identity),"(73, 144, 17, 14612)",6.631991709582508e-06,8.727899694349617e-05,13507.466223870637,,,,,,,,400375.9567682488,0.03289940054064761,12169703.708539596,12163115.86091087
ncep-air_eof_0.1_none_none_64_run1,True,ncep-air,eof,0.1,none,none,64,run1,eof,None,None,0.1,ncep-air,/global/cfs/cdirs/m4293/taufique/NCEP-NCAR/pressure,default (identity),"(73, 144, 17, 14612)",3.958004526793957e-06,6.484599725808948e-05,13507.466223870637,,,,,,,,400375.9567682488,0.03289940054064761,12169703.708539596,12163115.86091087
ncep-air_eof_0.25_none_none_64_run1,True,ncep-air,eof,0.25,none,none,64,run1,eof,None,None,0.25,ncep-air,/global/cfs/cdirs/m4293/taufique/NCEP-NCAR/pressure,default (identity),"(73, 144, 17, 14612)",6.713002221658826e-06,8.53649980854243e-05,13507.466223870637,,,,,,,,400375.9567682488,0.03289940054064761,12169703.708539596,12163115.86091087
ncep-air_tsvdmi_10_dct_0123_16_run1,True,ncep-air,tsvdmi,10,dct,0123,16,run1,tsvdmi,dct,10,None,ncep-air,/global/cfs/cdirs/m4293/taufique/NCEP-NCAR/pressure,"(0, 1, 2, 3)","(73, 144, 17, 14612)",6.144559327047318,3.7431949749588966e-05,4.822018348623853,97.42092723282985,18.170743046095595,,,,0.2939109359867871,95.05270353704691,35735.19080122177,0.002936405984627624,12169703.708648952,12169651.241873726
ncep-air_tsvdmi_10_dct_0123_32_run1,True,ncep-air,tsvdmi,10,dct,0123,32,run1,tsvdmi,dct,10,None,ncep-air,/global/cfs/cdirs/m4293/taufique/NCEP-NCAR/pressure,"(0, 1, 2, 3)","(73, 144, 17, 14612)",6.230714143952355,3.6120181903243065e-05,4.822018348623853,59.773175817215815,9.903572340961546,,,,0.20469761407002807,53.91034824796952,35735.190801221805,0.002936405984665466,12169703.70849213,12169651.241873728
ncep-air_tsvdmi_10_dct_0123_64_run1,True,ncep-air,tsvdmi,10,dct,0123,64,run1,tsvdmi,dct,10,None,ncep-air,/global/cfs/cdirs/m4293/taufique/NCEP-NCAR/pressure,"(0, 1, 2, 3)","(73, 144, 17, 14612)",6.214522355934605,2.5259098038077354e-05,4.822018348623853,90.76224963599816,5.837736641988158,,,,0.3277916519436985,78.75345237925649,35735.19080122183,0.0029364059846540146,12169703.708539596,12169651.241873726
ncep-air_tsvdmi_10_dct_0123_8_run1,True,ncep-air,tsvdmi,10,dct,0123,8,run1,tsvdmi,dct,10,None,ncep-air,/global/cfs/cdirs/m4293/taufique/NCEP-NCAR/pressure,"(0, 1, 2, 3)","(73, 144, 17, 14612)",6.373039582045749,3.0478928238153458e-05,4.822018348623853,189.88680426194333,35.293241537874565,,,,0.6034505639690906,191.3842300910037,35735.190801221834,0.002936405984679764,12169703.708432883,12169651.24187368
ncep-air_tsvdmi_10_eye_0123_64_run1,True,ncep-air,tsvdmi,10,eye,0123,64,run1,tsvdmi,eye,10,None,ncep-air,/global/cfs/cdirs/m4293/taufique/NCEP-NCAR/pressure,"(0, 1, 2, 3)","(73, 144, 17, 14612)",7.293885573744774e-06,9.127706289291382e-05,4.822018348623853,,6.750559677137062,,,,0.39569816808216274,,36331.713552497014,0.0029854230162565673,12169703.708539596,12169649.475613108
ncep-air_tsvdmi_20_dct_0123_16_run1,True,ncep-air,tsvdmi,20,dct,0123,16,run1,tsvdmi,dct,20,None,ncep-air,/global/cfs/cdirs/m4293/taufique/NCEP-NCAR/pressure,"(0, 1, 2, 3)","(73, 144, 17, 14612)",6.374140243977308,2.4857930839061737e-05,2.4110091743119266,99.66039226902649,27.268505963962525,,,,0.4871559599414468,97.2179008051753,11045.647877514011,0.0009076349056603507,12169703.708648952,12169698.695792072
ncep-air_tsvdmi_20_dct_0123_32_run1,True,ncep-air,tsvdmi,20,dct,0123,32,run1,tsvdmi,dct,20,None,ncep-air,/global/cfs/cdirs/m4293/taufique/NCEP-NCAR/pressure,"(0, 1, 2, 3)","(73, 144, 17, 14612)",6.25083641288802,2.7744797989726067e-05,2.4110091743119266,88.08443695912138,14.900716290110722,,,,0.3832840849645436,67.13985533919185,11045.647877513999,0.0009076349056720457,12169703.70849213,12169698.695792072
ncep-air_tsvdmi_20_dct_0123_64_run1,True,ncep-air,tsvdmi,20,dct,0123,64,run1,tsvdmi,dct,20,None,ncep-air,/global/cfs/cdirs/m4293/taufique/NCEP-NCAR/pressure,"(0, 1, 2, 3)","(73, 144, 17, 14612)",6.420663316035643,2.3023923859000206e-05,2.4110091743119266,62.46129576396197,7.640778361121193,,,,0.26154760480858386,37.22228501713835,11045.647877514004,0.0009076349056685061,12169703.708539596,12169698.695792073
ncep-air_tsvdmi_20_dct_0123_8_run1,True,ncep-air,tsvdmi,20,dct,0123,8,run1,tsvdmi,dct,20,None,ncep-air,/global/cfs/cdirs/m4293/taufique/NCEP-NCAR/pressure,"(0, 1, 2, 3)","(73, 144, 17, 14612)",6.3122026128694415,2.819509245455265e-05,2.4110091743119266,190.71414016606286,52.855038087116554,,,,0.8050046330317855,189.338014540961,11045.647877514,0.0009076349056764645,12169703.708432883,12169698.695792051
ncep-air_tsvdmi_20_eye_0123_64_run1,True,ncep-air,tsvdmi,20,eye,0123,64,run1,tsvdmi,eye,20,None,ncep-air,/global/cfs/cdirs/m4293/taufique/NCEP-NCAR/pressure,"(0, 1, 2, 3)","(73, 144, 17, 14612)",5.901092663407326e-06,6.916397251188755e-05,2.4110091743119266,,8.684786506928504,,,,0.34876105189323425,,11042.920101206757,0.0009074107608271379,12169703.708539596,12169698.698267585
ncep-air_tsvdmi_40_dct_0123_16_run1,True,ncep-air,tsvdmi,40,dct,0123,16,run1,tsvdmi,dct,40,None,ncep-air,/global/cfs/cdirs/m4293/taufique/NCEP-NCAR/pressure,"(0, 1, 2, 3)","(73, 144, 17, 14612)",6.305108570959419,3.8264086470007896e-05,1.2055045871559633,97.0215011248365,44.79708300787024,,,,0.6647944780997932,97.83670225110836,781.0451515216192,6.417947143335413e-05,12169703.708648952,12169703.683437355
ncep-air_tsvdmi_40_dct_0123_32_run1,True,ncep-air,tsvdmi,40,dct,0123,32,run1,tsvdmi,dct,40,None,ncep-air,/global/cfs/cdirs/m4293/taufique/NCEP-NCAR/pressure,"(0, 1, 2, 3)","(73, 144, 17, 14612)",6.266157298814505,2.7934089303016663e-05,1.2055045871559633,90.37569822184741,24.507489847019315,,,,0.4591545748990029,54.466200354043394,781.045151521617,6.417947143418098e-05,12169703.70849213,12169703.683437353
ncep-air_tsvdmi_40_dct_0123_64_run1,True,ncep-air,tsvdmi,40,dct,0123,64,run1,tsvdmi,dct,40,None,ncep-air,/global/cfs/cdirs/m4293/taufique/NCEP-NCAR/pressure,"(0, 1, 2, 3)","(73, 144, 17, 14612)",6.428817581152543,2.5799963623285294e-05,1.2055045871559633,63.80772725515999,12.484809850109741,,,,0.33933020615950227,37.796214044094086,781.0451515216173,6.417947143393068e-05,12169703.708539596,12169703.683437364
ncep-air_tsvdmi_40_dct_0123_8_run1,True,ncep-air,tsvdmi,40,dct,0123,8,run1,tsvdmi,dct,40,None,ncep-air,/global/cfs/cdirs/m4293/taufique/NCEP-NCAR/pressure,"(0, 1, 2, 3)","(73, 144, 17, 14612)",6.409837459912524,3.058905713260174e-05,1.2055045871559633,189.92004471016116,87.4886312240269,,,,1.4374239309690893,188.75575002492405,781.0451515216174,6.417947143449346e-05,12169703.708432883,12169703.683437368
ncep-air_tsvdmi_40_eye_0123_64_run1,True,ncep-air,tsvdmi,40,eye,0123,64,run1,tsvdmi,eye,40,None,ncep-air,/global/cfs/cdirs/m4293/taufique/NCEP-NCAR/pressure,"(0, 1, 2, 3)","(73, 144, 17, 14612)",6.192130967974663e-06,6.939494051039219e-05,1.2055045871559633,,14.067470857873559,,,,0.369528440060094,,779.3011126341249,6.40361615449423e-05,12169703.708539596,12169703.683549147
ncep-air_tsvdmi_5_dct_0123_16_run1,True,ncep-air,tsvdmi,5,dct,0123,16,run1,tsvdmi,dct,5,None,ncep-air,/global/cfs/cdirs/m4293/taufique/NCEP-NCAR/pressure,"(0, 1, 2, 3)","(73, 144, 17, 14612)",6.346705747069791,3.5007018595933914e-05,9.644036697247707,99.1331160699483,14.181525595020503,,,,0.343874238897115,98.0500994680915,73154.31424649319,0.006011182851929481,12169703.708648952,12169483.834534949
ncep-air_tsvdmi_5_dct_0123_32_run1,True,ncep-air,tsvdmi,5,dct,0123,32,run1,tsvdmi,dct,5,None,ncep-air,/global/cfs/cdirs/m4293/taufique/NCEP-NCAR/pressure,"(0, 1, 2, 3)","(73, 144, 17, 14612)",6.214945173123851,2.2694002836942673e-05,9.644036697247707,54.4954323139973,7.469097055960447,,,,0.2735064709559083,53.65022109192796,73154.31424649316,0.00601118285200694,12169703.70849213,12169483.834534947
ncep-air_tsvdmi_5_dct_0123_64_run1,True,ncep-air,tsvdmi,5,dct,0123,64,run1,tsvdmi,dct,5,None,ncep-air,/global/cfs/cdirs/m4293/taufique/NCEP-NCAR/pressure,"(0, 1, 2, 3)","(73, 144, 17, 14612)",6.250965408980846,2.0077917724847794e-05,9.644036697247707,103.3098216787912,4.693779212189838,,,,0.26434948993846774,42.68336739996448,73154.31424649312,0.006011182851983491,12169703.708539596,12169483.834534938
ncep-air_tsvdmi_5_dct_0123_8_run1,True,ncep-air,tsvdmi,5,dct,0123,8,run1,tsvdmi,dct,5,None,ncep-air,/global/cfs/cdirs/m4293/taufique/NCEP-NCAR/pressure,"(0, 1, 2, 3)","(73, 144, 17, 14612)",6.271511647850275,3.4226104617118835e-05,9.644036697247707,190.90778400888667,26.766937137115747,,,,0.45836443500593305,190.67094444506802,73154.31424649303,0.0060111828520361945,12169703.708432883,12169483.834534952
ncep-air_tsvdmi_5_eye_0123_64_run1,True,ncep-air,tsvdmi,5,eye,0123,64,run1,tsvdmi,eye,5,None,ncep-air,/global/cfs/cdirs/m4293/taufique/NCEP-NCAR/pressure,"(0, 1, 2, 3)","(73, 144, 17, 14612)",6.503192707896233e-06,6.890296936035156e-05,9.644036697247707,,5.13808879093267,,,,0.30816673394292593,,74531.77725454612,0.006124370735685739,12169703.708539596,12169475.476242978
ncep-air_tsvdmii_0.0001_dct_0123_16_run1,True,ncep-air,tsvdmii,0.0001,dct,0123,16,run1,tsvdmii,dct,None,0.0001,ncep-air,/global/cfs/cdirs/m4293/taufique/NCEP-NCAR/pressure,"(0, 1, 2, 3)","(73, 144, 17, 14612)",6.295650405110791,3.203190863132477e-05,1.4877307759215899,97.01025400101207,,7.285446535097435,1.9154123452026397,40.31519537814893,12.024021707009524,96.7477488250006,1216.9689838290935,9.99998860255077e-05,12169703.708648952,12169703.647652483
ncep-air_tsvdmii_0.0001_dct_0123_32_run1,True,ncep-air,tsvdmii,0.0001,dct,0123,32,run1,tsvdmii,dct,None,0.0001,ncep-air,/global/cfs/cdirs/m4293/taufique/NCEP-NCAR/pressure,"(0, 1, 2, 3)","(73, 144, 17, 14612)",6.23016170412302,3.2844021916389465e-05,1.4877307759215899,73.8124098291155,,3.9422747269272804,1.9150572081562132,21.979140162933618,14.839266652939841,53.9209208751563,1216.9689838290951,9.999988602679645e-05,12169703.70849213,12169703.647652501
ncep-air_tsvdmii_0.0001_dct_0123_64_run1,True,ncep-air,tsvdmii,0.0001,dct,0123,64,run1,tsvdmii,dct,None,0.0001,ncep-air,/global/cfs/cdirs/m4293/taufique/NCEP-NCAR/pressure,"(0, 1, 2, 3)","(73, 144, 17, 14612)",6.244353702990338,2.374616451561451e-05,1.4877307759215899,45.57934871688485,,2.06346327601932,1.8989336600061506,11.199469089973718,20.92941748793237,35.855844455072656,1216.9689838290951,9.999988602640642e-05,12169703.708539596,12169703.647652503
ncep-air_tsvdmii_0.0001_dct_0123_8_run1,True,ncep-air,tsvdmii,0.0001,dct,0123,8,run1,tsvdmii,dct,None,0.0001,ncep-air,/global/cfs/cdirs/m4293/taufique/NCEP-NCAR/pressure,"(0, 1, 2, 3)","(73, 144, 17, 14612)",6.231566237984225,2.7342932298779488e-05,1.4877307759215899,190.89060566201806,,14.109217510791495,1.8934091171249747,78.24128454201855,11.127021973952651,189.16674421494827,1216.9689838290924,9.999988602728307e-05,12169703.708432883,12169703.647652464
ncep-air_tsvdmii_0.0001_dct_3012_64_run1,True,ncep-air,tsvdmii,0.0001,dct,3012,64,run1,tsvdmii,dct,None,0.0001,ncep-air,/global/cfs/cdirs/m4293/taufique/NCEP-NCAR/pressure,"(3, 0, 1, 2)","(14612, 73, 144, 17)",0.0015488248318433762,1.4306977391242981e-05,3.452361928770982,3.5993498580064625,,1.3095167260617018,0.019729830790311098,1.6888784877955914,5.94154061190784,1.4346748352982104,1216.963362057139,9.99994240782872e-05,12169703.70853743,12169703.64765292
ncep-air_tsvdmii_0.0001_eye_0123_64_run1,True,ncep-air,tsvdmii,0.0001,eye,0123,64,run1,tsvdmii,eye,None,0.0001,ncep-air,/global/cfs/cdirs/m4293/taufique/NCEP-NCAR/pressure,"(0, 1, 2, 3)","(73, 144, 17, 14612)",6.141839548945427e-06,7.115700282156467e-05,1.4910880754789855,,,3.3176489959005266,1.8503701069857925,11.787550816079602,20.224284388124943,,1216.9687930830917,9.999987035256521e-05,12169703.708539596,12169703.647652518
ncep-air_tsvdmii_0.001_dct_0123_16_run1,True,ncep-air,tsvdmii,0.001,dct,0123,16,run1,tsvdmii,dct,None,0.001,ncep-air,/global/cfs/cdirs/m4293/taufique/NCEP-NCAR/pressure,"(0, 1, 2, 3)","(73, 144, 17, 14612)",6.221936204936355,2.9286136850714684e-05,3.4247214206560264,101.84808146301657,,7.308231675066054,1.874965009978041,31.719703088980168,10.97234392305836,98.27027866337448,12169.69775204407,0.0009999995105382166,12169703.708648952,12169697.623653471
ncep-air_tsvdmii_0.001_dct_0123_32_run1,True,ncep-air,tsvdmii,0.001,dct,0123,32,run1,tsvdmii,dct,None,0.001,ncep-air,/global/cfs/cdirs/m4293/taufique/NCEP-NCAR/pressure,"(0, 1, 2, 3)","(73, 144, 17, 14612)",6.2497804700396955,4.360498860478401e-05,3.4247214206560264,107.8746917322278,,3.9424649979919195,1.9056456361431628,17.017794420942664,13.201748934108764,53.787067444995046,12169.697752044076,0.0009999995105511032,12169703.70849213,12169697.623653468
ncep-air_tsvdmii_0.001_dct_0123_64_run1,True,ncep-air,tsvdmii,0.001,dct,0123,64,run1,tsvdmii,dct,None,0.001,ncep-air,/global/cfs/cdirs/m4293/taufique/NCEP-NCAR/pressure,"(0, 1, 2, 3)","(73, 144, 17, 14612)",6.261137637076899,2.690195105969906e-05,3.4247214206560264,69.66607575514354,,2.199933516094461,1.9283050501253456,8.835857077036053,18.12707878695801,35.86257231910713,12169.697752044085,0.0009999995105472036,12169703.708539596,12169697.623653466
ncep-air_tsvdmii_0.001_dct_0123_8_run1,True,ncep-air,tsvdmii,0.001,dct,0123,8,run1,tsvdmii,dct,None,0.001,ncep-air,/global/cfs/cdirs/m4293/taufique/NCEP-NCAR/pressure,"(0, 1, 2, 3)","(73, 144, 17, 14612)",6.377107065171003,2.8676120564341545e-05,3.4247214206560264,191.8588222633116,,14.040062814950943,1.8744006440974772,60.480079238070175,10.085665892111138,188.97318717907183,12169.697752044061,0.0009999995105559704,12169703.708432883,12169697.623653455
ncep-air_tsvdmii_0.001_dct_3012_64_run1,True,ncep-air,tsvdmii,0.001,dct,3012,64,run1,tsvdmii,dct,None,0.001,ncep-air,/global/cfs/cdirs/m4293/taufique/NCEP-NCAR/pressure,"(3, 0, 1, 2)","(14612, 73, 144, 17)",0.001758683007210493,1.798500306904316e-05,10.959291423543092,3.7855879380367696,,1.5965997190214694,0.017244516871869564,0.722281098132953,1.8558211890049279,1.1818283470347524,12167.849111127209,0.0009998476053768737,12169703.70853743,12169697.625501826
ncep-air_tsvdmii_0.001_eye_0123_64_run1,True,ncep-air,tsvdmii,0.001,eye,0123,64,run1,tsvdmii,eye,None,0.001,ncep-air,/global/cfs/cdirs/m4293/taufique/NCEP-NCAR/pressure,"(0, 1, 2, 3)","(73, 144, 17, 14612)",4.92902472615242e-06,7.777102291584015e-05,2.637943532981125,,,3.189873858820647,1.8504867481533438,8.37438241718337,19.62904780986719,,12169.692458925616,0.0009999990756049408,12169703.708539596,12169697.623658754
ncep-air_tsvdmii_0.01_dct_0123_16_run1,True,ncep-air,tsvdmii,0.01,dct,0123,16,run1,tsvdmii,dct,None,0.01,ncep-air,/global/cfs/cdirs/m4293/taufique/NCEP-NCAR/pressure,"(0, 1, 2, 3)","(73, 144, 17, 14612)",6.244269736809656,2.6521040126681328e-05,1023.4181868348937,100.29130938393064,,7.269232369959354,1.8805683879181743,2.9882068291772157,1.6478445341344923,97.10773934423923,121695.07105660345,0.009999838448828902,12169703.708648952,12169095.227763683
ncep-air_tsvdmii_0.01_dct_0123_32_run1,True,ncep-air,tsvdmii,0.01,dct,0123,32,run1,tsvdmii,dct,None,0.01,ncep-air,/global/cfs/cdirs/m4293/taufique/NCEP-NCAR/pressure,"(0, 1, 2, 3)","(73, 144, 17, 14612)",6.28141292789951,3.4366967156529427e-05,1023.4181868348937,66.65072196512483,,3.9320233759935945,1.8813422580715269,2.005040912888944,2.3956303531304,53.60592935909517,121695.07105660331,0.00999983844895775,12169703.70849213,12169095.227763683
ncep-air_tsvdmii_0.01_dct_0123_64_run1,True,ncep-air,tsvdmii,0.01,dct,0123,64,run1,tsvdmii,dct,None,0.01,ncep-air,/global/cfs/cdirs/m4293/taufique/NCEP-NCAR/pressure,"(0, 1, 2, 3)","(73, 144, 17, 14612)",6.291655742097646,3.555789589881897e-05,1023.4181868348937,60.7002617593389,,2.2585911380592734,1.8748785150237381,1.2048167679458857,3.442843056982383,38.504628382157534,121695.07105660337,0.009999838448918752,12169703.708539596,12169095.227763677
ncep-air_tsvdmii_0.01_dct_0123_8_run1,True,ncep-air,tsvdmii,0.01,dct,0123,8,run1,tsvdmii,dct,None,0.01,ncep-air,/global/cfs/cdirs/m4293/taufique/NCEP-NCAR/pressure,"(0, 1, 2, 3)","(73, 144, 17, 14612)",6.329310251865536,2.3295171558856964e-05,1023.4181868348937,195.6321145792026,,14.038544163107872,1.8769879750907421,3.262411361094564,1.2889405051246285,190.3809722510632,121695.07105660364,0.00999983844900646,12169703.708432883,12169095.227763686
ncep-air_tsvdmii_0.01_dct_3012_64_run1,True,ncep-air,tsvdmii,0.01,dct,3012,64,run1,tsvdmii,dct,None,0.01,ncep-air,/global/cfs/cdirs/m4293/taufique/NCEP-NCAR/pressure,"(3, 0, 1, 2)","(14612, 73, 144, 17)",0.0012183249928057194,7.904833182692528e-06,630.5090214736281,1.6023506647907197,,0.5025658500380814,0.016066390089690685,0.16699818684719503,0.1399835089687258,1.1567113129422069,121540.37905139462,0.009987127210511313,12169703.70853743,12169096.77375279
ncep-air_tsvdmii_0.01_eye_0123_64_run1,True,ncep-air,tsvdmii,0.01,eye,0123,64,run1,tsvdmii,eye,None,0.01,ncep-air,/global/cfs/cdirs/m4293/taufique/NCEP-NCAR/pressure,"(0, 1, 2, 3)","(73, 144, 17, 14612)",5.910871550440788e-06,7.283082231879234e-05,23.010001649599655,,,3.3592989922035486,1.9071562138851732,4.554151816992089,14.945216161897406,,121696.81925655498,0.00999998210072766,12169703.708539596,12169095.210280955
ncep-air_tsvdmii_0.025_dct_0123_16_run1,True,ncep-air,tsvdmii,0.025,dct,0123,16,run1,tsvdmii,dct,None,0.025,ncep-air,/global/cfs/cdirs/m4293/taufique/NCEP-NCAR/pressure,"(0, 1, 2, 3)","(73, 144, 17, 14612)",6.38434673496522,1.8385937437415123e-05,1497260.8073394496,99.15893471008167,,7.397012418136001,1.9040471389889717,0.01857979199849069,1.6704127760604024,97.51597782108001,285406.0660675334,0.023452178697226347,12169703.708648952,12166356.551168129
ncep-air_tsvdmii_0.025_dct_0123_32_run1,True,ncep-air,tsvdmii,0.025,dct,0123,32,run1,tsvdmii,dct,None,0.025,ncep-air,/global/cfs/cdirs/m4293/taufique/NCEP-NCAR/pressure,"(0, 1, 2, 3)","(73, 144, 17, 14612)",6.239646188914776,3.573903813958168e-05,1497260.8073394496,54.10925610316917,,3.9781853179447353,1.883318596985191,0.01908445591107011,2.0716574469115585,53.58915888192132,285406.066067534,0.023452178697528605,12169703.70849213,12166356.551168153
ncep-air_tsvdmii_0.025_dct_0123_64_run1,True,ncep-air,tsvdmii,0.025,dct,0123,64,run1,tsvdmii,dct,None,0.025,ncep-air,/global/cfs/cdirs/m4293/taufique/NCEP-NCAR/pressure,"(0, 1, 2, 3)","(73, 144, 17, 14612)",6.282047498971224,5.410495214164257e-05,1497260.8073394496,78.3664006749168,,2.1589680081233382,1.8836308938916773,0.018984874011948705,2.8595663050655276,44.317952543031424,285406.06606753374,0.023452178697437112,12169703.708539596,12166356.551168144
ncep-air_tsvdmii_0.025_dct_0123_8_run1,True,ncep-air,tsvdmii,0.025,dct,0123,8,run1,tsvdmii,dct,None,0.025,ncep-air,/global/cfs/cdirs/m4293/taufique/NCEP-NCAR/pressure,"(0, 1, 2, 3)","(73, 144, 17, 14612)",6.313305072020739,2.8907088562846184e-05,1497260.8073394496,190.81817293097265,,14.034424419980496,1.8646861109882593,0.020540575962513685,0.9126955419778824,189.53340045595542,285406.0660675334,0.02345217869764273,12169703.708432883,12166356.551168142
ncep-air_tsvdmii_0.025_dct_3012_64_run1,True,ncep-air,tsvdmii,0.025,dct,3012,64,run1,tsvdmii,dct,None,0.025,ncep-air,/global/cfs/cdirs/m4293/taufique/NCEP-NCAR/pressure,"(3, 0, 1, 2)","(14612, 73, 144, 17)",0.0008876228239387274,9.369105100631714e-06,25400.506293651873,3.8819894769694656,,1.545994171872735,0.016928644152358174,0.015228664968162775,0.035220504039898515,1.4675941609311849,268747.5920847795,0.02208333074668405,12169703.70853743,12166735.925647847
ncep-air_tsvdmii_0.025_eye_0123_64_run1,True,ncep-air,tsvdmii,0.025,eye,0123,64,run1,tsvdmii,eye,None,0.025,ncep-air,/global/cfs/cdirs/m4293/taufique/NCEP-NCAR/pressure,"(0, 1, 2, 3)","(73, 144, 17, 14612)",6.302958354353905e-06,8.684815838932991e-05,48.244655018630716,,,3.268245560117066,1.8411051779985428,3.928130927029997,5.090968186967075,,303049.5737950997,0.024901968121249077,12169703.708539596,12165929.857948495
ncep-air_tsvdmii_0.050_dct_0123_16_run1,True,ncep-air,tsvdmii,0.050,dct,0123,16,run1,tsvdmii,dct,None,0.05,ncep-air,/global/cfs/cdirs/m4293/taufique/NCEP-NCAR/pressure,"(0, 1, 2, 3)","(73, 144, 17, 14612)",6.228714596945792,3.1992094591259956e-05,2994521.6146788993,96.60462360992096,,7.163339242106304,1.8856758349575102,0.016403106041252613,1.4443324320018291,96.95554260001518,394247.720637216,0.03239583559926985,12169703.708648952,12163316.039940458
ncep-air_tsvdmii_0.050_dct_0123_32_run1,True,ncep-air,tsvdmii,0.050,dct,0123,32,run1,tsvdmii,dct,None,0.05,ncep-air,/global/cfs/cdirs/m4293/taufique/NCEP-NCAR/pressure,"(0, 1, 2, 3)","(73, 144, 17, 14612)",6.287423429079354,3.141118213534355e-05,2994521.6146788993,55.18978394498117,,3.988528454909101,1.8825566319283098,0.01675588614307344,2.3124545111786574,54.2813590541482,394247.72063721635,0.03239583559968734,12169703.70849213,12163316.039940447
ncep-air_tsvdmii_0.050_dct_0123_64_run1,True,ncep-air,tsvdmii,0.050,dct,0123,64,run1,tsvdmii,dct,None,0.05,ncep-air,/global/cfs/cdirs/m4293/taufique/NCEP-NCAR/pressure,"(0, 1, 2, 3)","(73, 144, 17, 14612)",6.253559347009286,2.7894042432308197e-05,2994521.6146788993,92.33189225196838,,2.7866850399877876,1.9071434191428125,0.024637902155518532,3.292718325043097,40.090811111964285,394247.720637216,0.032395835599560954,12169703.708539596,12163316.039940447
ncep-air_tsvdmii_0.050_dct_0123_8_run1,True,ncep-air,tsvdmii,0.050,dct,0123,8,run1,tsvdmii,dct,None,0.05,ncep-air,/global/cfs/cdirs/m4293/taufique/NCEP-NCAR/pressure,"(0, 1, 2, 3)","(73, 144, 17, 14612)",6.215865961043164,1.739407889544964e-05,2994521.6146788993,189.89761859900318,,14.038307734997943,1.8691494308877736,0.017906724009662867,0.937711153877899,188.5292816828005,394247.7206372158,0.03239583559984501,12169703.708432883,12163316.039940454
ncep-air_tsvdmii_0.050_dct_3012_64_run1,True,ncep-air,tsvdmii,0.050,dct,3012,64,run1,tsvdmii,dct,None,0.05,ncep-air,/global/cfs/cdirs/m4293/taufique/NCEP-NCAR/pressure,"(3, 0, 1, 2)","(14612, 73, 144, 17)",0.0015597669407725334,2.0328909158706665e-05,44450.886013890784,3.4933987020049244,,1.5760330250486732,0.016704797046259046,0.013386175036430359,0.04352166480384767,2.0185508823487908,376812.8295723918,0.030963188471716512,12169703.70853743,12163868.646288894
ncep-air_tsvdmii_0.050_eye_0123_64_run1,True,ncep-air,tsvdmii,0.050,eye,0123,64,run1,tsvdmii,eye,None,0.05,ncep-air,/global/cfs/cdirs/m4293/taufique/NCEP-NCAR/pressure,"(0, 1, 2, 3)","(73, 144, 17, 14612)",4.769070073962212e-06,6.738118827342987e-05,48.36543321320368,,,3.2863893311005086,1.919223367003724,3.3592502118553966,5.086230203974992,,607760.1408433235,0.049940422166305704,12169703.708539596,12154518.335331192
ncep-air_tsvdmii_0.1_dct_0123_16_run1,True,ncep-air,tsvdmii,0.1,dct,0123,16,run1,tsvdmii,dct,None,0.1,ncep-air,/global/cfs/cdirs/m4293/taufique/NCEP-NCAR/pressure,"(0, 1, 2, 3)","(73, 144, 17, 14612)",6.223474725149572,2.8555048629641533e-05,3992695.4862385322,99.54821413592435,,7.32572159008123,1.8991535501554608,0.015386505983769894,1.5375806379597634,96.87342215003446,480341.8044539271,0.03947029574044193,12169703.708648952,12160220.396999046
ncep-air_tsvdmii_0.1_dct_0123_32_run1,True,ncep-air,tsvdmii,0.1,dct,0123,32,run1,tsvdmii,dct,None,0.1,ncep-air,/global/cfs/cdirs/m4293/taufique/NCEP-NCAR/pressure,"(0, 1, 2, 3)","(73, 144, 17, 14612)",6.386964306933805,6.621889770030975e-05,3992695.4862385322,68.41375481896102,,3.9646487198770046,1.8880871089641005,0.01723042386583984,2.297758631175384,53.78806365490891,480341.8044539244,0.03947029574095033,12169703.70849213,12160220.3969986
ncep-air_tsvdmii_0.1_dct_0123_64_run1,True,ncep-air,tsvdmii,0.1,dct,0123,64,run1,tsvdmii,dct,None,0.1,ncep-air,/global/cfs/cdirs/m4293/taufique/NCEP-NCAR/pressure,"(0, 1, 2, 3)","(73, 144, 17, 14612)",6.292953404830769,4.407484084367752e-05,3992695.4862385322,72.89386534621008,,2.161252703052014,1.8756175029557198,0.01584419305436313,2.8632561629638076,53.39810728095472,480341.8044539239,0.03947029574079634,12169703.708539596,12160220.39699934
ncep-air_tsvdmii_0.1_dct_0123_8_run1,True,ncep-air,tsvdmii,0.1,dct,0123,8,run1,tsvdmii,dct,None,0.1,ncep-air,/global/cfs/cdirs/m4293/taufique/NCEP-NCAR/pressure,"(0, 1, 2, 3)","(73, 144, 17, 14612)",6.316198472864926,6.718002259731293e-05,3992695.4862385322,189.42072709207423,,14.073077036067843,1.8944916180334985,0.016252733068540692,0.933147040894255,189.52092584804632,480341.8044539285,0.03947029574114283,12169703.708432883,12160220.396998707
ncep-air_tsvdmii_0.1_dct_3012_64_run1,True,ncep-air,tsvdmii,0.1,dct,3012,64,run1,tsvdmii,dct,None,0.1,ncep-air,/global/cfs/cdirs/m4293/taufique/NCEP-NCAR/pressure,"(3, 0, 1, 2)","(14612, 73, 144, 17)",0.0012854649685323238,8.967937901616096e-06,59267.84801852104,3.897912859916687,,2.046088753035292,0.016273044049739838,0.015517428051680326,0.03698729816824198,2.057940716855228,477791.3115597707,0.0392607185025043,12169703.70853743,12160320.87632965
ncep-air_tsvdmii_0.1_eye_0123_64_run1,True,ncep-air,tsvdmii,0.1,eye,0123,64,run1,tsvdmii,eye,None,0.1,ncep-air,/global/cfs/cdirs/m4293/taufique/NCEP-NCAR/pressure,"(0, 1, 2, 3)","(73, 144, 17, 14612)",5.820998921990395e-06,9.520398452877998e-05,48.85186490063133,,,3.1273546449374408,1.8501305321697146,2.894910995848477,4.901018606033176,,1216752.7323749545,0.09998211636994479,12169703.708539596,12108724.174782328
ncep-air_tsvdmii_0.25_dct_0123_16_run1,True,ncep-air,tsvdmii,0.25,dct,0123,16,run1,tsvdmii,dct,None,0.25,ncep-air,/global/cfs/cdirs/m4293/taufique/NCEP-NCAR/pressure,"(0, 1, 2, 3)","(73, 144, 17, 14612)",6.416819587117061,3.748200833797455e-05,5989043.229357799,99.5463083148934,,7.2993119969032705,1.9020142978988588,0.01922635198570788,1.5100440080277622,98.52770925196819,701794.7617866733,0.057667366321162865,12169703.708648952,12149451.529392017
ncep-air_tsvdmii_0.25_dct_0123_32_run1,True,ncep-air,tsvdmii,0.25,dct,0123,32,run1,tsvdmii,dct,None,0.25,ncep-air,/global/cfs/cdirs/m4293/taufique/NCEP-NCAR/pressure,"(0, 1, 2, 3)","(73, 144, 17, 14612)",6.262606085976586,3.488804213702679e-05,5989043.229357799,88.9971493310295,,3.947960121091455,1.8775191570166498,0.015051957918331027,2.081879205070436,53.80294946604408,701794.7617866719,0.05766736632190586,12169703.70849213,12149451.52939188
ncep-air_tsvdmii_0.25_dct_0123_64_run1,True,ncep-air,tsvdmii,0.25,dct,0123,64,run1,tsvdmii,dct,None,0.25,ncep-air,/global/cfs/cdirs/m4293/taufique/NCEP-NCAR/pressure,"(0, 1, 2, 3)","(73, 144, 17, 14612)",6.278178639011458,3.0769966542720795e-05,5989043.229357799,56.28757086303085,,2.1770704640075564,1.9202650859951973,0.023690348025411367,3.640922682126984,37.73424568865448,701794.761786674,0.05766736632168111,12169703.708539596,12149451.529391427
ncep-air_tsvdmii_0.25_dct_0123_8_run1,True,ncep-air,tsvdmii,0.25,dct,0123,8,run1,tsvdmii,dct,None,0.25,ncep-air,/global/cfs/cdirs/m4293/taufique/NCEP-NCAR/pressure,"(0, 1, 2, 3)","(73, 144, 17, 14612)",6.4020937390159816,3.4397002309560776e-05,5989043.229357799,189.15476237796247,,14.018718214007095,1.8825517469085753,0.02287550689652562,1.0437664620112628,188.9617650222499,701794.7617866702,0.05766736632218647,12169703.708432883,12149451.529392485
ncep-air_tsvdmii_0.25_dct_3012_64_run1,True,ncep-air,tsvdmii,0.25,dct,3012,64,run1,tsvdmii,dct,None,0.25,ncep-air,/global/cfs/cdirs/m4293/taufique/NCEP-NCAR/pressure,"(3, 0, 1, 2)","(14612, 73, 144, 17)",0.0010277240071445704,1.0140007361769676e-05,88901.77202778157,3.6685614867601544,,1.6689487921539694,0.016560522839426994,0.013058866141363978,0.030233019962906837,1.680367172928527,700086.5243818782,0.0575269982859768,12169703.70853743,12149550.082660656
ncep-air_tsvdmii_0.25_eye_0123_64_run1,True,ncep-air,tsvdmii,0.25,eye,0123,64,run1,tsvdmii,eye,None,0.25,ncep-air,/global/cfs/cdirs/m4293/taufique/NCEP-NCAR/pressure,"(0, 1, 2, 3)","(73, 144, 17, 14612)",7.244059816002846e-06,9.519304148852825e-05,52.46160650450724,,,3.2729542690794915,1.8611927670426667,2.8670278459321707,4.835594658041373,,3042273.6062268605,0.24998748359765477,12169703.708539596,11783304.275862223
traffic-color_hosvd_0.0001_eye_0123_1_run1,True,traffic-color,hosvd,0.0001,eye,0123,1,run1,hosvd,eye,None,0.0001,traffic-color,data/traffic.bin,"(0, 1, 2, 3)","(120, 160, 3, 120)",,,127.035471420695,,,,,,,,3.22692509439458e-15,3.22692509439458e-15,1,0.999999999999999
traffic-color_hosvd_0.0001_eye_0321_1_run1,True,traffic-color,hosvd,0.0001,eye,0321,1,run1,hosvd,eye,None,0.0001,traffic-color,data/traffic.bin,"(0, 3, 2, 1)","(120, 120, 3, 160)",,,127.035471420695,,,,,,,,1.76004591386125e-15,1.76004591386125e-15,0.999999999999999,1
traffic-color_hosvd_0.001_eye_0123_1_run1,True,traffic-color,hosvd,0.001,eye,0123,1,run1,hosvd,eye,None,0.001,traffic-color,data/traffic.bin,"(0, 1, 2, 3)","(120, 160, 3, 120)",,,127.035471420695,,,,,,,,3.22692509439458e-15,3.22692509439458e-15,1,0.999999999999999
traffic-color_hosvd_0.001_eye_0321_1_run1,True,traffic-color,hosvd,0.001,eye,0321,1,run1,hosvd,eye,None,0.001,traffic-color,data/traffic.bin,"(0, 3, 2, 1)","(120, 120, 3, 160)",,,127.035471420695,,,,,,,,1.76004591386125e-15,1.76004591386125e-15,0.999999999999999,1
traffic-color_hosvd_0.01_eye_0123_1_run1,True,traffic-color,hosvd,0.01,eye,0123,1,run1,hosvd,eye,None,0.01,traffic-color,data/traffic.bin,"(0, 1, 2, 3)","(120, 160, 3, 120)",,,130.983513359864,,,,,,,,0.00796754329410038,0.00796754329410038,1,0.999968258623163
traffic-color_hosvd_0.01_eye_0321_1_run1,True,traffic-color,hosvd,0.01,eye,0321,1,run1,hosvd,eye,None,0.01,traffic-color,data/traffic.bin,"(0, 3, 2, 1)","(120, 120, 3, 160)",,,130.983513359864,,,,,,,,0.00796752642223768,0.00796752642223769,0.999999999999999,0.999968258757596
traffic-color_hosvd_0.025_eye_0123_1_run1,True,traffic-color,hosvd,0.025,eye,0123,1,run1,hosvd,eye,None,0.025,traffic-color,data/traffic.bin,"(0, 1, 2, 3)","(120, 160, 3, 120)",,,144.572265216482,,,,,,,,0.0211781094707083,0.0211781094707083,1,0.999775718688563
traffic-color_hosvd_0.025_eye_0321_1_run1,True,traffic-color,hosvd,0.025,eye,0321,1,run1,hosvd,eye,None,0.025,traffic-color,data/traffic.bin,"(0, 3, 2, 1)","(120, 120, 3, 160)",,,144.210306697267,,,,,,,,0.0207399349935972,0.0207399349935972,0.999999999999999,0.999784904415168
traffic-color_hosvd_0.050_eye_0123_1_run1,True,traffic-color,hosvd,0.050,eye,0123,1,run1,hosvd,eye,None,0.05,traffic-color,data/traffic.bin,"(0, 1, 2, 3)","(120, 160, 3, 120)",,,176.475093828989,,,,,,,,0.047081175029852,0.047081175029852,1,0.998891066612269
traffic-color_hosvd_0.050_eye_0321_1_run1,True,traffic-color,hosvd,0.050,eye,0321,1,run1,hosvd,eye,None,0.05,traffic-color,data/traffic.bin,"(0, 3, 2, 1)","(120, 120, 3, 160)",,,176.655506427786,,,,,,,,0.0469616876876388,0.0469616876876388,0.999999999999999,0.998896691299715
traffic-color_hosvd_0.1_eye_0123_1_run1,True,traffic-color,hosvd,0.1,eye,0123,1,run1,hosvd,eye,None,0.1,traffic-color,data/traffic.bin,"(0, 1, 2, 3)","(120, 160, 3, 120)",,,277.735363844577,,,,,,,,0.0875449591058458,0.0875449591058458,1,0.996160569454114
traffic-color_hosvd_0.1_eye_0321_1_run1,True,traffic-color,hosvd,0.1,eye,0321,1,run1,hosvd,eye,None,0.1,traffic-color,data/traffic.bin,"(0, 3, 2, 1)","(120, 120, 3, 160)",,,279.985417426176,,,,,,,,0.087384423276675,0.0873844232766752,0.999999999999999,0.996174664689176
traffic-color_hosvd_0.25_eye_0123_1_run1,True,traffic-color,hosvd,0.25,eye,0123,1,run1,hosvd,eye,None,0.25,traffic-color,data/traffic.bin,"(0, 1, 2, 3)","(120, 160, 3, 120)",,,1692.458374143,,,,,,,,0.218551803452039,0.218551803452039,1,0.975825347696937
traffic-color_hosvd_0.25_eye_0321_1_run1,True,traffic-color,hosvd,0.25,eye,0321,1,run1,hosvd,eye,None,0.25,traffic-color,data/traffic.bin,"(0, 3, 2, 1)","(120, 120, 3, 160)",,,1896.81668496158,,,,,,,,0.2184601503981,0.2184601503981,0.999999999999999,0.975845870354549
traffic-color_hosvd_0.5_eye_0123_1_run1,True,traffic-color,hosvd,0.5,eye,0123,1,run1,hosvd,eye,None,0.5,traffic-color,data/traffic.bin,"(0, 1, 2, 3)","(120, 160, 3, 120)",,,17108.9108910891,,,,,,,,0.251372132322558,0.251372132322558,1,0.967890516066564
traffic-color_hosvd_0.5_eye_0321_1_run1,True,traffic-color,hosvd,0.5,eye,0321,1,run1,hosvd,eye,None,0.5,traffic-color,data/traffic.bin,"(0, 3, 2, 1)","(120, 120, 3, 160)",,,17108.9108910891,,,,,,,,0.251372134512389,0.25137213451239,0.999999999999999,0.967890515497838
traffic-color_tsvdmi_10_dct_0123_64_run1,True,traffic-color,tsvdmi,10,dct,0123,64,run1,tsvdmi,dct,10,None,traffic-color,data/traffic.bin,"(0, 1, 2, 3)","(120, 160, 3, 120)",0.0007165819988586009,1.1743046343326569e-05,6.832740213523132,0.06562165101058781,0.01604702399345115,,,,0.0021725900005549192,0.0164093729108572,0.13011940256905752,0.13011940256905757,0.9999999999999996,0.9914983313526408
traffic-color_tsvdmi_10_dct_0321_64_run1,True,traffic-color,tsvdmi,10,dct,0321,64,run1,tsvdmi,dct,10,None,traffic-color,data/traffic.bin,"(0, 3, 2, 1)","(120, 120, 3, 160)",0.0007000710465945303,9.579001925885677e-06,5.975103734439834,0.060075933986809105,0.018266796017996967,,,,0.0025258350069634616,0.02232922794064507,0.08589191512335652,0.08589191512335656,0.9999999999999994,0.9963044609537999
traffic-color_tsvdmi_10_eye_0123_64_run1,True,traffic-color,tsvdmi,10,eye,0123,64,run1,tsvdmi,eye,10,None,traffic-color,data/traffic.bin,"(0, 1, 2, 3)","(120, 160, 3, 120)",2.195010893046856e-06,3.7551973946392536e-05,6.832740213523132,,0.07711423002183437,,,,0.0021248679840937257,,0.13353527638230905,0.1335352763823091,0.9999999999999996,0.9910440605550795
traffic-color_tsvdmi_10_eye_0321_64_run1,True,traffic-color,tsvdmi,10,eye,0321,64,run1,tsvdmi,eye,10,None,traffic-color,data/traffic.bin,"(0, 3, 2, 1)","(120, 120, 3, 160)",2.335000317543745e-06,3.975699655711651e-05,5.975103734439834,,0.07087322400184348,,,,0.0020221429876983166,,0.07661975972686413,0.07661975972686418,0.9999999999999994,0.9970603855431215
traffic-color_tsvdmi_10_hosvd_0123_64_run1,True,traffic-color,tsvdmi,10,hosvd,0123,64,run1,tsvdmi,hosvd,10,None,traffic-color,data/traffic.bin,"(0, 1, 2, 3)","(120, 160, 3, 120)",0.636232094024308,9.306002175435424e-05,6.832740213523132,0.06819387403083965,0.01575969997793436,,,,0.002491586026735604,0.007851945993024856,0.13768606214073012,0.13768606214073018,0.9999999999999996,0.9904759200970894
traffic-color_tsvdmi_10_hosvd_0321_64_run1,True,traffic-color,tsvdmi,10,hosvd,0321,64,run1,tsvdmi,hosvd,10,None,traffic-color,data/traffic.bin,"(0, 3, 2, 1)","(120, 120, 3, 160)",0.5702580030192621,3.179104533046484e-05,5.975103734439834,0.07898864703020081,0.0182958030491136,,,,0.0036610569804906845,0.01156949094729498,0.08598433770057765,0.08598433770057769,0.9999999999999994,0.9962964888376322
traffic-color_tsvdmi_20_dct_0123_64_run1,True,traffic-color,tsvdmi,20,dct,0123,64,run1,tsvdmi,dct,20,None,traffic-color,data/traffic.bin,"(0, 1, 2, 3)","(120, 160, 3, 120)",0.0005737469764426351,9.6180010586977e-06,3.416370106761566,0.05728695401921868,0.022502566978801042,,,,0.002614544006064534,0.021984616992995143,0.09694465415654269,0.09694465415654273,0.9999999999999996,0.9952897739002786
traffic-color_tsvdmi_20_dct_0321_64_run1,True,traffic-color,tsvdmi,20,dct,0321,64,run1,tsvdmi,dct,20,None,traffic-color,data/traffic.bin,"(0, 3, 2, 1)","(120, 120, 3, 160)",0.0007263220031745732,8.725968655198812e-06,2.987551867219917,0.06824283598689362,0.031795558985322714,,,,0.003373199957422912,0.01119943696539849,0.06051452613671406,0.0605145261367141,0.9999999999999994,0.9981673166991839
traffic-color_tsvdmi_20_eye_0123_64_run1,True,traffic-color,tsvdmi,20,eye,0123,64,run1,tsvdmi,eye,20,None,traffic-color,data/traffic.bin,"(0, 1, 2, 3)","(120, 160, 3, 120)",2.4239998310804367e-06,4.037801409140229e-05,3.416370106761566,,0.08694056601962075,,,,0.0027162120095454156,,0.10023892272974057,0.10023892272974061,0.9999999999999996,0.9949633954925082
traffic-color_tsvdmi_20_eye_0321_64_run1,True,traffic-color,tsvdmi,20,eye,0321,64,run1,tsvdmi,eye,20,None,traffic-color,data/traffic.bin,"(0, 3, 2, 1)","(120, 120, 3, 160)",2.5050248950719833e-06,3.865495091304183e-05,2.987551867219917,,0.08651467302115634,,,,0.002524362993426621,,0.04611600777885279,0.046116007778852816,0.9999999999999994,0.99893609096205
traffic-color_tsvdmi_20_hosvd_0123_64_run1,True,traffic-color,tsvdmi,20,hosvd,0123,64,run1,tsvdmi,hosvd,20,None,traffic-color,data/traffic.bin,"(0, 1, 2, 3)","(120, 160, 3, 120)",0.5936516639776528,3.09899915009737e-05,3.416370106761566,0.05955357395578176,0.0223665299708955,,,,0.0025588379940018058,0.008372068987227976,0.10372733313161675,0.10372733313161679,0.9999999999999996,0.9946057713292231
traffic-color_tsvdmi_20_hosvd_0321_64_run1,True,traffic-color,tsvdmi,20,hosvd,0321,64,run1,tsvdmi,hosvd,20,None,traffic-color,data/traffic.bin,"(0, 3, 2, 1)","(120, 120, 3, 160)",0.5828287299955264,3.104994539171457e-05,2.987551867219917,0.07079261098988354,0.026975365995895118,,,,0.00272229197435081,0.009817857993766665,0.06040231336004557,0.060402313360045604,0.9999999999999994,0.9981741133393291
traffic-color_tsvdmi_40_dct_0123_64_run1,True,traffic-color,tsvdmi,40,dct,0123,64,run1,tsvdmi,dct,40,None,traffic-color,data/traffic.bin,"(0, 1, 2, 3)","(120, 160, 3, 120)",0.0006883889436721802,9.608978871256113e-06,1.708185053380783,0.07119422301184386,0.03972687799250707,,,,0.0029069510055705905,0.008398721052799374,0.054469751614792575,0.054469751614792596,0.9999999999999996,0.9985154210922444
traffic-color_tsvdmi_40_dct_0321_64_run1,True,traffic-color,tsvdmi,40,dct,0321,64,run1,tsvdmi,dct,40,None,traffic-color,data/traffic.bin,"(0, 3, 2, 1)","(120, 120, 3, 160)",0.0008504320285283029,1.1621974408626556e-05,1.4937759336099585,0.06650298298336565,0.04236817196942866,,,,0.003262416983488947,0.009475757949985564,0.032756934459756214,0.032756934459756235,0.9999999999999994,0.9994633476245134
traffic-color_tsvdmi_40_eye_0123_64_run1,True,traffic-color,tsvdmi,40,eye,0123,64,run1,tsvdmi,eye,40,None,traffic-color,data/traffic.bin,"(0, 1, 2, 3)","(120, 160, 3, 120)",4.258006811141968e-06,5.559698911383748e-05,1.708185053380783,,0.09973812598036602,,,,0.002171681961044669,,0.05805497405675275,0.05805497405675278,0.9999999999999996,0.9983133876630472
traffic-color_tsvdmi_40_eye_0321_64_run1,True,traffic-color,tsvdmi,40,eye,0321,64,run1,tsvdmi,eye,40,None,traffic-color,data/traffic.bin,"(0, 3, 2, 1)","(120, 120, 3, 160)",3.296008799225092e-06,5.7010038290172815e-05,1.4937759336099585,,0.10000477294670418,,,,0.002482179959770292,,0.020364961313373536,0.020364961313373547,0.9999999999999994,0.9997926126706002
traffic-color_tsvdmi_40_hosvd_0123_64_run1,True,traffic-color,tsvdmi,40,hosvd,0123,64,run1,tsvdmi,hosvd,40,None,traffic-color,data/traffic.bin,"(0, 1, 2, 3)","(120, 160, 3, 120)",0.5953601630171761,2.5179004296660423e-05,1.708185053380783,0.07744514697697014,0.035328508995007724,,,,0.003216418030206114,0.009032163012307137,0.06103503432528853,0.061035034325288555,0.9999999999999996,0.9981356243441607
traffic-color_tsvdmi_40_hosvd_0321_64_run1,True,traffic-color,tsvdmi,40,hosvd,0321,64,run1,tsvdmi,hosvd,40,None,traffic-color,data/traffic.bin,"(0, 3, 2, 1)","(120, 120, 3, 160)",0.6126245990162715,2.7192989364266396e-05,1.4937759336099585,0.06694652797887102,0.042376236990094185,,,,0.003388259036000818,0.010173846036195755,0.03254974848681801,0.032549748486818034,0.9999999999999994,0.9994701165484868
traffic-color_tsvdmi_5_dct_0123_64_run1,True,traffic-color,tsvdmi,5,dct,0123,64,run1,tsvdmi,dct,5,None,traffic-color,data/traffic.bin,"(0, 1, 2, 3)","(120, 160, 3, 120)",0.0009383599972352386,1.8836988601833582e-05,13.665480427046264,0.10764656501123682,0.015028139052446932,,,,0.0024937400012277067,0.007064467994496226,0.1578849828727946,0.15788498287279468,0.9999999999999996,0.9874575090520386
traffic-color_tsvdmi_5_dct_0321_64_run1,True,traffic-color,tsvdmi,5,dct,0321,64,run1,tsvdmi,dct,5,None,traffic-color,data/traffic.bin,"(0, 3, 2, 1)","(120, 120, 3, 160)",0.0009761439869180322,1.3707031030207872e-05,11.950207468879668,0.06944023794494569,0.018962369009386748,,,,0.0030520509462803602,0.01139741891529411,0.10915979484721836,0.10915979484721841,0.9999999999999994,0.994024214588816
traffic-color_tsvdmi_5_eye_0123_64_run1,True,traffic-color,tsvdmi,5,eye,0123,64,run1,tsvdmi,eye,5,None,traffic-color,data/traffic.bin,"(0, 1, 2, 3)","(120, 160, 3, 120)",2.2650347091257572e-06,4.172098124399781e-05,13.665480427046264,,0.07191806699847803,,,,0.0017220010049641132,,0.16101891499414092,0.161018914994141,0.9999999999999996,0.9869513204885588
traffic-color_tsvdmi_5_eye_0321_64_run1,True,traffic-color,tsvdmi,5,eye,0321,64,run1,tsvdmi,eye,5,None,traffic-color,data/traffic.bin,"(0, 3, 2, 1)","(120, 120, 3, 160)",2.1440209820866585e-06,3.8483995012938976e-05,11.950207468879668,,0.08042678300989792,,,,0.002376076008658856,,0.1036865204286464,0.10368652042864646,0.9999999999999994,0.9946100268353422
traffic-color_tsvdmi_5_hosvd_0123_64_run1,True,traffic-color,tsvdmi,5,hosvd,0123,64,run1,tsvdmi,hosvd,5,None,traffic-color,data/traffic.bin,"(0, 1, 2, 3)","(120, 160, 3, 120)",0.6427629219833761,3.169098636135459e-05,13.665480427046264,0.06644021003739908,0.012801904988009483,,,,0.0028245089924894273,0.007735621999017894,0.166339905584754,0.1663399055847541,0.9999999999999996,0.9860684741994604
traffic-color_tsvdmi_5_hosvd_0321_64_run1,True,traffic-color,tsvdmi,5,hosvd,0321,64,run1,tsvdmi,hosvd,5,None,traffic-color,data/traffic.bin,"(0, 3, 2, 1)","(120, 120, 3, 160)",0.5982453409815207,4.221202107146382e-05,11.950207468879668,0.06804749893490225,0.01504595996811986,,,,0.0026971049956046045,0.01024894102010876,0.1091643257059416,0.10916432570594166,0.9999999999999994,0.9940237170174403
traffic-color_tsvdmii_0.0001_dct_0123_64_run1,True,traffic-color,tsvdmii,0.0001,dct,0123,64,run1,tsvdmii,dct,None,0.0001,traffic-color,data/traffic.bin,"(0, 1, 2, 3)","(120, 160, 3, 120)",0.0006110789836384356,1.0118994396179914e-05,0.5782290730767107,0.0579652059241198,,0.008652010990772396,0.0035401589702814817,0.09119600499980152,0.0547302050399594,0.010385115048848093,9.98962639683735e-05,9.989626396837355e-05,0.9999999999999996,0.9999999950103677
traffic-color_tsvdmii_0.0001_dct_0321_64_run1,True,traffic-color,tsvdmii,0.0001,dct,0321,64,run1,tsvdmii,dct,None,0.0001,traffic-color,data/traffic.bin,"(0, 3, 2, 1)","(120, 120, 3, 160)",0.0007079449715092778,8.69703944772482e-06,0.5287117561720902,0.06306271400535479,,0.00883014197461307,0.004976028052624315,0.1207680159714073,0.05732726200949401,0.011704717006068677,9.993171091287874e-05,9.993171091287879e-05,0.9999999999999994,0.9999999950068262
traffic-color_tsvdmii_0.0001_eye_0123_64_run1,True,traffic-color,tsvdmii,0.0001,eye,0123,64,run1,tsvdmii,eye,None,0.0001,traffic-color,data/traffic.bin,"(0, 1, 2, 3)","(120, 160, 3, 120)",2.6150373741984367e-06,3.70820052921772e-05,0.5700019643296861,,,0.05955182696925476,0.006913466961123049,0.09286309103481472,0.05033934395760298,,9.817862288983469e-05,9.817862288983473e-05,0.9999999999999996,0.9999999951804786
traffic-color_tsvdmii_0.0001_eye_0321_64_run1,True,traffic-color,tsvdmii,0.0001,eye,0321,64,run1,tsvdmii,eye,None,0.0001,traffic-color,data/traffic.bin,"(0, 3, 2, 1)","(120, 120, 3, 160)",2.774992026388645e-06,3.974599530920386e-05,0.5229277964721439,,,0.058318473980762064,0.0047896080068312585,0.12573636800516397,0.056775027012918144,,9.990611509037384e-05,9.990611509037389e-05,0.9999999999999994,0.9999999950093842
traffic-color_tsvdmii_0.0001_hosvd_0123_64_run1,True,traffic-color,tsvdmii,0.0001,hosvd,0123,64,run1,tsvdmii,hosvd,None,0.0001,traffic-color,data/traffic.bin,"(0, 1, 2, 3)","(120, 160, 3, 120)",0.6038672680151649,6.225000834092498e-05,0.571963557845028,0.06732602493138984,,0.007763667032122612,0.0038466809783130884,0.08903690002625808,0.054149896022863686,0.008855693973600864,9.933523150550393e-05,9.933523150550397e-05,0.9999999999999996,0.999999995066254
traffic-color_tsvdmii_0.0001_hosvd_0321_64_run1,True,traffic-color,tsvdmii,0.0001,hosvd,0321,64,run1,tsvdmii,hosvd,None,0.0001,traffic-color,data/traffic.bin,"(0, 3, 2, 1)","(120, 120, 3, 160)",0.5791373400134034,2.9537011869251728e-05,0.5169986106410311,0.07774929201696068,,0.008158856013324112,0.004922083986457437,0.11333410599036142,0.061856848013121635,0.009566140943206847,9.985569134757066e-05,9.985569134757072e-05,0.9999999999999994,0.9999999950144209
traffic-color_tsvdmii_0.001_dct_0123_64_run1,True,traffic-color,tsvdmii,0.001,dct,0123,64,run1,tsvdmii,dct,None,0.001,traffic-color,data/traffic.bin,"(0, 1, 2, 3)","(120, 160, 3, 120)",0.0006804129807278514,1.0791001841425896e-05,0.7153245345241886,0.06784301699372008,,0.00849306205054745,0.0036169770173728466,0.07842911599436775,0.04695726203499362,0.010598532040603459,0.000999751164684856,0.0009997511646848564,0.9999999999999996,0.9999995002486792
traffic-color_tsvdmii_0.001_dct_0321_64_run1,True,traffic-color,tsvdmii,0.001,dct,0321,64,run1,tsvdmii,dct,None,0.001,traffic-color,data/traffic.bin,"(0, 3, 2, 1)","(120, 120, 3, 160)",0.000703888013958931,8.596980478614569e-06,0.6675472005705056,0.07110880402615294,,0.00890837301267311,0.004944115993566811,0.10733868298120797,0.04977466497803107,0.013210137956775725,0.0009997895360606337,0.0009997895360606343,0.9999999999999994,0.9999995002103167
traffic-color_tsvdmii_0.001_eye_0123_64_run1,True,traffic-color,tsvdmii,0.001,eye,0123,64,run1,tsvdmii,eye,None,0.001,traffic-color,data/traffic.bin,"(0, 1, 2, 3)","(120, 160, 3, 120)",2.5549670681357384e-06,4.011800047010183e-05,0.5929482395305002,,,0.06368102901615202,0.003319082024972886,0.08887961297295988,0.051231125951744616,,0.0009990786324502985,0.000999078632450299,0.9999999999999996,0.9999995009208186
traffic-color_tsvdmii_0.001_eye_0321_64_run1,True,traffic-color,tsvdmii,0.001,eye,0321,64,run1,tsvdmii,eye,None,0.001,traffic-color,data/traffic.bin,"(0, 3, 2, 1)","(120, 120, 3, 160)",2.72504985332489e-06,3.88449989259243e-05,0.6290824488454125,,,0.06534735101740807,0.004790137987583876,0.1001960759749636,0.05599910003365949,,0.0009998524111073212,0.0009998524111073219,0.9999999999999994,0.9999995001474532
traffic-color_tsvdmii_0.001_hosvd_0123_64_run1,True,traffic-color,tsvdmii,0.001,hosvd,0123,64,run1,tsvdmii,hosvd,None,0.001,traffic-color,data/traffic.bin,"(0, 1, 2, 3)","(120, 160, 3, 120)",0.6106834599631839,3.015901893377304e-05,0.6220378507152355,0.06746579898754135,,0.008514451968949288,0.003989935969002545,0.08527284604497254,0.05027412000345066,0.00923417101148516,0.0009996638183226699,0.0009996638183226703,0.9999999999999996,0.9999995003359988
traffic-color_tsvdmii_0.001_hosvd_0321_64_run1,True,traffic-color,tsvdmii,0.001,hosvd,0321,64,run1,tsvdmii,hosvd,None,0.001,traffic-color,data/traffic.bin,"(0, 3, 2, 1)","(120, 120, 3, 160)",0.5903065739548765,2.9086018912494183e-05,0.591216382373301,0.06971469504060224,,0.008233129978179932,0.0049525920185260475,0.0976315900334157,0.058713535021524876,0.009750665980391204,0.0009997525817712915,0.0009997525817712922,0.9999999999999994,0.9999995002472634
traffic-color_tsvdmii_0.01_dct_0123_64_run1,True,traffic-color,tsvdmii,0.01,dct,0123,64,run1,tsvdmii,dct,None,0.01,traffic-color,data/traffic.bin,"(0, 1, 2, 3)","(120, 160, 3, 120)",0.0006688299472443759,1.0861025657504797e-05,1.9280345484153687,0.06474121497012675,,0.008492349996231496,0.0035679619759321213,0.05349563399795443,0.041091527964454144,0.010631687066052109,0.009998904974037196,0.009998904974037201,0.9999999999999996,0.9999500097001448
traffic-color_tsvdmii_0.01_dct_0321_64_run1,True,traffic-color,tsvdmii,0.01,dct,0321,64,run1,tsvdmii,dct,None,0.01,traffic-color,data/traffic.bin,"(0, 3, 2, 1)","(120, 120, 3, 160)",0.0008304420043714345,1.118204090744257e-05,1.9663031623002334,0.07883821206633002,,0.013294852979015559,0.005095818021800369,0.05695805000141263,0.039771109994035214,0.011473149002995342,0.009998405137551677,0.009998405137551682,0.9999999999999994,0.9999500146980872
traffic-color_tsvdmii_0.01_eye_0123_64_run1,True,traffic-color,tsvdmii,0.01,eye,0123,64,run1,tsvdmii,eye,None,0.01,traffic-color,data/traffic.bin,"(0, 1, 2, 3)","(120, 160, 3, 120)",1.9929721020162106e-06,3.8604019209742546e-05,0.8106602764618948,,,0.06470772001193836,0.0033122689928859472,0.07054280501324683,0.04591027298010886,,0.009998600130746976,0.00999860013074698,0.9999999999999996,0.9999500127483502
traffic-color_tsvdmii_0.01_eye_0321_64_run1,True,traffic-color,tsvdmii,0.01,eye,0321,64,run1,tsvdmii,eye,None,0.01,traffic-color,data/traffic.bin,"(0, 3, 2, 1)","(120, 120, 3, 160)",2.4939654394984245e-06,4.206103039905429e-05,1.8408535253729912,,,0.06641526101157069,0.004782048985362053,0.07200176198966801,0.0574416010058485,,0.009998682414665486,0.009998682414665491,0.9999999999999994,0.9999500119255815
traffic-color_tsvdmii_0.01_hosvd_0123_64_run1,True,traffic-color,tsvdmii,0.01,hosvd,0123,64,run1,tsvdmii,hosvd,None,0.01,traffic-color,data/traffic.bin,"(0, 1, 2, 3)","(120, 160, 3, 120)",0.6035283379605971,3.236200427636504e-05,1.0140104200133264,0.06775469600688666,,0.008052211022004485,0.0039783340180292726,0.0643614919972606,0.04710426501696929,0.011084771016612649,0.009998343247235024,0.00999834324723503,0.9999999999999996,0.9999500153169194
traffic-color_tsvdmii_0.01_hosvd_0321_64_run1,True,traffic-color,tsvdmii,0.01,hosvd,0321,64,run1,tsvdmii,hosvd,None,0.01,traffic-color,data/traffic.bin,"(0, 3, 2, 1)","(120, 120, 3, 160)",0.583778512023855,1.6121019143611193e-05,1.089601775142892,0.07871766795869917,,0.008285493007861078,0.004768323036842048,0.05987676599761471,0.04833477397914976,0.010604423005133867,0.00999896373449431,0.009998963734494316,0.9999999999999994,0.9999500091125745
traffic-color_tsvdmii_0.025_dct_0123_64_run1,True,traffic-color,tsvdmii,0.025,dct,0123,64,run1,tsvdmii,dct,None,0.025,traffic-color,data/traffic.bin,"(0, 1, 2, 3)","(120, 160, 3, 120)",0.000560179993044585,8.767005056142807e-06,4.561918540186067,0.06959165103035048,,0.01025355700403452,0.0040915830177254975,0.03909175196895376,0.02601122099440545,0.009498921979684383,0.024992029966361393,0.024992029966361403,0.9999999999999996,0.9996876504379554
traffic-color_tsvdmii_0.025_dct_0321_64_run1,True,traffic-color,tsvdmii,0.025,dct,0321,64,run1,tsvdmii,dct,None,0.025,traffic-color,data/traffic.bin,"(0, 3, 2, 1)","(120, 120, 3, 160)",0.0006867640186101198,8.055998478084803e-06,4.3005694894753645,0.06671450799331069,,0.008366219000890851,0.0049630479770712554,0.04075549199478701,0.028099393006414175,0.011203328962437809,0.024992996762404608,0.024992996762404622,0.9999999999999994,0.9996876262677425
traffic-color_tsvdmii_0.025_eye_0123_64_run1,True,traffic-color,tsvdmii,0.025,eye,0123,64,run1,tsvdmii,eye,None,0.025,traffic-color,data/traffic.bin,"(0, 1, 2, 3)","(120, 160, 3, 120)",4.007015377283096e-06,5.5145996157079935e-05,1.064658274267801,,,0.06795485300244763,0.0033091530203819275,0.053591678966768086,0.0398039459832944,,0.024995971016501535,0.024995971016501545,0.9999999999999996,0.999687551904565
traffic-color_tsvdmii_0.025_eye_0321_64_run1,True,traffic-color,tsvdmii,0.025,eye,0321,64,run1,tsvdmii,eye,None,0.025,traffic-color,data/traffic.bin,"(0, 3, 2, 1)","(120, 120, 3, 160)",2.27498821914196e-06,3.7642952520400286e-05,3.0098119346532903,,,0.07632669998565689,0.004800766007974744,0.04516031400999054,0.040988600987475365,,0.024991527682275493,0.024991527682275506,0.9999999999999994,0.9996876629948508
traffic-color_tsvdmii_0.025_hosvd_0123_64_run1,True,traffic-color,tsvdmii,0.025,hosvd,0123,64,run1,tsvdmii,hosvd,None,0.025,traffic-color,data/traffic.bin,"(0, 1, 2, 3)","(120, 160, 3, 120)",0.6160771229770035,2.4627021048218012e-05,1.6934846656580567,0.06744573102332652,,0.00806272099725902,0.003943265997804701,0.0502330909948796,0.04146859497996047,0.009936646034475416,0.024996055742513863,0.024996055742513873,0.9999999999999996,0.9996875497860888
traffic-color_tsvdmii_0.025_hosvd_0321_64_run1,True,traffic-color,tsvdmii,0.025,hosvd,0321,64,run1,tsvdmii,hosvd,None,0.025,traffic-color,data/traffic.bin,"(0, 3, 2, 1)","(120, 120, 3, 160)",0.5916306300205179,2.3014959879219532e-05,2.119300814698234,0.06809019995853305,,0.00863807398127392,0.004771148960571736,0.03788612998323515,0.04592129198135808,0.010812654974870384,0.024997105177020452,0.024997105177020466,0.9999999999999994,0.9996875235456176
traffic-color_tsvdmii_0.050_dct_0123_64_run1,True,traffic-color,tsvdmii,0.050,dct,0123,64,run1,tsvdmii,dct,None,0.05,traffic-color,data/traffic.bin,"(0, 1, 2, 3)","(120, 160, 3, 120)",0.0006816150271333754,1.1332042049616575e-05,11.814536392259017,0.07490846497239545,,0.008511786989402026,0.0035911359591409564,0.02953406603774056,0.02330893895123154,0.009058001975063235,0.04997694559841586,0.04997694559841588,0.9999999999999996,0.9987503716688434
traffic-color_tsvdmii_0.050_dct_0321_64_run1,True,traffic-color,tsvdmii,0.050,dct,0321,64,run1,tsvdmii,dct,None,0.05,traffic-color,data/traffic.bin,"(0, 3, 2, 1)","(120, 120, 3, 160)",0.0008673419943079352,1.1300959158688784e-05,11.851445423682316,0.06803138798568398,,0.011651844019070268,0.009952917986083776,0.02834509703097865,0.023837346001528203,0.011177068983670324,0.04998180757930994,0.04998180757930997,0.9999999999999994,0.9987501283660014
traffic-color_tsvdmii_0.050_eye_0123_64_run1,True,traffic-color,tsvdmii,0.050,eye,0123,64,run1,tsvdmii,eye,None,0.05,traffic-color,data/traffic.bin,"(0, 1, 2, 3)","(120, 160, 3, 120)",2.043962012976408e-06,3.8354017306119204e-05,1.5265850411893052,,,0.07234556198818609,0.0033051350037567317,0.039940758026205,0.04707777401199564,,0.049992098888430155,0.049992098888430175,0.9999999999999996,0.9987496132909036
traffic-color_tsvdmii_0.050_eye_0321_64_run1,True,traffic-color,tsvdmii,0.050,eye,0321,64,run1,tsvdmii,eye,None,0.05,traffic-color,data/traffic.bin,"(0, 3, 2, 1)","(120, 120, 3, 160)",2.0440202206373215e-06,3.757199738174677e-05,5.0476061114592055,,,0.06649722903966904,0.004790976003278047,0.030524898960720748,0.039463291002903134,,0.049988226635166784,0.04998822663516681,0.9999999999999994,0.9987498071078019
traffic-color_tsvdmii_0.050_hosvd_0123_64_run1,True,traffic-color,tsvdmii,0.050,hosvd,0123,64,run1,tsvdmii,hosvd,None,0.05,traffic-color,data/traffic.bin,"(0, 1, 2, 3)","(120, 160, 3, 120)",0.5915653940173797,3.0067982152104378e-05,3.1730991703667795,0.06055484904209152,,0.008885829010978341,0.0038981090183369815,0.03302322595845908,0.03652219503419474,0.009392015053890646,0.049990592323357494,0.049990592323357515,0.9999999999999996,0.9987496887004053
traffic-color_tsvdmii_0.050_hosvd_0321_64_run1,True,traffic-color,tsvdmii,0.050,hosvd,0321,64,run1,tsvdmii,hosvd,None,0.05,traffic-color,data/traffic.bin,"(0, 3, 2, 1)","(120, 120, 3, 160)",0.5800776960095391,2.9247021302580833e-05,4.831620270436524,0.07745361200068146,,0.00832221400924027,0.005038643954321742,0.021433271991554648,0.035877497983165085,0.01045163901289925,0.04999348163441224,0.049993481634412265,0.9999999999999994,0.9987495440770275
traffic-color_tsvdmii_0.1_dct_0123_64_run1,True,traffic-color,tsvdmii,0.1,dct,0123,64,run1,tsvdmii,dct,None,0.1,traffic-color,data/traffic.bin,"(0, 1, 2, 3)","(120, 160, 3, 120)",0.0005654409760609269,9.338022209703922e-06,64.90201785932263,0.06675298500340432,,0.008691305003594607,0.0035563510027714074,0.015990672982297838,0.026487067982088774,0.008949252020101994,0.09988072119412106,0.0998807211941211,0.9999999999999996,0.9949994178559813
traffic-color_tsvdmii_0.1_dct_0321_64_run1,True,traffic-color,tsvdmii,0.1,dct,0321,64,run1,tsvdmii,dct,None,0.1,traffic-color,data/traffic.bin,"(0, 3, 2, 1)","(120, 120, 3, 160)",0.0008364330278709531,1.0810967069119215e-05,77.72492662685963,0.06595526298042387,,0.008554592030122876,0.004954841977450997,0.01845474902074784,0.014494934002868831,0.012830596009735018,0.09988985502032832,0.09988985502032838,0.9999999999999994,0.9949985009355629
traffic-color_tsvdmii_0.1_eye_0123_64_run1,True,traffic-color,tsvdmii,0.1,eye,0123,64,run1,tsvdmii,eye,None,0.1,traffic-color,data/traffic.bin,"(0, 1, 2, 3)","(120, 160, 3, 120)",2.5150366127490997e-06,3.8995989598333836e-05,3.4335377957402673,,,0.06294218404218554,0.003305235004518181,0.028493989957496524,0.050038604997098446,,0.09998874479619273,0.09998874479619277,0.9999999999999996,0.9949885682328625
traffic-color_tsvdmii_0.1_eye_0321_64_run1,True,traffic-color,tsvdmii,0.1,eye,0321,64,run1,tsvdmii,eye,None,0.1,traffic-color,data/traffic.bin,"(0, 3, 2, 1)","(120, 120, 3, 160)",3.075983840972185e-06,4.710204666480422e-05,14.806658712086321,,,0.06551809795200825,0.005208055023103952,0.01717223401647061,0.04013244097586721,,0.09997211862142845,0.0999721186214285,0.9999999999999994,0.9949902388960121
traffic-color_tsvdmii_0.1_hosvd_0123_64_run1,True,traffic-color,tsvdmii,0.1,hosvd,0123,64,run1,tsvdmii,hosvd,None,0.1,traffic-color,data/traffic.bin,"(0, 1, 2, 3)","(120, 160, 3, 120)",0.6161456510308199,2.234295243397355e-05,8.406652347465235,0.06950160494307056,,0.008234140987042338,0.003952794999349862,0.02079922700067982,0.029513654997572303,0.008458796015474945,0.09997328432314483,0.09997328432314487,0.9999999999999996,0.9949901217708846
traffic-color_tsvdmii_0.1_hosvd_0321_64_run1,True,traffic-color,tsvdmii,0.1,hosvd,0321,64,run1,tsvdmii,hosvd,None,0.1,traffic-color,data/traffic.bin,"(0, 3, 2, 1)","(120, 120, 3, 160)",0.5713424310088158,3.334402572363615e-05,20.413165783139647,0.07141764694824815,,0.008426502987276763,0.005014792026486248,0.010690941999200732,0.025324037997052073,0.010760275006759912,0.09995174931306872,0.09995174931306877,0.9999999999999994,0.994992285301378
traffic-color_tsvdmii_0.25_dct_0123_64_run1,True,traffic-color,tsvdmii,0.25,dct,0123,64,run1,tsvdmii,dct,None,0.25,traffic-color,data/traffic.bin,"(0, 1, 2, 3)","(120, 160, 3, 120)",0.000567134004086256,1.0109972208738327e-05,8199.288256227757,0.06712023995351046,,0.011045265011489391,0.003637965943198651,0.001958978013135493,0.011976339970715344,0.010644589958246797,0.238090535483213,0.2380905354832131,0.9999999999999996,0.9712429649234617
traffic-color_tsvdmii_0.25_dct_0321_64_run1,True,traffic-color,tsvdmii,0.25,dct,0321,64,run1,tsvdmii,dct,None,0.25,traffic-color,data/traffic.bin,"(0, 3, 2, 1)","(120, 120, 3, 160)",0.0006997400196269155,8.066010195761919e-06,7170.124481327801,0.06697465700563043,,0.008632301003672183,0.0049348779721185565,0.00281013100175187,0.007182174012996256,0.02455666702007875,0.2360821179752501,0.23608211797525025,0.9999999999999994,0.9717331082001476
traffic-color_tsvdmii_0.25_eye_0123_64_run1,True,traffic-color,tsvdmii,0.25,eye,0123,64,run1,tsvdmii,eye,None,0.25,traffic-color,data/traffic.bin,"(0, 1, 2, 3)","(120, 160, 3, 120)",1.97399640455842e-06,3.7131947465240955e-05,68.90158198510721,,,0.06534558697603643,0.0033059169654734433,0.011146639008074999,0.01001604797784239,,0.24361888309992014,0.24361888309992025,0.9999999999999996,0.969871042869694
traffic-color_tsvdmii_0.25_eye_0321_64_run1,True,traffic-color,tsvdmii,0.25,eye,0321,64,run1,tsvdmii,eye,None,0.25,traffic-color,data/traffic.bin,"(0, 3, 2, 1)","(120, 120, 3, 160)",2.5649787858128548e-06,4.064803943037987e-05,66.85430751820793,,,0.0606065530446358,0.004780941992066801,0.0075649620266631246,0.018772220006212592,,0.2471839661030495,0.24718396610304963,0.9999999999999994,0.9689685685828859
traffic-color_tsvdmii_0.25_hosvd_0123_64_run1,True,traffic-color,tsvdmii,0.25,hosvd,0123,64,run1,tsvdmii,hosvd,None,0.25,traffic-color,data/traffic.bin,"(0, 1, 2, 3)","(120, 160, 3, 120)",0.6176375799695961,6.105803186073899e-05,118.83026458301099,0.07559911499265581,,0.008062670996878296,0.003922756004612893,0.007712876016739756,0.014509756001643836,0.008934803016018122,0.24945118163567365,0.24945118163567376,0.9999999999999996,0.9683873749592996
traffic-color_tsvdmii_0.25_hosvd_0321_64_run1,True,traffic-color,tsvdmii,0.25,hosvd,0321,64,run1,tsvdmii,hosvd,None,0.25,traffic-color,data/traffic.bin,"(0, 3, 2, 1)","(120, 120, 3, 160)",0.5832751560374163,2.743297955021262e-05,158.45578964260332,0.062019926961511374,,0.012338997970800847,0.004975547024514526,0.005792231997475028,0.012816920003388077,0.013316271011717618,0.2488009681905655,0.24880096819056563,0.9999999999999994,0.9685546335790453
traffic-color_tsvdmii_0.5_dct_0123_64_run1,True,traffic-color,tsvdmii,0.5,dct,0123,64,run1,tsvdmii,dct,None,0.5,traffic-color,data/traffic.bin,"(0, 1, 2, 3)","(120, 160, 3, 120)",0.0007182650151662529,1.164199784398079e-05,12298.932384341637,0.07620686700101942,,0.008510375046171248,0.0036602700129151344,0.0015993150300346315,0.005259233992546797,0.010092435928527266,0.2455797097436776,0.2455797097436777,0.9999999999999996,0.9693764006629267
traffic-color_tsvdmii_0.5_dct_0321_64_run1,True,traffic-color,tsvdmii,0.5,dct,0321,64,run1,tsvdmii,dct,None,0.5,traffic-color,data/traffic.bin,"(0, 3, 2, 1)","(120, 120, 3, 160)",0.0006867839838378131,8.4860366769135e-06,14340.248962655602,0.06435407896060497,,0.011349289037752897,0.004853330960031599,0.0019331190269440413,0.011598600016441196,0.012683442037086934,0.2795224568271246,0.2795224568271248,0.9999999999999994,0.9601391545652788
traffic-color_tsvdmii_0.5_eye_0123_64_run1,True,traffic-color,tsvdmii,0.5,eye,0123,64,run1,tsvdmii,eye,None,0.5,traffic-color,data/traffic.bin,"(0, 1, 2, 3)","(120, 160, 3, 120)",2.9959483072161674e-06,4.191097104921937e-05,90.10206874975559,,,0.06114434398477897,0.0033712020376697183,0.00782594399061054,0.010347567964345217,,0.4951130420921564,0.4951130420921566,0.9999999999999996,0.8688285651095105
traffic-color_tsvdmii_0.5_eye_0321_64_run1,True,traffic-color,tsvdmii,0.5,eye,0321,64,run1,tsvdmii,eye,None,0.5,traffic-color,data/traffic.bin,"(0, 3, 2, 1)","(120, 120, 3, 160)",2.435001078993082e-06,3.801402635872364e-05,91.33916536723314,,,0.06234037398826331,0.005217491998337209,0.007392185973003507,0.01819780800724402,,0.4963906136580042,0.49639061365800446,0.9999999999999994,0.8680992792718067
traffic-color_tsvdmii_0.5_hosvd_0123_64_run1,True,traffic-color,tsvdmii,0.5,hosvd,0123,64,run1,tsvdmii,hosvd,None,0.5,traffic-color,data/traffic.bin,"(0, 1, 2, 3)","(120, 160, 3, 120)",0.6045035059796646,2.5800021830946207e-05,512.4555160142348,0.06706388096790761,,0.00829248403897509,0.003924379998352379,0.0027435320080257952,0.009427434008102864,0.011760713998228312,0.49324770323703776,0.493247703237038,0.9999999999999996,0.8698889028211501
traffic-color_tsvdmii_0.5_hosvd_0321_64_run1,True,traffic-color,tsvdmii,0.5,hosvd,0321,64,run1,tsvdmii,hosvd,None,0.5,traffic-color,data/traffic.bin,"(0, 3, 2, 1)","(120, 120, 3, 160)",0.5907164019881748,2.8736016247421503e-05,486.1101343273085,0.06747178104706109,,0.008359313011169434,0.004999151977244765,0.0030587990186177194,0.013458447006996721,0.011150655976962298,0.4943197682054254,0.49431976820542567,0.9999999999999994,0.8692801428546134
traffic-gray_hosvd_0.0001_eye_012_1_run1,True,traffic-gray,hosvd,0.0001,eye,012,1,run1,hosvd,eye,None,0.0001,traffic-gray,data/traffic.bin,"(0, 1, 2)","(120, 160, 120)",,,42.352162644069,,,,,,,,1.69770732353187e-15,1.69770732353187e-15,1,1
traffic-gray_hosvd_0.0001_eye_021_1_run1,True,traffic-gray,hosvd,0.0001,eye,021,1,run1,hosvd,eye,None,0.0001,traffic-gray,data/traffic.bin,"(0, 2, 1)","(120, 120, 160)",,,42.352162644069,,,,,,,,1.48943752994668e-15,1.48943752994668e-15,1,1
traffic-gray_hosvd_0.0001_eye_120_1_run1,True,traffic-gray,hosvd,0.0001,eye,120,1,run1,hosvd,eye,None,0.0001,traffic-gray,data/traffic.bin,"(1, 2, 0)","(160, 120, 120)",,,42.352162644069,,,,,,,,1.92174112990001e-15,1.92174112990001e-15,1,1
traffic-gray_hosvd_0.001_eye_012_1_run1,True,traffic-gray,hosvd,0.001,eye,012,1,run1,hosvd,eye,None,0.001,traffic-gray,data/traffic.bin,"(0, 1, 2)","(120, 160, 120)",,,42.352162644069,,,,,,,,1.69770732353187e-15,1.69770732353187e-15,1,1
traffic-gray_hosvd_0.001_eye_021_1_run1,True,traffic-gray,hosvd,0.001,eye,021,1,run1,hosvd,eye,None,0.001,traffic-gray,data/traffic.bin,"(0, 2, 1)","(120, 120, 160)",,,42.352162644069,,,,,,,,1.48943752994668e-15,1.48943752994668e-15,1,1
traffic-gray_hosvd_0.001_eye_120_1_run1,True,traffic-gray,hosvd,0.001,eye,120,1,run1,hosvd,eye,None,0.001,traffic-gray,data/traffic.bin,"(1, 2, 0)","(160, 120, 120)",,,42.352162644069,,,,,,,,1.92174112990001e-15,1.92174112990001e-15,1,1
traffic-gray_hosvd_0.01_eye_012_1_run1,True,traffic-gray,hosvd,0.01,eye,012,1,run1,hosvd,eye,None,0.01,traffic-gray,data/traffic.bin,"(0, 1, 2)","(120, 160, 120)",,,44.1370854964464,,,,,,,,0.00927946182754204,0.00927946182754204,1,0.999956944867226
traffic-gray_hosvd_0.01_eye_021_1_run1,True,traffic-gray,hosvd,0.01,eye,021,1,run1,hosvd,eye,None,0.01,traffic-gray,data/traffic.bin,"(0, 2, 1)","(120, 120, 160)",,,44.1370854964464,,,,,,,,0.0092794405260155,0.00927944052601548,1,0.999956945064901
traffic-gray_hosvd_0.01_eye_120_1_run1,True,traffic-gray,hosvd,0.01,eye,120,1,run1,hosvd,eye,None,0.01,traffic-gray,data/traffic.bin,"(1, 2, 0)","(160, 120, 120)",,,44.1370854964464,,,,,,,,0.00927838747787704,0.00927838747787704,1,0.999956954836464
traffic-gray_hosvd_0.025_eye_012_1_run1,True,traffic-gray,hosvd,0.025,eye,012,1,run1,hosvd,eye,None,0.025,traffic-gray,data/traffic.bin,"(0, 1, 2)","(120, 160, 120)",,,49.7828482530628,,,,,,,,0.0242630596877241,0.0242630596877241,1,0.999705608634157
traffic-gray_hosvd_0.025_eye_021_1_run1,True,traffic-gray,hosvd,0.025,eye,021,1,run1,hosvd,eye,None,0.025,traffic-gray,data/traffic.bin,"(0, 2, 1)","(120, 120, 160)",,,49.9555517009605,,,,,,,,0.0245482510120308,0.0245482510120307,1,0.999698646279094
traffic-gray_hosvd_0.025_eye_120_1_run1,True,traffic-gray,hosvd,0.025,eye,120,1,run1,hosvd,eye,None,0.025,traffic-gray,data/traffic.bin,"(1, 2, 0)","(160, 120, 120)",,,49.8690504534534,,,,,,,,0.024663833126169,0.024663833126169,1,0.999695801399368
traffic-gray_hosvd_0.050_eye_012_1_run1,True,traffic-gray,hosvd,0.050,eye,012,1,run1,hosvd,eye,None,0.05,traffic-gray,data/traffic.bin,"(0, 1, 2)","(120, 160, 120)",,,63.2949644240543,,,,,,,,0.0491400914604733,0.0491400914604733,1,0.998791895947927
traffic-gray_hosvd_0.050_eye_021_1_run1,True,traffic-gray,hosvd,0.050,eye,021,1,run1,hosvd,eye,None,0.05,traffic-gray,data/traffic.bin,"(0, 2, 1)","(120, 120, 160)",,,63.3645939330601,,,,,,,,0.04902304940765,0.0490230494076499,1,0.998797647487606
traffic-gray_hosvd_0.050_eye_120_1_run1,True,traffic-gray,hosvd,0.050,eye,120,1,run1,hosvd,eye,None,0.05,traffic-gray,data/traffic.bin,"(1, 2, 0)","(160, 120, 120)",,,63.0179699679987,,,,,,,,0.0495406377735647,0.0495406377735647,1,0.998772108746031
traffic-gray_hosvd_0.1_eye_012_1_run1,True,traffic-gray,hosvd,0.1,eye,012,1,run1,hosvd,eye,None,0.1,traffic-gray,data/traffic.bin,"(0, 1, 2)","(120, 160, 120)",,,111.622498909937,,,,,,,,0.0986228197182216,0.0986228197182216,1,0.995124886348858
traffic-gray_hosvd_0.1_eye_021_1_run1,True,traffic-gray,hosvd,0.1,eye,021,1,run1,hosvd,eye,None,0.1,traffic-gray,data/traffic.bin,"(0, 2, 1)","(120, 120, 160)",,,113.828368163628,,,,,,,,0.0996631581857569,0.0996631581857567,1,0.995021233391753
traffic-gray_hosvd_0.1_eye_120_1_run1,True,traffic-gray,hosvd,0.1,eye,120,1,run1,hosvd,eye,None,0.1,traffic-gray,data/traffic.bin,"(1, 2, 0)","(160, 120, 120)",,,105.683225540113,,,,,,,,0.0985312138895248,0.0985312138895247,1,0.995133960775865
traffic-gray_hosvd_0.25_eye_012_1_run1,True,traffic-gray,hosvd,0.25,eye,012,1,run1,hosvd,eye,None,0.25,traffic-gray,data/traffic.bin,"(0, 1, 2)","(120, 160, 120)",,,943.87546087669,,,,,,,,0.217607254175937,0.217607254175937,1,0.976036414756136
traffic-gray_hosvd_0.25_eye_021_1_run1,True,traffic-gray,hosvd,0.25,eye,021,1,run1,hosvd,eye,None,0.25,traffic-gray,data/traffic.bin,"(0, 2, 1)","(120, 120, 160)",,,1174.91075981642,,,,,,,,0.239629557438456,0.239629557438455,1,0.970864395887424
traffic-gray_hosvd_0.25_eye_120_1_run1,True,traffic-gray,hosvd,0.25,eye,120,1,run1,hosvd,eye,None,0.25,traffic-gray,data/traffic.bin,"(1, 2, 0)","(160, 120, 120)",,,928.657799274486,,,,,,,,0.239629722631892,0.239629722631892,1,0.970864355114227
traffic-gray_hosvd_0.5_eye_012_1_run1,True,traffic-gray,hosvd,0.5,eye,012,1,run1,hosvd,eye,None,0.5,traffic-gray,data/traffic.bin,"(0, 1, 2)","(120, 160, 120)",,,5745.63591022444,,,,,,,,0.239641301375069,0.239641301375069,1,0.970861497163867
traffic-gray_hosvd_0.5_eye_021_1_run1,True,traffic-gray,hosvd,0.5,eye,021,1,run1,hosvd,eye,None,0.5,traffic-gray,data/traffic.bin,"(0, 2, 1)","(120, 120, 160)",,,5745.63591022444,,,,,,,,0.239641301375069,0.239641301375069,1,0.970861497163868
traffic-gray_hosvd_0.5_eye_120_1_run1,True,traffic-gray,hosvd,0.5,eye,120,1,run1,hosvd,eye,None,0.5,traffic-gray,data/traffic.bin,"(1, 2, 0)","(160, 120, 120)",,,5745.63591022444,,,,,,,,0.23963800326968,0.23963800326968,1,0.970862311241363
traffic-gray_tsvdmi_10_dct_012_64_run1,True,traffic-gray,tsvdmi,10,dct,012,64,run1,tsvdmi,dct,10,None,traffic-gray,data/traffic.bin,"(0, 1, 2)","(120, 160, 120)",0.000504914962220937,7.795984856784344e-06,6.832740213523132,0.05837197002256289,0.007907121034804732,,,,0.006072619988117367,0.004108659049961716,0.1288072650099271,0.12880726500992715,0.9999999999999997,0.9916696468485173
traffic-gray_tsvdmi_10_dct_021_64_run1,True,traffic-gray,tsvdmi,10,dct,021,64,run1,tsvdmi,dct,10,None,traffic-gray,data/traffic.bin,"(0, 2, 1)","(120, 120, 160)",0.0007105609984137118,1.123105175793171e-05,5.975103734439834,0.06257242796709761,0.008733949973247945,,,,0.006834445055574179,0.004418454016558826,0.08547316215170242,0.08547316215170246,0.9999999999999996,0.996340473207722
traffic-gray_tsvdmi_10_dct_120_64_run1,True,traffic-gray,tsvdmi,10,dct,120,64,run1,tsvdmi,dct,10,None,traffic-gray,data/traffic.bin,"(1, 2, 0)","(160, 120, 120)",0.0005602110177278519,9.979004971683025e-06,6.832740213523132,0.06056357902707532,0.007121529022697359,,,,0.004348609014414251,0.004121189995203167,0.07028925640077312,0.07028925640077313,0.9999999999999998,0.9975266514908896
traffic-gray_tsvdmi_10_eye_012_64_run1,True,traffic-gray,tsvdmi,10,eye,012,64,run1,tsvdmi,eye,10,None,traffic-gray,data/traffic.bin,"(0, 1, 2)","(120, 160, 120)",2.474000211805105e-06,3.5788980312645435e-05,6.832740213523132,,0.06269733799854293,,,,0.0011707390076480806,,0.13091786605013944,0.1309178660501395,0.9999999999999997,0.9913932178247324
traffic-gray_tsvdmi_10_eye_021_64_run1,True,traffic-gray,tsvdmi,10,eye,021,64,run1,tsvdmi,eye,10,None,traffic-gray,data/traffic.bin,"(0, 2, 1)","(120, 120, 160)",2.2140447981655598e-06,3.6721001379191875e-05,5.975103734439834,,0.06587666197447106,,,,0.0009335509967058897,,0.07614975510414684,0.07614975510414687,0.9999999999999996,0.9970963919288738
traffic-gray_tsvdmi_10_eye_120_64_run1,True,traffic-gray,tsvdmi,10,eye,120,64,run1,tsvdmi,eye,10,None,traffic-gray,data/traffic.bin,"(1, 2, 0)","(160, 120, 120)",2.5450135581195354e-06,4.031800199300051e-05,6.832740213523132,,0.06837965798331425,,,,0.001280850963667035,,0.06122246695360485,0.061222466953604865,0.9999999999999998,0.9981241453547318
traffic-gray_tsvdmi_10_hosvd_012_64_run1,True,traffic-gray,tsvdmi,10,hosvd,012,64,run1,tsvdmi,hosvd,10,None,traffic-gray,data/traffic.bin,"(0, 1, 2)","(120, 160, 120)",0.17832798894960433,1.7645012121647596e-05,6.832740213523132,0.06508758099516854,0.007242096995469183,,,,0.00372933701146394,0.003244132036343217,0.1357834217087648,0.13578342170876487,0.9999999999999997,0.9907385439100765
traffic-gray_tsvdmi_10_hosvd_021_64_run1,True,traffic-gray,tsvdmi,10,hosvd,021,64,run1,tsvdmi,hosvd,10,None,traffic-gray,data/traffic.bin,"(0, 2, 1)","(120, 120, 160)",0.1809014140162617,5.350401625037193e-05,5.975103734439834,0.06328229798236862,0.00880048901308328,,,,0.0067238209885545075,0.0036509240162558854,0.0856518693041404,0.08565186930414044,0.9999999999999996,0.9963251262939753
traffic-gray_tsvdmi_10_hosvd_120_64_run1,True,traffic-gray,tsvdmi,10,hosvd,120,64,run1,tsvdmi,hosvd,10,None,traffic-gray,data/traffic.bin,"(1, 2, 0)","(160, 120, 120)",0.18423617695225403,1.7512997146695852e-05,6.832740213523132,0.06017556000733748,0.008170261979103088,,,,0.005841989943291992,0.003799038997385651,0.07082505862609553,0.07082505862609555,0.9999999999999998,0.9974887523529317
traffic-gray_tsvdmi_20_dct_012_64_run1,True,traffic-gray,tsvdmi,20,dct,012,64,run1,tsvdmi,dct,20,None,traffic-gray,data/traffic.bin,"(0, 1, 2)","(120, 160, 120)",0.0005177489947527647,8.135975804179907e-06,3.416370106761566,0.061537500005215406,0.010125903005246073,,,,0.004233301035128534,0.0035959899541921914,0.09660606933030018,0.0966060693303002,0.9999999999999997,0.9953226950936814
traffic-gray_tsvdmi_20_dct_021_64_run1,True,traffic-gray,tsvdmi,20,dct,021,64,run1,tsvdmi,dct,20,None,traffic-gray,data/traffic.bin,"(0, 2, 1)","(120, 120, 160)",0.0005897979717701674,8.27602343633771e-06,2.987551867219917,0.06358403997728601,0.01353222702164203,,,,0.007288210967089981,0.004928898997604847,0.060143820161854246,0.060143820161854274,0.9999999999999996,0.9981897218947594
traffic-gray_tsvdmi_20_dct_120_64_run1,True,traffic-gray,tsvdmi,20,dct,120,64,run1,tsvdmi,dct,20,None,traffic-gray,data/traffic.bin,"(1, 2, 0)","(160, 120, 120)",0.0005009970045648515,9.468989446759224e-06,3.416370106761566,0.05925848102197051,0.010512701002880931,,,,0.004542532959021628,0.004348981019575149,0.04896976180253425,0.04896976180253426,0.9999999999999998,0.9988002615283015
traffic-gray_tsvdmi_20_eye_012_64_run1,True,traffic-gray,tsvdmi,20,eye,012,64,run1,tsvdmi,eye,20,None,traffic-gray,data/traffic.bin,"(0, 1, 2)","(120, 160, 120)",2.3040338419377804e-06,3.5559001844376326e-05,3.416370106761566,,0.06946366798365489,,,,0.001094473002012819,,0.09925236444915086,0.09925236444915089,0.9999999999999997,0.9950622936033968
traffic-gray_tsvdmi_20_eye_021_64_run1,True,traffic-gray,tsvdmi,20,eye,021,64,run1,tsvdmi,eye,20,None,traffic-gray,data/traffic.bin,"(0, 2, 1)","(120, 120, 160)",2.5949557311832905e-06,4.049798008054495e-05,2.987551867219917,,0.06699438899522647,,,,0.0019743090379051864,,0.045601114649204605,0.045601114649204626,0.9999999999999996,0.9989597280885499
traffic-gray_tsvdmi_20_eye_120_64_run1,True,traffic-gray,tsvdmi,20,eye,120,64,run1,tsvdmi,eye,20,None,traffic-gray,data/traffic.bin,"(1, 2, 0)","(160, 120, 120)",2.80595850199461e-06,3.844394814223051e-05,3.416370106761566,,0.06704342900775373,,,,0.00299404701218009,,0.03453571547172786,0.03453571547172787,0.9999999999999998,0.9994034642509775
traffic-gray_tsvdmi_20_hosvd_012_64_run1,True,traffic-gray,tsvdmi,20,hosvd,012,64,run1,tsvdmi,hosvd,20,None,traffic-gray,data/traffic.bin,"(0, 1, 2)","(120, 160, 120)",0.20782408100785688,3.712199395522475e-05,3.416370106761566,0.06442636298015714,0.00912889197934419,,,,0.004090190981514752,0.0036518050474114716,0.10287437238228163,0.10287437238228166,0.9999999999999997,0.994694356828745
traffic-gray_tsvdmi_20_hosvd_021_64_run1,True,traffic-gray,tsvdmi,20,hosvd,021,64,run1,tsvdmi,hosvd,20,None,traffic-gray,data/traffic.bin,"(0, 2, 1)","(120, 120, 160)",0.2015203629853204,2.4928012862801552e-05,2.987551867219917,0.05188461800571531,0.013278878992423415,,,,0.005959687987342477,0.0034499859903007746,0.06017903225077819,0.06017903225077822,0.9999999999999996,0.9981875996411493
traffic-gray_tsvdmi_20_hosvd_120_64_run1,True,traffic-gray,tsvdmi,20,hosvd,120,64,run1,tsvdmi,hosvd,20,None,traffic-gray,data/traffic.bin,"(1, 2, 0)","(160, 120, 120)",0.18280437600333244,1.3324955943971872e-05,3.416370106761566,0.06072861701250076,0.00956763798603788,,,,0.004067616013344377,0.0036072490038350224,0.048684420689434044,0.04868442068943406,0.9999999999999998,0.9988142105427475
traffic-gray_tsvdmi_40_dct_012_64_run1,True,traffic-gray,tsvdmi,40,dct,012,64,run1,tsvdmi,dct,40,None,traffic-gray,data/traffic.bin,"(0, 1, 2)","(120, 160, 120)",0.0005250030080787838,8.606992196291685e-06,1.708185053380783,0.059936091012787074,0.014668258954770863,,,,0.005463409004732966,0.0037987090181559324,0.054561536312091256,0.05456153631209128,0.9999999999999997,0.9985104099383566
traffic-gray_tsvdmi_40_dct_021_64_run1,True,traffic-gray,tsvdmi,40,dct,021,64,run1,tsvdmi,dct,40,None,traffic-gray,data/traffic.bin,"(0, 2, 1)","(120, 120, 160)",0.0006245750118978322,1.111102756112814e-05,1.4937759336099585,0.06206938700051978,0.01900242001283914,,,,0.004327939997892827,0.009258893027435988,0.03248118332824177,0.032481183328241785,0.9999999999999996,0.9994723471560362
traffic-gray_tsvdmi_40_dct_120_64_run1,True,traffic-gray,tsvdmi,40,dct,120,64,run1,tsvdmi,dct,40,None,traffic-gray,data/traffic.bin,"(1, 2, 0)","(160, 120, 120)",0.0004976399941369891,8.545990567654371e-06,1.708185053380783,0.061331750999670476,0.016370052006095648,,,,0.005849734996445477,0.003674730018246919,0.025551397786487066,0.025551397786487073,0.9999999999999998,0.9996735097376329
traffic-gray_tsvdmi_40_eye_012_64_run1,True,traffic-gray,tsvdmi,40,eye,012,64,run1,tsvdmi,eye,40,None,traffic-gray,data/traffic.bin,"(0, 1, 2)","(120, 160, 120)",3.005960024893284e-06,3.892602398991585e-05,1.708185053380783,,0.07364175200928003,,,,0.001593964989297092,,0.05796985143748116,0.05796985143748118,0.9999999999999997,0.9983183341621628
traffic-gray_tsvdmi_40_eye_021_64_run1,True,traffic-gray,tsvdmi,40,eye,021,64,run1,tsvdmi,eye,40,None,traffic-gray,data/traffic.bin,"(0, 2, 1)","(120, 120, 160)",3.1460076570510864e-06,4.520697984844446e-05,1.4937759336099585,,0.08308110397774726,,,,0.0016114090103656054,,0.01987784430459573,0.01987784430459574,0.9999999999999996,0.9998024161332085
traffic-gray_tsvdmi_40_eye_120_64_run1,True,traffic-gray,tsvdmi,40,eye,120,64,run1,tsvdmi,eye,40,None,traffic-gray,data/traffic.bin,"(1, 2, 0)","(160, 120, 120)",2.6050256565213203e-06,4.9506023060530424e-05,1.708185053380783,,0.07694113400066271,,,,0.0022455830476246774,,0.008271768247877209,0.00827176824787721,0.9999999999999998,0.9999657883398074
traffic-gray_tsvdmi_40_hosvd_012_64_run1,True,traffic-gray,tsvdmi,40,hosvd,012,64,run1,tsvdmi,hosvd,40,None,traffic-gray,data/traffic.bin,"(0, 1, 2)","(120, 160, 120)",0.19642569398274645,1.5389989130198956e-05,1.708185053380783,0.05929226003354415,0.014355605002492666,,,,0.004763821023516357,0.0038072949973866343,0.060734272167965946,0.060734272167965966,0.9999999999999997,0.9981539701790633
traffic-gray_tsvdmi_40_hosvd_021_64_run1,True,traffic-gray,tsvdmi,40,hosvd,021,64,run1,tsvdmi,hosvd,40,None,traffic-gray,data/traffic.bin,"(0, 2, 1)","(120, 120, 160)",0.199582343979273,4.9726979341357946e-05,1.4937759336099585,0.05916366196470335,0.017296480014920235,,,,0.00525010796263814,0.004152129986323416,0.03233967711662917,0.03233967711662918,0.9999999999999996,0.9994769358439402
traffic-gray_tsvdmi_40_hosvd_120_64_run1,True,traffic-gray,tsvdmi,40,hosvd,120,64,run1,tsvdmi,hosvd,40,None,traffic-gray,data/traffic.bin,"(1, 2, 0)","(160, 120, 120)",0.17863167502218857,1.548894215375185e-05,1.708185053380783,0.07354266801849008,0.014450086979195476,,,,0.004730545973870903,0.0034634219482541084,0.024657253050948708,0.024657253050948715,0.9999999999999998,0.9996959637169588
traffic-gray_tsvdmi_5_dct_012_64_run1,True,traffic-gray,tsvdmi,5,dct,012,64,run1,tsvdmi,dct,5,None,traffic-gray,data/traffic.bin,"(0, 1, 2)","(120, 160, 120)",0.0005397520144470036,9.82900382950902e-06,13.665480427046264,0.06108211004175246,0.005505195003934205,,,,0.0038181790150702,0.004292745026759803,0.15441229326099715,0.1544122932609972,0.9999999999999997,0.9880064998216765
traffic-gray_tsvdmi_5_dct_021_64_run1,True,traffic-gray,tsvdmi,5,dct,021,64,run1,tsvdmi,dct,5,None,traffic-gray,data/traffic.bin,"(0, 2, 1)","(120, 120, 160)",0.0007032069843262434,1.053995219990611e-05,11.950207468879668,0.05273355596000329,0.007671189960092306,,,,0.006159712967928499,0.004861959954723716,0.10875949636753127,0.10875949636753131,0.9999999999999996,0.994068092209925
traffic-gray_tsvdmi_5_dct_120_64_run1,True,traffic-gray,tsvdmi,5,dct,120,64,run1,tsvdmi,dct,5,None,traffic-gray,data/traffic.bin,"(1, 2, 0)","(160, 120, 120)",0.0006184129742905498,9.557988960295916e-06,13.665480427046264,0.06161728501319885,0.005910241976380348,,,,0.003924040007404983,0.003565898980014026,0.09384644322363969,0.09384644322363972,0.9999999999999998,0.9955866838674934
traffic-gray_tsvdmi_5_eye_012_64_run1,True,traffic-gray,tsvdmi,5,eye,012,64,run1,tsvdmi,eye,5,None,traffic-gray,data/traffic.bin,"(0, 1, 2)","(120, 160, 120)",2.435001078993082e-06,4.289299249649048e-05,13.665480427046264,,0.07710147899342701,,,,0.0010850740363821387,,0.15660062483601875,0.1566006248360188,0.9999999999999997,0.9876620091412689
traffic-gray_tsvdmi_5_eye_021_64_run1,True,traffic-gray,tsvdmi,5,eye,021,64,run1,tsvdmi,eye,5,None,traffic-gray,data/traffic.bin,"(0, 2, 1)","(120, 120, 160)",2.474000211805105e-06,4.5087013859301805e-05,11.950207468879668,,0.06952188501600176,,,,0.0016463359934277833,,0.10321967955245055,0.1032196795524506,0.9999999999999996,0.9946585835114925
traffic-gray_tsvdmi_5_eye_120_64_run1,True,traffic-gray,tsvdmi,5,eye,120,64,run1,tsvdmi,eye,5,None,traffic-gray,data/traffic.bin,"(1, 2, 0)","(160, 120, 120)",2.1239975467324257e-06,3.840401768684387e-05,13.665480427046264,,0.06663915299577639,,,,0.001147233007941395,,0.08447408532672197,0.08447408532672199,0.9999999999999998,0.9964256765600799
traffic-gray_tsvdmi_5_hosvd_012_64_run1,True,traffic-gray,tsvdmi,5,hosvd,012,64,run1,tsvdmi,hosvd,5,None,traffic-gray,data/traffic.bin,"(0, 1, 2)","(120, 160, 120)",0.1834410079754889,1.9176979549229145e-05,13.665480427046264,0.05956052400870249,0.005811226030346006,,,,0.003682537004351616,0.0034629040164873004,0.16239010117541705,0.1623901011754171,0.9999999999999997,0.9867266364298863
traffic-gray_tsvdmi_5_hosvd_021_64_run1,True,traffic-gray,tsvdmi,5,hosvd,021,64,run1,tsvdmi,hosvd,5,None,traffic-gray,data/traffic.bin,"(0, 2, 1)","(120, 120, 160)",0.18112092703813687,3.556802403181791e-05,11.950207468879668,0.06750822998583317,0.006871046032756567,,,,0.006463379017077386,0.003187410009559244,0.10886112396136725,0.1088611239613673,0.9999999999999996,0.994056968030438
traffic-gray_tsvdmi_5_hosvd_120_64_run1,True,traffic-gray,tsvdmi,5,hosvd,120,64,run1,tsvdmi,hosvd,5,None,traffic-gray,data/traffic.bin,"(1, 2, 0)","(160, 120, 120)",0.18952457001432776,1.6762001905590296e-05,13.665480427046264,0.0595267690368928,0.007395326974801719,,,,0.005247674009297043,0.003419125045184046,0.0936510687581256,0.09365106875812561,0.9999999999999998,0.9956050810037376
traffic-gray_tsvdmii_0.0001_dct_012_64_run1,True,traffic-gray,tsvdmii,0.0001,dct,012,64,run1,tsvdmii,dct,None,0.0001,traffic-gray,data/traffic.bin,"(0, 1, 2)","(120, 160, 120)",0.0005062160198576748,8.506001904606819e-06,0.5701076523590431,0.05155218701111153,,0.0045707160024903715,0.0008871909813024104,0.038522097049281,0.020991115015931427,0.01143452397082001,9.68462232179531e-05,9.684622321795313e-05,0.9999999999999997,0.9999999953104047
traffic-gray_tsvdmii_0.0001_dct_021_64_run1,True,traffic-gray,tsvdmii,0.0001,dct,021,64,run1,tsvdmii,dct,None,0.0001,traffic-gray,data/traffic.bin,"(0, 2, 1)","(120, 120, 160)",0.0006371590425260365,9.889015927910805e-06,0.5142915689442,0.060831864015199244,,0.005211141018662602,0.0015552300028502941,0.04269483301322907,0.042507933045271784,0.009903069993015379,9.96858214482749e-05,9.968582144827494e-05,0.9999999999999996,0.9999999950313679
traffic-gray_tsvdmii_0.0001_dct_120_64_run1,True,traffic-gray,tsvdmii,0.0001,dct,120,64,run1,tsvdmii,dct,None,0.0001,traffic-gray,data/traffic.bin,"(1, 2, 0)","(160, 120, 120)",0.0005332879954949021,9.167997632175684e-06,0.5709810763389803,0.05535290495026857,,0.004588149022310972,0.000912129005882889,0.0375624829903245,0.02123900200240314,0.010165785963181406,9.703863005131516e-05,9.703863005131519e-05,0.9999999999999998,0.9999999952917521
traffic-gray_tsvdmii_0.0001_eye_012_64_run1,True,traffic-gray,tsvdmii,0.0001,eye,012,64,run1,tsvdmii,eye,None,0.0001,traffic-gray,data/traffic.bin,"(0, 1, 2)","(120, 160, 120)",1.934007741510868e-06,3.775302320718765e-05,0.5699887560811788,,,0.05966598598752171,0.0009555729920975864,0.033947032992728055,0.020069207006599754,,9.514898676655042e-05,9.514898676655045e-05,0.9999999999999997,0.9999999954733348
traffic-gray_tsvdmii_0.0001_eye_021_64_run1,True,traffic-gray,tsvdmii,0.0001,eye,021,64,run1,tsvdmii,eye,None,0.0001,traffic-gray,data/traffic.bin,"(0, 2, 1)","(120, 120, 160)",2.20397487282753e-06,3.4777040127664804e-05,0.5262380126109834,,,0.05816808599047363,0.0016506240353919566,0.05410568002844229,0.023508579994086176,,9.971305767808796e-05,9.9713057678088e-05,0.9999999999999996,0.9999999950286527
traffic-gray_tsvdmii_0.0001_eye_120_64_run1,True,traffic-gray,tsvdmii,0.0001,eye,120,64,run1,tsvdmii,eye,None,0.0001,traffic-gray,data/traffic.bin,"(1, 2, 0)","(160, 120, 120)",2.6850029826164246e-06,4.553800681605935e-05,0.5724560675995083,,,0.06420677999267355,0.0009350139880552888,0.03636335098417476,0.022557155054528266,,9.874594352437311e-05,9.874594352437314e-05,0.9999999999999998,0.9999999951246187
traffic-gray_tsvdmii_0.0001_hosvd_012_64_run1,True,traffic-gray,tsvdmii,0.0001,hosvd,012,64,run1,tsvdmii,hosvd,None,0.0001,traffic-gray,data/traffic.bin,"(0, 1, 2)","(120, 160, 120)",0.19700848701177165,1.731404336169362e-05,0.5699887560811788,0.059321912995073944,,0.00431833800394088,0.0011247990187257528,0.031855998968239874,0.019014582969248295,0.006312254001386464,9.35564281283287e-05,9.355642812832872e-05,0.9999999999999997,0.9999999956235968
traffic-gray_tsvdmii_0.0001_hosvd_021_64_run1,True,traffic-gray,tsvdmii,0.0001,hosvd,021,64,run1,tsvdmii,hosvd,None,0.0001,traffic-gray,data/traffic.bin,"(0, 2, 1)","(120, 120, 160)",0.18141716002719477,3.7743011489510536e-05,0.5123896438580627,0.06082876602886245,,0.003977640997618437,0.0019024190260097384,0.04432396497577429,0.021611360018141568,0.007269429974257946,9.961360224993063e-05,9.961360224993067e-05,0.9999999999999996,0.999999995038565
traffic-gray_tsvdmii_0.0001_hosvd_120_64_run1,True,traffic-gray,tsvdmii,0.0001,hosvd,120,64,run1,tsvdmii,hosvd,None,0.0001,traffic-gray,data/traffic.bin,"(1, 2, 0)","(160, 120, 120)",0.21010828000726178,3.589899279177189e-05,0.57050433177204,0.06351393403019756,,0.0051634080009534955,0.0009487899951636791,0.03460202401038259,0.01963935699313879,0.006481460994109511,9.753271744608815e-05,9.753271744608818e-05,0.9999999999999998,0.9999999952436833
traffic-gray_tsvdmii_0.001_dct_012_64_run1,True,traffic-gray,tsvdmii,0.001,dct,012,64,run1,tsvdmii,dct,None,0.001,traffic-gray,data/traffic.bin,"(0, 1, 2)","(120, 160, 120)",0.0005086010205559433,8.205999620258808e-06,0.6003286173837866,0.05907052801921964,,0.005272748996503651,0.0008816110203042626,0.03760095004690811,0.022757711994927377,0.010961550986394286,0.0009981937798342355,0.000998193779834236,0.9999999999999997,0.9999995018044652
traffic-gray_tsvdmii_0.001_dct_021_64_run1,True,traffic-gray,tsvdmii,0.001,dct,021,64,run1,tsvdmii,dct,None,0.001,traffic-gray,data/traffic.bin,"(0, 2, 1)","(120, 120, 160)",0.000573705998249352,8.767994586378336e-06,0.5773744398540727,0.05761576001532376,,0.004902674991171807,0.0016112779849208891,0.046049583004787564,0.030954821035265923,0.011078776966314763,0.0009991855483271169,0.0009991855483271173,0.9999999999999996,0.9999995008139949
traffic-gray_tsvdmii_0.001_dct_120_64_run1,True,traffic-gray,tsvdmii,0.001,dct,120,64,run1,tsvdmii,dct,None,0.001,traffic-gray,data/traffic.bin,"(1, 2, 0)","(160, 120, 120)",0.000659011013340205,1.1091993656009436e-05,0.6179746952236779,0.062294671952258795,,0.004858641012106091,0.000931065995246172,0.03556291700806469,0.022329896048177034,0.010427490982692689,0.0009989015772187307,0.0009989015772187309,0.9999999999999998,0.9999995010976949
traffic-gray_tsvdmii_0.001_eye_012_64_run1,True,traffic-gray,tsvdmii,0.001,eye,012,64,run1,tsvdmii,eye,None,0.001,traffic-gray,data/traffic.bin,"(0, 1, 2)","(120, 160, 120)",2.5249901227653027e-06,4.229199839755893e-05,0.5939791550440277,,,0.059079764992929995,0.000895045988727361,0.03546999004902318,0.02315134200034663,,0.0009980330384258534,0.0009980330384258538,0.9999999999999997,0.9999995019649026
traffic-gray_tsvdmii_0.001_eye_021_64_run1,True,traffic-gray,tsvdmii,0.001,eye,021,64,run1,tsvdmii,eye,None,0.001,traffic-gray,data/traffic.bin,"(0, 2, 1)","(120, 120, 160)",3.2460084185004234e-06,4.548800643533468e-05,0.6506612655756983,,,0.06143192097079009,0.0016094240127131343,0.0442095739999786,0.025092434021644294,,0.0009993067108447309,0.0009993067108447313,0.9999999999999996,0.9999995006929239
traffic-gray_tsvdmii_0.001_eye_120_64_run1,True,traffic-gray,tsvdmii,0.001,eye,120,64,run1,tsvdmii,eye,None,0.001,traffic-gray,data/traffic.bin,"(1, 2, 0)","(160, 120, 120)",2.6649795472621918e-06,4.121899837628007e-05,0.6586302720080134,,,0.06007693603169173,0.0009835679666139185,0.03867702296702191,0.023032931960187852,,0.0009990784867639183,0.0009990784867639185,0.9999999999999998,0.9999995009209637
traffic-gray_tsvdmii_0.001_hosvd_012_64_run1,True,traffic-gray,tsvdmii,0.001,hosvd,012,64,run1,tsvdmii,hosvd,None,0.001,traffic-gray,data/traffic.bin,"(0, 1, 2)","(120, 160, 120)",0.17598390695638955,2.095097443088889e-05,0.5878047355529256,0.06099934800295159,,0.003993371967226267,0.0011069639585912228,0.031276413006708026,0.019144974008668214,0.005836365977302194,0.0009977840706516497,0.0009977840706516502,0.9999999999999997,0.9999995022133498
traffic-gray_tsvdmii_0.001_hosvd_021_64_run1,True,traffic-gray,tsvdmii,0.001,hosvd,021,64,run1,tsvdmii,hosvd,None,0.001,traffic-gray,data/traffic.bin,"(0, 2, 1)","(120, 120, 160)",0.18649164598900825,1.920695649459958e-05,0.5647546062797575,0.07017229800112545,,0.004376661032438278,0.0017993900110013783,0.04086974397068843,0.021752772969193757,0.0073786110151559114,0.0009991345216076417,0.000999134521607642,0.9999999999999996,0.9999995008649792
traffic-gray_tsvdmii_0.001_hosvd_120_64_run1,True,traffic-gray,tsvdmii,0.001,hosvd,120,64,run1,tsvdmii,hosvd,None,0.001,traffic-gray,data/traffic.bin,"(1, 2, 0)","(160, 120, 120)",0.18516591499792412,1.5839992556720972e-05,0.6145471635607673,0.061850546044297516,,0.004100116959307343,0.001009987958241254,0.031043201044667512,0.018081051006447524,0.006659634003881365,0.0009985503158908603,0.0009985503158908605,0.9999999999999998,0.9999995014485079
traffic-gray_tsvdmii_0.01_dct_012_64_run1,True,traffic-gray,tsvdmii,0.01,dct,012,64,run1,tsvdmii,dct,None,0.01,traffic-gray,data/traffic.bin,"(0, 1, 2)","(120, 160, 120)",0.0004943839740008116,7.485039532184601e-06,0.999425677258381,0.060644773999229074,,0.004678373981732875,0.0008799470379017293,0.030670042033307254,0.022349053993821144,0.004878308973275125,0.009997175090972948,0.009997175090972952,0.9999999999999997,0.99995002699645
traffic-gray_tsvdmii_0.01_dct_021_64_run1,True,traffic-gray,tsvdmii,0.01,dct,021,64,run1,tsvdmii,dct,None,0.01,traffic-gray,data/traffic.bin,"(0, 2, 1)","(120, 120, 160)",0.0005717030144296587,8.75699333846569e-06,0.948899848645532,0.06094159500207752,,0.004024370980914682,0.0015650679706595838,0.0327422579866834,0.03523671900620684,0.00932014500722289,0.009995463313318775,0.00999546331331878,0.9999999999999996,0.9999500441087799
traffic-gray_tsvdmii_0.01_dct_120_64_run1,True,traffic-gray,tsvdmii,0.01,dct,120,64,run1,tsvdmii,dct,None,0.01,traffic-gray,data/traffic.bin,"(1, 2, 0)","(160, 120, 120)",0.0005375660257413983,9.629002306610346e-06,1.1533673169542493,0.06021259800763801,,0.004361812956631184,0.0009307949803769588,0.019663824001327157,0.02371461602160707,0.005688100995030254,0.009994963352646555,0.009994963352646557,0.9999999999999998,0.9999500491062437
traffic-gray_tsvdmii_0.01_eye_012_64_run1,True,traffic-gray,tsvdmii,0.01,eye,012,64,run1,tsvdmii,eye,None,0.01,traffic-gray,data/traffic.bin,"(0, 1, 2)","(120, 160, 120)",2.042972482740879e-06,3.556901356205344e-05,0.8141483721802957,,,0.06536737299757078,0.0008948660106398165,0.02587873104494065,0.01764252595603466,,0.00999505852056049,0.009995058520560493,0.9999999999999997,0.9999500481549914
traffic-gray_tsvdmii_0.01_eye_021_64_run1,True,traffic-gray,tsvdmii,0.01,eye,021,64,run1,tsvdmii,eye,None,0.01,traffic-gray,data/traffic.bin,"(0, 2, 1)","(120, 120, 160)",2.604967448860407e-06,3.9326027035713196e-05,2.123065950500496,,,0.05181393097154796,0.0013928569969721138,0.01992987800622359,0.016581830976065248,,0.00999214567156993,0.009992145671569936,0.9999999999999996,0.999950077266299
traffic-gray_tsvdmii_0.01_eye_120_64_run1,True,traffic-gray,tsvdmii,0.01,eye,120,64,run1,tsvdmii,eye,None,0.01,traffic-gray,data/traffic.bin,"(1, 2, 0)","(160, 120, 120)",2.435001078993082e-06,3.8073048926889896e-05,1.8672940688289132,,,0.05968978797318414,0.0010150470188818872,0.011549614951945841,0.018844152975361794,,0.009988857373376351,0.009988857373376353,0.9999999999999998,0.9999501101196865
traffic-gray_tsvdmii_0.01_hosvd_012_64_run1,True,traffic-gray,tsvdmii,0.01,hosvd,012,64,run1,tsvdmii,hosvd,None,0.01,traffic-gray,data/traffic.bin,"(0, 1, 2)","(120, 160, 120)",0.1874899149988778,2.483802381902933e-05,0.8009463960367059,0.06439775601029396,,0.0037267570151016116,0.001119808992370963,0.026049800973851234,0.016040821035858244,0.006984398001804948,0.009996221327215301,0.009996221327215305,0.9999999999999997,0.9999500365314141
traffic-gray_tsvdmii_0.01_hosvd_021_64_run1,True,traffic-gray,tsvdmii,0.01,hosvd,021,64,run1,tsvdmii,hosvd,None,0.01,traffic-gray,data/traffic.bin,"(0, 2, 1)","(120, 120, 160)",0.1801722589880228,1.6742036677896976e-05,0.8280067534300827,0.062085339974146336,,0.004549823992419988,0.001726510003209114,0.029301712987944484,0.018057616951409727,0.006204136006999761,0.009995819519322735,0.00999581951932274,0.9999999999999996,0.9999500405480949
traffic-gray_tsvdmii_0.01_hosvd_120_64_run1,True,traffic-gray,tsvdmii,0.01,hosvd,120,64,run1,tsvdmii,hosvd,None,0.01,traffic-gray,data/traffic.bin,"(1, 2, 0)","(160, 120, 120)",0.17627785401418805,2.579001011326909e-05,1.0592027200914298,0.06347147200722247,,0.00421651202486828,0.0009803999564610422,0.019512291997671127,0.016764361993409693,0.003548093023709953,0.009994792562062885,0.009994792562062886,0.9999999999999998,0.9999500508133589
traffic-gray_tsvdmii_0.025_dct_012_64_run1,True,traffic-gray,tsvdmii,0.025,dct,012,64,run1,tsvdmii,dct,None,0.025,traffic-gray,data/traffic.bin,"(0, 1, 2)","(120, 160, 120)",0.0006265590200200677,8.336035534739494e-06,1.806806579159929,0.06113568501314148,,0.0038683689781464636,0.0008776619797572494,0.02440437802579254,0.01908418902894482,0.005320770025718957,0.024991912951097577,0.024991912951097584,0.9999999999999997,0.9996876533633117
traffic-gray_tsvdmii_0.025_dct_021_64_run1,True,traffic-gray,tsvdmii,0.025,dct,021,64,run1,tsvdmii,dct,None,0.025,traffic-gray,data/traffic.bin,"(0, 2, 1)","(120, 120, 160)",0.0005692180129699409,8.406001143157482e-06,1.7026119278902465,0.058205757988616824,,0.005232991999946535,0.001598313043359667,0.03553853096673265,0.02000610501272604,0.005533221003133804,0.024993465947668877,0.024993465947668887,0.9999999999999996,0.9996876145376221
traffic-gray_tsvdmii_0.025_dct_120_64_run1,True,traffic-gray,tsvdmii,0.025,dct,120,64,run1,tsvdmii,dct,None,0.025,traffic-gray,data/traffic.bin,"(1, 2, 0)","(160, 120, 120)",0.0005021480028517544,8.727016393095255e-06,2.185311368930639,0.05745051003759727,,0.004908055008854717,0.0009093540138565004,0.014729778049513698,0.013896501972340047,0.0030303450184874237,0.02499195106187725,0.02499195106187726,0.9999999999999998,0.9996876524105518
traffic-gray_tsvdmii_0.025_eye_012_64_run1,True,traffic-gray,tsvdmii,0.025,eye,012,64,run1,tsvdmii,eye,None,0.025,traffic-gray,data/traffic.bin,"(0, 1, 2)","(120, 160, 120)",2.735992893576622e-06,3.684096736833453e-05,1.0665047159505407,,,0.05990460101747885,0.0009908610372804105,0.018745908048003912,0.018770755035802722,,0.02498349086045173,0.024983490860451738,0.9999999999999997,0.9996878638777332
traffic-gray_tsvdmii_0.025_eye_021_64_run1,True,traffic-gray,tsvdmii,0.025,eye,021,64,run1,tsvdmii,eye,None,0.025,traffic-gray,data/traffic.bin,"(0, 2, 1)","(120, 120, 160)",2.835993655025959e-06,3.8593949284404516e-05,3.088906615542402,,,0.07215296500362456,0.001454925979487598,0.014764595020096749,0.014828699000645429,,0.024974864504856947,0.024974864504856958,0.9999999999999996,0.9996880794242591
traffic-gray_tsvdmii_0.025_eye_120_64_run1,True,traffic-gray,tsvdmii,0.025,eye,120,64,run1,tsvdmii,eye,None,0.025,traffic-gray,data/traffic.bin,"(1, 2, 0)","(160, 120, 120)",2.7850037440657616e-06,4.3463020119816065e-05,2.8253922316429216,,,0.061287870979867876,0.0008889340097084641,0.009065975027624518,0.020140834036283195,,0.024976074395153848,0.024976074395153855,0.9999999999999998,0.9996880491972516
traffic-gray_tsvdmii_0.025_hosvd_012_64_run1,True,traffic-gray,tsvdmii,0.025,hosvd,012,64,run1,tsvdmii,hosvd,None,0.025,traffic-gray,data/traffic.bin,"(0, 1, 2)","(120, 160, 120)",0.19757373305037618,2.3995991796255112e-05,1.1324983779320108,0.06595064897555858,,0.004291344026569277,0.0012743679690174758,0.021371851034928113,0.015634788025636226,0.005610679043456912,0.024991637152213884,0.02499163715221389,0.9999999999999997,0.9996876602581682
traffic-gray_tsvdmii_0.025_hosvd_021_64_run1,True,traffic-gray,tsvdmii,0.025,hosvd,021,64,run1,tsvdmii,hosvd,None,0.025,traffic-gray,data/traffic.bin,"(0, 2, 1)","(120, 120, 160)",0.18588216399075463,1.3526005204766989e-05,1.2701163777207034,0.05772481899475679,,0.004556868050713092,0.0018977599684149027,0.020493093004915863,0.018045972974505275,0.003683594986796379,0.02499203221960232,0.02499203221960233,0.9999999999999996,0.9996876503816249
traffic-gray_tsvdmii_0.025_hosvd_120_64_run1,True,traffic-gray,tsvdmii,0.025,hosvd,120,64,run1,tsvdmii,hosvd,None,0.025,traffic-gray,data/traffic.bin,"(1, 2, 0)","(160, 120, 120)",0.19140934600727633,2.3626023903489113e-05,1.7382421573516553,0.06106402003206313,,0.0042450160253793,0.0010093770106323063,0.012009290978312492,0.01398216700181365,0.0030187119846232235,0.0249866124527482,0.024986612452748205,0.9999999999999998,0.9996877858602323
traffic-gray_tsvdmii_0.050_dct_012_64_run1,True,traffic-gray,tsvdmii,0.050,dct,012,64,run1,tsvdmii,dct,None,0.05,traffic-gray,data/traffic.bin,"(0, 1, 2)","(120, 160, 120)",0.0005268660024739802,8.777016773819923e-06,4.441651276396402,0.06341079203411937,,0.004379715013783425,0.0008875309722498059,0.01504590199328959,0.013067668012809008,0.012503709993325174,0.04997728136066699,0.049977281360667,0.9999999999999997,0.99875035486742
traffic-gray_tsvdmii_0.050_dct_021_64_run1,True,traffic-gray,tsvdmii,0.050,dct,021,64,run1,tsvdmii,dct,None,0.05,traffic-gray,data/traffic.bin,"(0, 2, 1)","(120, 120, 160)",0.0005736870225518942,8.45699105411768e-06,4.6408572694678325,0.05916899401927367,,0.005005674029234797,0.0015864389715716243,0.02088697301223874,0.02052969398209825,0.005750250013079494,0.04998577189421278,0.0499857718942128,0.9999999999999996,0.9987499299665248
traffic-gray_tsvdmii_0.050_dct_120_64_run1,True,traffic-gray,tsvdmii,0.050,dct,120,64,run1,tsvdmii,dct,None,0.05,traffic-gray,data/traffic.bin,"(1, 2, 0)","(160, 120, 120)",0.0005065560108050704,8.96799610927701e-06,5.865013058818139,0.06918987102108076,,0.004498757014516741,0.0009101250325329602,0.010691750037949532,0.01185293000889942,0.004108082037419081,0.04997050623325598,0.049970506233255996,0.9999999999999998,0.9987506938704938
traffic-gray_tsvdmii_0.050_eye_012_64_run1,True,traffic-gray,tsvdmii,0.050,eye,012,64,run1,tsvdmii,eye,None,0.05,traffic-gray,data/traffic.bin,"(0, 1, 2)","(120, 160, 120)",3.4159747883677483e-06,5.1148002967238426e-05,1.526300866758704,,,0.061796740046702325,0.0009474870166741312,0.019267341995146126,0.01577731198631227,,0.049984364599830584,0.0499843645998306,0.9999999999999997,0.998750000398273
traffic-gray_tsvdmii_0.050_eye_021_64_run1,True,traffic-gray,tsvdmii,0.050,eye,021,64,run1,tsvdmii,eye,None,0.05,traffic-gray,data/traffic.bin,"(0, 2, 1)","(120, 120, 160)",2.7859932743012905e-06,3.61890415661037e-05,5.137112291834355,,,0.05889350303914398,0.001429898024071008,0.010772385983727872,0.022731540026143193,,0.04995920894723017,0.04995920894723019,0.9999999999999996,0.9987512590436951
traffic-gray_tsvdmii_0.050_eye_120_64_run1,True,traffic-gray,tsvdmii,0.050,eye,120,64,run1,tsvdmii,eye,None,0.05,traffic-gray,data/traffic.bin,"(1, 2, 0)","(160, 120, 120)",2.7149799279868603e-06,3.9526959881186485e-05,5.283046556847782,,,0.05980940000154078,0.0009122689953073859,0.00663442601216957,0.015153284999541938,,0.049961878400319445,0.04996187840031946,0.9999999999999998,0.998751125509609
traffic-gray_tsvdmii_0.050_hosvd_012_64_run1,True,traffic-gray,tsvdmii,0.050,hosvd,012,64,run1,tsvdmii,hosvd,None,0.05,traffic-gray,data/traffic.bin,"(0, 1, 2)","(120, 160, 120)",0.18874225299805403,4.2711966671049595e-05,1.7980895298745083,0.060209610033780336,,0.0043640140211209655,0.0011117940302938223,0.017332380986772478,0.014693332952447236,0.0036357910139486194,0.04997708870661543,0.04997708870661544,0.9999999999999997,0.9987503645077733
traffic-gray_tsvdmii_0.050_hosvd_021_64_run1,True,traffic-gray,tsvdmii,0.050,hosvd,021,64,run1,tsvdmii,hosvd,None,0.05,traffic-gray,data/traffic.bin,"(0, 2, 1)","(120, 120, 160)",0.18172065797261894,1.772399991750717e-05,2.4215212702896998,0.061006737989373505,,0.004260686982888728,0.0018926199991255999,0.013081047974992543,0.01610375801101327,0.004340641025919467,0.04998192968139546,0.04998192968139548,0.9999999999999996,0.9987501222554738
traffic-gray_tsvdmii_0.050_hosvd_120_64_run1,True,traffic-gray,tsvdmii,0.050,hosvd,120,64,run1,tsvdmii,hosvd,None,0.05,traffic-gray,data/traffic.bin,"(1, 2, 0)","(160, 120, 120)",0.17821311700390652,1.9086990505456924e-05,3.619994815111593,0.0736360169830732,,0.004423360980581492,0.0010537519701756537,0.008791484986431897,0.016116242040880024,0.003003603022079915,0.04998345840796614,0.049983458407966155,0.9999999999999998,0.998750045749975
traffic-gray_tsvdmii_0.1_dct_012_64_run1,True,traffic-gray,tsvdmii,0.1,dct,012,64,run1,tsvdmii,dct,None,0.1,traffic-gray,data/traffic.bin,"(0, 1, 2)","(120, 160, 120)",0.0005344700184650719,8.817005436867476e-06,24.696651374179993,0.0580119609949179,,0.00529423903208226,0.0009679570212028921,0.018977833969984204,0.013767928001470864,0.005561503989156336,0.09984949882013239,0.09984949882013242,0.9999999999999997,0.9950025515471651
traffic-gray_tsvdmii_0.1_dct_021_64_run1,True,traffic-gray,tsvdmii,0.1,dct,021,64,run1,tsvdmii,dct,None,0.1,traffic-gray,data/traffic.bin,"(0, 2, 1)","(120, 120, 160)",0.0005723540089093149,8.306989911943674e-06,33.08015908340393,0.06358966900734231,,0.0042904739966616035,0.0017172119696624577,0.008477038994897157,0.010511662985663861,0.004316965001635253,0.0998132473670491,0.09981324736704913,0.9999999999999996,0.9950061887496193
traffic-gray_tsvdmii_0.1_dct_120_64_run1,True,traffic-gray,tsvdmii,0.1,dct,120,64,run1,tsvdmii,dct,None,0.1,traffic-gray,data/traffic.bin,"(1, 2, 0)","(160, 120, 120)",0.0006343229906633496,1.1181982699781656e-05,39.04422979156075,0.053028000984340906,,0.005550575966481119,0.000908721995074302,0.005818441975861788,0.007312764006201178,0.013213853992056102,0.09969219338324789,0.09969219338324792,0.9999999999999998,0.9950183247450457
traffic-gray_tsvdmii_0.1_eye_012_64_run1,True,traffic-gray,tsvdmii,0.1,eye,012,64,run1,tsvdmii,eye,None,0.1,traffic-gray,data/traffic.bin,"(0, 1, 2)","(120, 160, 120)",2.6249908842146397e-06,3.92149668186903e-05,3.499482823827468,,,0.06263776199193671,0.000903191976249218,0.008824224991258234,0.01610601699212566,,0.09997240154792873,0.09997240154792876,0.9999999999999997,0.9949902104687961
traffic-gray_tsvdmii_0.1_eye_021_64_run1,True,traffic-gray,tsvdmii,0.1,eye,021,64,run1,tsvdmii,eye,None,0.1,traffic-gray,data/traffic.bin,"(0, 2, 1)","(120, 120, 160)",3.367022145539522e-06,4.581798566505313e-05,14.96113611127345,,,0.05597693799063563,0.0014431430026888847,0.006788321945350617,0.012214156042318791,,0.0999161435304606,0.09991614353046065,0.9999999999999996,0.9949958614295838
traffic-gray_tsvdmii_0.1_eye_120_64_run1,True,traffic-gray,tsvdmii,0.1,eye,120,64,run1,tsvdmii,eye,None,0.1,traffic-gray,data/traffic.bin,"(1, 2, 0)","(160, 120, 120)",2.4440232664346695e-06,3.493699477985501e-05,20.54959462713724,,,0.05156428797636181,0.0008524340228177607,0.0037446519709192216,0.01578828995116055,,0.09985117341961723,0.09985117341961726,0.9999999999999998,0.995002383498012
traffic-gray_tsvdmii_0.1_hosvd_012_64_run1,True,traffic-gray,tsvdmii,0.1,hosvd,012,64,run1,tsvdmii,hosvd,None,0.1,traffic-gray,data/traffic.bin,"(0, 1, 2)","(120, 160, 120)",0.18537640298018232,1.484900712966919e-05,4.359004920907899,0.05869097099639475,,0.003753588011022657,0.0011086570448242128,0.011937929957639426,0.012299216003157198,0.003908396000042558,0.09994546816267653,0.09994546816267656,0.9999999999999997,0.9949929162530468
traffic-gray_tsvdmii_0.1_hosvd_021_64_run1,True,traffic-gray,tsvdmii,0.1,hosvd,021,64,run1,tsvdmii,hosvd,None,0.1,traffic-gray,data/traffic.bin,"(0, 2, 1)","(120, 120, 160)",0.20366622396977618,1.6372010577470064e-05,10.02113833868316,0.06335481599671766,,0.00453299202490598,0.0019150630105286837,0.0062982370145618916,0.015249651041813195,0.003996697021648288,0.09994465758870401,0.09994465758870405,0.9999999999999996,0.9949929976735898
traffic-gray_tsvdmii_0.1_hosvd_120_64_run1,True,traffic-gray,tsvdmii,0.1,hosvd,120,64,run1,tsvdmii,hosvd,None,0.1,traffic-gray,data/traffic.bin,"(1, 2, 0)","(160, 120, 120)",0.18302010704064742,1.9216968212276697e-05,16.905748981912904,0.05838841001968831,,0.004193648986984044,0.0009417760302312672,0.004450874053873122,0.012214136018883437,0.004330662020947784,0.09990981138858253,0.09990981138858256,0.9999999999999998,0.9949964972743849
traffic-gray_tsvdmii_0.25_dct_012_64_run1,True,traffic-gray,tsvdmii,0.25,dct,012,64,run1,tsvdmii,dct,None,0.25,traffic-gray,data/traffic.bin,"(0, 1, 2)","(120, 160, 120)",0.000503571005538106,8.306989911943674e-06,4099.644128113879,0.05904981296043843,,0.005362008989322931,0.0009018179844133556,0.0015449190395884216,0.004912052012514323,0.004851325007621199,0.23316893590425686,0.23316893590425694,0.9999999999999997,0.9724362433235803
traffic-gray_tsvdmii_0.25_dct_021_64_run1,True,traffic-gray,tsvdmii,0.25,dct,021,64,run1,tsvdmii,dct,None,0.25,traffic-gray,data/traffic.bin,"(0, 2, 1)","(120, 120, 160)",0.0008426349959336221,1.1561962310224771e-05,2390.0414937759338,0.060438272019382566,,0.004984593018889427,0.0015141000039875507,0.002826912037562579,0.005825344996992499,0.004165704012848437,0.22419895059985825,0.22419895059985837,0.9999999999999996,0.9745433959295611
traffic-gray_tsvdmii_0.25_dct_120_64_run1,True,traffic-gray,tsvdmii,0.25,dct,120,64,run1,tsvdmii,dct,None,0.25,traffic-gray,data/traffic.bin,"(1, 2, 0)","(160, 120, 120)",0.0005939650000073016,9.959971066564322e-06,2733.0960854092527,0.06469356903107837,,0.005115825973916799,0.000940483994781971,0.002251892990898341,0.004867566982284188,0.00340388499898836,0.22414940339803074,0.2241494033980308,0.9999999999999998,0.9745547932037001
traffic-gray_tsvdmii_0.25_eye_012_64_run1,True,traffic-gray,tsvdmii,0.25,eye,012,64,run1,tsvdmii,eye,None,0.25,traffic-gray,data/traffic.bin,"(0, 1, 2)","(120, 160, 120)",2.3450120352208614e-06,3.7101039197295904e-05,68.90158198510721,,,0.05464151798514649,0.0009525769855827093,0.0035089279990643263,0.006698479002807289,,0.2347572260699317,0.2347572260699318,0.9999999999999997,0.9720540338931528
traffic-gray_tsvdmii_0.25_eye_021_64_run1,True,traffic-gray,tsvdmii,0.25,eye,021,64,run1,tsvdmii,eye,None,0.25,traffic-gray,data/traffic.bin,"(0, 2, 1)","(120, 120, 160)",2.1840096451342106e-06,3.82839934900403e-05,65.93217913864645,,,0.06039101199712604,0.0016645800205878913,0.003235619980841875,0.006816356035415083,,0.24055069659062686,0.24055069659062697,0.9999999999999996,0.9706365758458538
traffic-gray_tsvdmii_0.25_eye_120_64_run1,True,traffic-gray,tsvdmii,0.25,eye,120,64,run1,tsvdmii,eye,None,0.25,traffic-gray,data/traffic.bin,"(1, 2, 0)","(160, 120, 120)",2.3139873519539833e-06,3.6349985748529434e-05,71.92358119498033,,,0.06166140199638903,0.004610672011040151,0.004870412987656891,0.004642724001314491,,0.23716987585519253,0.23716987585519259,0.9999999999999998,0.971468192987723
traffic-gray_tsvdmii_0.25_hosvd_012_64_run1,True,traffic-gray,tsvdmii,0.25,hosvd,012,64,run1,tsvdmii,hosvd,None,0.25,traffic-gray,data/traffic.bin,"(0, 1, 2)","(120, 160, 120)",0.19670203397981822,2.2132007870823145e-05,90.10206874975559,0.05999211804009974,,0.004484718956518918,0.0010921970242634416,0.0030720250215381384,0.005354396998882294,0.003232916002161801,0.24587296034951822,0.2458729603495183,0.9999999999999997,0.9693020619853047
traffic-gray_tsvdmii_0.25_hosvd_021_64_run1,True,traffic-gray,tsvdmii,0.25,hosvd,021,64,run1,tsvdmii,hosvd,None,0.25,traffic-gray,data/traffic.bin,"(0, 2, 1)","(120, 120, 160)",0.18545088300015777,3.076903522014618e-05,93.72711740297778,0.059862851980142295,,0.004809474979992956,0.0019450520048849285,0.003430567041505128,0.00631508999504149,0.004197796049993485,0.24598022054539198,0.2459802205453921,0.9999999999999996,0.9692748480696479
traffic-gray_tsvdmii_0.25_hosvd_120_64_run1,True,traffic-gray,tsvdmii,0.25,hosvd,120,64,run1,tsvdmii,hosvd,None,0.25,traffic-gray,data/traffic.bin,"(1, 2, 0)","(160, 120, 120)",0.1784588409936987,3.182096406817436e-05,106.48426306789297,0.062338988995179534,,0.00459243799559772,0.0010421000188216567,0.003121640009339899,0.007830140995793045,0.003246581007260829,0.24599813682436103,0.24599813682436109,0.9999999999999998,0.9692703011435675
traffic-gray_tsvdmii_0.5_dct_012_64_run1,True,traffic-gray,tsvdmii,0.5,dct,012,64,run1,tsvdmii,dct,None,0.5,traffic-gray,data/traffic.bin,"(0, 1, 2)","(120, 160, 120)",0.0006617159815505147,1.1863012332469225e-05,4099.644128113879,0.059666465036571026,,0.004916192032396793,0.000908982998225838,0.001662717026192695,0.011119575996417552,0.005428750009741634,0.23316893590425686,0.23316893590425694,0.9999999999999997,0.9724362433235803
traffic-gray_tsvdmii_0.5_dct_021_64_run1,True,traffic-gray,tsvdmii,0.5,dct,021,64,run1,tsvdmii,dct,None,0.5,traffic-gray,data/traffic.bin,"(0, 2, 1)","(120, 120, 160)",0.00057740299962461,7.774971891194582e-06,4780.0829875518675,0.07424730499042198,,0.004893838020507246,0.0016092839650809765,0.0018974199774675071,0.005903775978367776,0.004214027023408562,0.2652901825457437,0.2652901825457438,0.9999999999999996,0.9641686154635222
traffic-gray_tsvdmii_0.5_dct_120_64_run1,True,traffic-gray,tsvdmii,0.5,dct,120,64,run1,tsvdmii,dct,None,0.5,traffic-gray,data/traffic.bin,"(1, 2, 0)","(160, 120, 120)",0.0005338090122677386,8.887029252946377e-06,4099.644128113879,0.05902378499740735,,0.004429333028383553,0.0009034920367412269,0.0022911689593456686,0.004863719979766756,0.003577388997655362,0.23046307333939328,0.23046307333939334,0.9999999999999998,0.9730810715592828
traffic-gray_tsvdmii_0.5_eye_012_64_run1,True,traffic-gray,tsvdmii,0.5,eye,012,64,run1,tsvdmii,eye,None,0.5,traffic-gray,data/traffic.bin,"(0, 1, 2)","(120, 160, 120)",2.3050233721733093e-06,3.391597419977188e-05,89.12269843725824,,,0.05350821802858263,0.000981473014689982,0.003515149001032114,0.006323866953607649,,0.4858328534637524,0.48583285346375255,0.9999999999999997,0.8740517367383168
traffic-gray_tsvdmii_0.5_eye_021_64_run1,True,traffic-gray,tsvdmii,0.5,eye,021,64,run1,tsvdmii,eye,None,0.5,traffic-gray,data/traffic.bin,"(0, 2, 1)","(120, 120, 160)",3.1959498301148415e-06,4.61290474049747e-05,89.34734556171715,,,0.05850803997600451,0.0013886780361644924,0.004922713036648929,0.004016788036096841,,0.489772472204871,0.48977247220487125,0.9999999999999996,0.8718502884499886
traffic-gray_tsvdmii_0.5_eye_120_64_run1,True,traffic-gray,tsvdmii,0.5,eye,120,64,run1,tsvdmii,eye,None,0.5,traffic-gray,data/traffic.bin,"(1, 2, 0)","(160, 120, 120)",3.9869919419288635e-06,5.087797762826085e-05,96.46221477915009,,,0.06091086397645995,0.0009501730091869831,0.00305846898118034,0.0048344440292567015,,0.4882564969650998,0.48825649696509993,0.9999999999999998,0.8727001736973407
traffic-gray_tsvdmii_0.5_hosvd_012_64_run1,True,traffic-gray,tsvdmii,0.5,hosvd,012,64,run1,tsvdmii,hosvd,None,0.5,traffic-gray,data/traffic.bin,"(0, 1, 2)","(120, 160, 120)",0.18361663102405146,5.44849899597466e-05,204.98220640569394,0.060124709038063884,,0.004364407970570028,0.0011723809875547886,0.002956801967229694,0.0051524379523471,0.0036666320520453155,0.4919085673856685,0.4919085673856687,0.9999999999999997,0.8706468637355664
traffic-gray_tsvdmii_0.5_hosvd_021_64_run1,True,traffic-gray,tsvdmii,0.5,hosvd,021,64,run1,tsvdmii,hosvd,None,0.5,traffic-gray,data/traffic.bin,"(0, 2, 1)","(120, 120, 160)",0.17911407200153917,2.4177017621695995e-05,212.448132780083,0.05998152098618448,,0.004315231984946877,0.00182717404095456,0.002394046983681619,0.0060177259729243815,0.004133581998758018,0.48576647224692315,0.4857664722469234,0.9999999999999996,0.8740886307696586
traffic-gray_tsvdmii_0.5_hosvd_120_64_run1,True,traffic-gray,tsvdmii,0.5,hosvd,120,64,run1,tsvdmii,hosvd,None,0.5,traffic-gray,data/traffic.bin,"(1, 2, 0)","(160, 120, 120)",0.1970940509927459,2.1902029402554035e-05,221.6023853034529,0.06308502802858129,,0.004105296975467354,0.0009505230118520558,0.002696631010621786,0.005012537003494799,0.0038472599699161947,0.486394845767089,0.48639484576708913,0.9999999999999998,0.8737391223993634
xray_tsvdmi_100_dct_012_64_run1,True,xray,tsvdmi,100,dct,012,64,run1,tsvdmi,dct,100,None,xray,/global/cfs/cdirs/m4293/xray/z3d_movo.npy,"(0, 1, 2)","(300, 400, 400)",0.0020396970212459564,7.775146514177322e-06,1.7118402282453637,0.09424161398783326,0.29344371403567493,,,,0.013687103986740112,0.03968882584013045,160.7521316656656,0.002230037559652209,72084.94357858981,72084.76433671998
xray_tsvdmi_10_dct_012_64_run1,True,xray,tsvdmi,10,dct,012,64,run1,tsvdmi,dct,10,None,xray,/global/cfs/cdirs/m4293/xray/z3d_movo.npy,"(0, 1, 2)","(300, 400, 400)",0.002019096864387393,8.285045623779297e-06,17.118402282453637,0.09398399107158184,0.1139794320333749,,,,0.011014473158866167,0.03967797686345875,1949.8015690225286,0.02704866609067647,72084.94357858981,72058.56898780135
xray_tsvdmi_150_dct_012_64_run1,True,xray,tsvdmi,150,dct,012,64,run1,tsvdmi,dct,150,None,xray,/global/cfs/cdirs/m4293/xray/z3d_movo.npy,"(0, 1, 2)","(300, 400, 400)",0.0021934339310973883,1.2033851817250252e-05,1.1412268188302426,0.09448659815825522,0.4109262980055064,,,,0.016297745052725077,0.04063677089288831,7.5451673487608115,0.00010467050363346371,72084.94357858981,72084.94318371027
xray_tsvdmi_200_dct_012_64_run1,True,xray,tsvdmi,200,dct,012,64,run1,tsvdmi,dct,200,None,xray,/global/cfs/cdirs/m4293/xray/z3d_movo.npy,"(0, 1, 2)","(300, 400, 400)",0.0020414709579199553,8.527189493179321e-06,0.8559201141226819,0.09431325295008719,0.5366452811285853,,,,0.01997522101737559,0.03913514502346516,0.00040528598775249077,5.622338974443841e-09,72084.94357858981,72084.9435785886
xray_tsvdmi_20_dct_012_64_run1,True,xray,tsvdmi,20,dct,012,64,run1,tsvdmi,dct,20,None,xray,/global/cfs/cdirs/m4293/xray/z3d_movo.npy,"(0, 1, 2)","(300, 400, 400)",0.002163686091080308,1.0269926860928535e-05,8.559201141226819,0.09411773807369173,0.13355601183138788,,,,0.010568599915131927,0.03959640907123685,741.3980211586527,0.010285060712440619,72084.94357858981,72081.13081592512
xray_tsvdmi_250_dct_012_64_run1,True,xray,tsvdmi,250,dct,012,64,run1,tsvdmi,dct,250,None,xray,/global/cfs/cdirs/m4293/xray/z3d_movo.npy,"(0, 1, 2)","(300, 400, 400)",0.002055087126791477,8.606817573308945e-06,0.6847360912981455,0.09488519001752138,0.8270731100346893,,,,0.022880773060023785,0.039365961914882064,1.4109436516301763e-10,1.9573347520094967e-15,72084.94357858981,72084.94357858972
xray_tsvdmi_40_dct_012_64_run1,True,xray,tsvdmi,40,dct,012,64,run1,tsvdmi,dct,40,None,xray,/global/cfs/cdirs/m4293/xray/z3d_movo.npy,"(0, 1, 2)","(300, 400, 400)",0.0020633218809962273,8.465955033898354e-06,4.279600570613409,0.09522761590778828,0.1714080658275634,,,,0.010772073874250054,0.040696848882362247,454.62395773433036,0.006306781071954113,72084.94357858981,72083.50995744689
xray_tsvdmi_5_dct_012_64_run1,True,xray,tsvdmi,5,dct,012,64,run1,tsvdmi,dct,5,None,xray,/global/cfs/cdirs/m4293/xray/z3d_movo.npy,"(0, 1, 2)","(300, 400, 400)",0.002079122932627797,8.196104317903519e-06,34.236804564907274,0.10389621998183429,0.11050776299089193,,,,0.009328261017799377,0.03885077708400786,7051.715506315294,0.09782508185814476,72084.94357858981,71739.19709019807
xray_tsvdmi_80_dct_012_64_run1,True,xray,tsvdmi,80,dct,012,64,run1,tsvdmi,dct,80,None,xray,/global/cfs/cdirs/m4293/xray/z3d_movo.npy,"(0, 1, 2)","(300, 400, 400)",0.002043063985183835,8.196104317903519e-06,2.1398002853067046,0.09388699918054044,0.25485824211500585,,,,0.012671999866142869,0.041510260896757245,239.83205369537453,0.003327075555436903,72084.94357858981,72084.54460780279
xray_tsvdmii_0.0001_dct_012_64_run1,True,xray,tsvdmii,0.0001,dct,012,64,run1,tsvdmii,dct,None,0.0001,xray,/global/cfs/cdirs/m4293/xray/z3d_movo.npy,"(0, 1, 2)","(300, 400, 400)",0.0020551460329443216,8.27619805932045e-06,1.1901002699147412,0.09480226878076792,,0.08985682995989919,0.009797618025913835,0.40033454401418567,0.19932815409265459,0.041967194993048906,7.2044587350123495,9.994401573135406e-05,72084.94357858981,72084.94321856722
xray_tsvdmii_0.001_dct_012_64_run1,True,xray,tsvdmii,0.001,dct,012,64,run1,tsvdmii,dct,None,0.001,xray,/global/cfs/cdirs/m4293/xray/z3d_movo.npy,"(0, 1, 2)","(300, 400, 400)",0.0020492139738053083,8.857110515236855e-06,1.5419205802966707,0.0943732790183276,,0.08939003781415522,0.009841820923611522,0.33137899287976325,0.18241829588077962,0.04198585799895227,72.07835483885113,0.0009999085975598843,72084.94357858981,72084.90754269614
xray_tsvdmii_0.01_dct_012_64_run1,True,xray,tsvdmii,0.01,dct,012,64,run1,tsvdmii,dct,None,0.01,xray,/global/cfs/cdirs/m4293/xray/z3d_movo.npy,"(0, 1, 2)","(300, 400, 400)",0.002011270960792899,7.855938747525215e-06,11.508169601649504,0.09439019206911325,,0.08966109296306968,0.00985463592223823,0.12889392510987818,0.14201959897764027,0.039235707838088274,720.7035337653853,0.009997975970941092,72084.94357858981,72081.34070024439
xray_tsvdmii_0.025_dct_012_64_run1,True,xray,tsvdmii,0.025,dct,012,64,run1,tsvdmii,dct,None,0.025,xray,/global/cfs/cdirs/m4293/xray/z3d_movo.npy,"(0, 1, 2)","(300, 400, 400)",0.0020558678079396486,9.007053449749947e-06,21.925587297411,0.09504413697868586,,0.08928792201913893,0.009812884032726288,0.10487743187695742,0.1299589960835874,0.040735458955168724,1800.0314618831603,0.024970976913101083,72084.94357858981,72062.46580200066
xray_tsvdmii_0.050_dct_012_64_run1,True,xray,tsvdmii,0.050,dct,012,64,run1,tsvdmii,dct,None,0.05,xray,/global/cfs/cdirs/m4293/xray/z3d_movo.npy,"(0, 1, 2)","(300, 400, 400)",0.0020503560081124306,7.885042577981949e-06,30.85786801704126,0.09406887087970972,,0.08943918393924832,0.009866959881037474,0.09730468085035682,0.12226040102541447,0.04110318003222346,3600.989645562111,0.049954809795143586,72084.94357858981,71994.94401901316
xray_tsvdmii_0.1_dct_012_64_run1,True,xray,tsvdmii,0.1,dct,012,64,run1,tsvdmii,dct,None,0.1,xray,/global/cfs/cdirs/m4293/xray/z3d_movo.npy,"(0, 1, 2)","(300, 400, 400)",0.002026050118729472,7.785158231854439e-06,51.17609053050415,0.0936987439636141,,0.09014448896050453,0.009748048847541213,0.09339727996848524,0.11559779103845358,0.039375919150188565,7197.334266281241,0.09984518137874974,72084.94357858981,71724.7340196372
xray_tsvdmii_0.25_dct_012_64_run1,True,xray,tsvdmii,0.25,dct,012,64,run1,tsvdmii,dct,None,0.25,xray,/global/cfs/cdirs/m4293/xray/z3d_movo.npy,"(0, 1, 2)","(300, 400, 400)",0.002069583861157298,7.563969120383263e-06,209.39941629912707,0.09456356801092625,,0.08943332196213305,0.009771885117515922,0.07126371096819639,0.05482647009193897,0.04141906090080738,17990.471493012654,0.24957322014684996,72084.94357858981,69803.8826010945
